Row ID,Order ID,Order Date,Ship Date,Ship Mode,Customer ID,Customer Name,Segment,Country,City,State,Postal Code,Region,Product ID,Category,Sub-Category,Product Name,Sales,Quantity,Discount,Profit
1,US-2017-000001,2017-04-12,2017-04-17,Standard Class,john-1514,John Williams,Consumer,United States,Seattle,Washington,35730,West,OFF-ART-6669,Office Supplies,Art,"Sanford Sketch Book Deluxe, Multicolor",162.63,9,0,73.18
2,US-2016-000002,2016-11-04,2016-11-07,Second Class,steven-1128,Steven Lee,Corporate,United States,Reno,Nevada,89317,West,OFF-ART-3804,Office Supplies,Art,"Prang Sketch Book 200 Series, Multicolor",51.67,3,0.2,16.74
3,US-2017-000003,2017-04-16,2017-04-19,Second Class,mark-1215,Mark Scott,Consumer,United States,Portland,Maine,73472,East,OFF-LABE-5012,Office Supplies,Labels,"Smead Label Classic, Gray",12.83,1,0,5.77
4,US-2016-000004,2016-04-01,2016-04-04,Second Class,nancy-1147,Nancy Jones,Consumer,United States,Kansas City,Missouri,42496,Central,OFF-SUPP-9437,Office Supplies,Supplies,"Fiskars Supply Kit Pro, White",93.08,2,0,13.96
5,US-2016-000004,2016-04-01,2016-04-04,Second Class,nancy-1147,Nancy Jones,Consumer,United States,Kansas City,Missouri,85719,Central,OFF-APPL-5754,Office Supplies,Appliances,"Eldon Appliance, Gray",358.08,2,0.3,3.58
6,US-2016-000004,2016-04-01,2016-04-04,Second Class,nancy-1147,Nancy Jones,Consumer,United States,Kansas City,Missouri,21803,Central,OFF-PAPE-9163,Office Supplies,Paper,"Southworth Copy Paper 200 Series, White",112.14,7,0,47.1
7,US-2017-000005,2017-11-24,2017-11-29,Standard Class,karen-1361,Karen Martinez,Corporate,United States,Seattle,Washington,62506,West,TEC-MACH-2761,Technology,Machines,"Canon Printer, Black",4111.52,7,0,205.58
8,US-2017-000005,2017-11-24,2017-11-29,Standard Class,karen-1361,Karen Martinez,Corporate,United States,Seattle,Washington,46664,West,FUR-CHAI-6939,Furniture,Chairs,"Harbour Creations Chair Deluxe, White",322.53,2,0.2,-10.97
9,US-2016-000006,2016-10-06,2016-10-09,Second Class,jennifer-1099,Jennifer Taylor,Consumer,United States,Columbia,South Carolina,78070,South,OFF-STOR-9341,Office Supplies,Storage,"Iceberg Storage Bin Deluxe, Black",88.95,1,0.3,-8.63
10,US-2016-000007,2016-06-07,2016-06-12,Standard Class,john-1627,John White,Corporate,United States,St. Louis,Missouri,12181,Central,OFF-LABE-9311,Office Supplies,Labels,"Novimex Label Pro, Gray",52.04,4,0,23.42
11,US-2016-000007,2016-06-07,2016-06-12,Standard Class,john-1627,John White,Corporate,United States,St. Louis,Missouri,95930,Central,OFF-STOR-7824,Office Supplies,Storage,"Tennsco Storage Bin 100 Series, Gray",372.64,4,0,74.53
12,US-2016-000008,2016-09-01,2016-09-06,Standard Class,andrew-1644,Andrew Garcia,Corporate,United States,Hartford,Connecticut,36725,East,FUR-CHAI-4125,Furniture,Chairs,"Harbour Creations Chair 100 Series, Black",304.86,1,0,60.97
13,US-2016-000008,2016-09-01,2016-09-06,Standard Class,andrew-1644,Andrew Garcia,Corporate,United States,Hartford,Connecticut,32700,East,TEC-ACCE-2020,Technology,Accessories,"Verbatim Headset Classic, Gray",262.7,2,0,99.83
14,US-2016-000008,2016-09-01,2016-09-06,Standard Class,andrew-1644,Andrew Garcia,Corporate,United States,Hartford,Connecticut,94320,East,TEC-COPI-9950,Technology,Copiers,"Ricoh Copier Pro, Black",2871.49,4,0.2,763.82
15,US-2017-000009,2017-05-24,2017-05-29,Standard Class,ashley-1495,Ashley Scott,Corporate,United States,Boston,Massachusetts,25975,East,OFF-LABE-9011,Office Supplies,Labels,"Smead Label Deluxe, Black",16.3,1,0,7.33
16,US-2017-000010,2017-09-06,2017-09-11,Standard Class,david-1353,David Thompson,Consumer,United States,Savannah,Georgia,80593,South,FUR-FURN-5201,Furniture,Furnishings,"Newell Furnishing Classic, Multicolor",235.6,4,0,89.53
17,US-2017-000010,2017-09-06,2017-09-11,Standard Class,david-1353,David Thompson,Consumer,United States,Savannah,Georgia,39580,South,OFF-FAST-3249,Office Supplies,Fasteners,"Harbour Creations Fastener Eco, Black",21.7,4,0.4,3.52
18,US-2017-000010,2017-09-06,2017-09-11,Standard Class,david-1353,David Thompson,Consumer,United States,Savannah,Georgia,28019,South,OFF-ENVE-7771,Office Supplies,Envelopes,"Ames Envelope 100 Series, Black",26.98,2,0.1,10.2
19,US-2017-000010,2017-09-06,2017-09-11,Standard Class,david-1353,David Thompson,Consumer,United States,Savannah,Georgia,47410,South,FUR-BOOK-7666,Furniture,Bookcases,"Harbour Creations Bookcase 200 Series, Gray",329.22,2,0,46.09
20,US-2017-000011,2017-12-27,2017-12-29,First Class,mary-1507,Mary Walker,Corporate,United States,Virginia Beach,Virginia,76089,South,FUR-TABL-8444,Furniture,Tables,"Bretford Table Eco, Gray",336.17,2,0.5,-270.62
21,US-2016-000012,2016-04-06,2016-04-09,Second Class,daniel-1115,Daniel White,Consumer,United States,Baltimore,Maryland,63149,East,OFF-ART-5833,Office Supplies,Art,"Binney & Smith Sketch Book Pro, Multicolor",31.0,2,0.3,8.09
22,US-2016-000012,2016-04-06,2016-04-09,Second Class,daniel-1115,Daniel White,Consumer,United States,Baltimore,Maryland,72581,East,TEC-ACCE-2421,Technology,Accessories,"Verbatim Headset Pro, Black",27.2,1,0.7,-5.09
23,US-2015-000013,2015-09-19,2015-09-24,Standard Class,linda-1267,Linda Brown,Corporate,United States,Birmingham,Alabama,75867,South,OFF-PAPE-5285,Office Supplies,Paper,"Wausau Copy Paper, Gray",20.5,1,0,8.61
24,US-2015-000014,2015-11-21,2015-11-26,Standard Class,betty-1136,Betty Harris,Home Office,United States,Wichita,Kansas,88095,Central,OFF-STOR-9806,Office Supplies,Storage,"Deflect-O Storage Bin Classic, Gray",385.56,4,0.1,38.94
25,US-2015-000014,2015-11-21,2015-11-26,Standard Class,betty-1136,Betty Harris,Home Office,United States,Wichita,Kansas,81782,Central,FUR-FURN-9653,Furniture,Furnishings,"Sauder Furnishing Classic, Multicolor",350.04,4,0,133.02
26,US-2015-000014,2015-11-21,2015-11-26,Standard Class,betty-1136,Betty Harris,Home Office,United States,Wichita,Kansas,36923,Central,TEC-PHON-3695,Technology,Phones,"Samsung Phone 200 Series, Black",544.14,2,0,185.01
27,US-2015-000014,2015-11-21,2015-11-26,Standard Class,betty-1136,Betty Harris,Home Office,United States,Wichita,Kansas,50393,Central,TEC-MACH-1911,Technology,Machines,"Cubify Printer Classic, Black",1149.36,2,0,57.47
28,US-2016-000015,2016-08-26,2016-08-31,Standard Class,james-1352,James Hall,Corporate,United States,Cheyenne,Wyoming,94086,West,FUR-FURN-5703,Furniture,Furnishings,"Tenex Furnishing, Multicolor",114.27,2,0.2,24.91
29,US-2017-000016,2017-09-18,2017-09-21,Second Class,anthony-1699,Anthony Jackson,Corporate,United States,Boise,Idaho,49108,West,OFF-ART-9664,Office Supplies,Art,"Prang Sketch Book Steel, Multicolor",24.88,1,0.2,8.06
30,US-2014-000017,2014-12-27,2014-12-29,First Class,john-1742,John Wright,Consumer,United States,Columbus,Ohio,16381,Central,FUR-BOOK-2102,Furniture,Bookcases,"Sauder Bookcase Deluxe, Black",178.48,1,0.1,2.5
31,US-2014-000017,2014-12-27,2014-12-29,First Class,john-1742,John Wright,Consumer,United States,Columbus,Ohio,47915,Central,OFF-ENVE-8191,Office Supplies,Envelopes,"Ames Envelope Steel, Black",14.69,1,0,6.61
32,US-2017-000018,2017-12-15,2017-12-20,Standard Class,jennifer-1423,Jennifer Garcia,Consumer,United States,St. Paul,Minnesota,97995,Central,OFF-ART-1768,Office Supplies,Art,"BIC Sketch Book Classic, Multicolor",114.12,11,0.5,15.41
33,US-2017-000018,2017-12-15,2017-12-20,Standard Class,jennifer-1423,Jennifer Garcia,Consumer,United States,St. Paul,Minnesota,39537,Central,OFF-SUPP-7821,Office Supplies,Supplies,"Novimex Supply Kit Pro, Black",49.97,1,0,7.5
34,US-2017-000018,2017-12-15,2017-12-20,Standard Class,jennifer-1423,Jennifer Garcia,Consumer,United States,St. Paul,Minnesota,41832,Central,OFF-LABE-1944,Office Supplies,Labels,"Dax Label Classic, Gray",30.0,2,0,13.5
35,US-2017-000018,2017-12-15,2017-12-20,Standard Class,jennifer-1423,Jennifer Garcia,Consumer,United States,St. Paul,Minnesota,98300,Central,OFF-FAST-2295,Office Supplies,Fasteners,"Advantus Fastener Pro, Gray",8.8,1,0,3.96
36,US-2016-000019,2016-09-28,2016-10-03,Standard Class,christopher-1074,Christopher Moore,Consumer,United States,Boston,Massachusetts,72774,East,OFF-PAPE-4470,Office Supplies,Paper,"Wausau Copy Paper, Gray",3.09,1,0.8,-0.7
37,US-2016-000019,2016-09-28,2016-10-03,Standard Class,christopher-1074,Christopher Moore,Consumer,United States,Boston,Massachusetts,44284,East,OFF-ENVE-7498,Office Supplies,Envelopes,"Southworth Envelope Deluxe, Gray",56.1,5,0,25.24
38,US-2016-000019,2016-09-28,2016-10-03,Standard Class,christopher-1074,Christopher Moore,Consumer,United States,Boston,Massachusetts,51974,East,OFF-STOR-8635,Office Supplies,Storage,"Carina Storage Bin Classic, Black",1351.08,12,0,270.22
39,US-2017-000020,2017-09-27,2017-09-30,Second Class,jennifer-1423,Jennifer Garcia,Consumer,United States,Dallas,Texas,99765,Central,TEC-ACCE-4214,Technology,Accessories,"SanDisk Headset 200 Series, Black",213.46,2,0.1,63.82
40,US-2017-000021,2017-03-02,2017-03-07,Standard Class,anthony-1143,Anthony Taylor,Corporate,United States,Hartford,Connecticut,92668,East,FUR-CHAI-2217,Furniture,Chairs,"Harbour Creations Chair, Gray",993.2,4,0,198.64
41,US-2017-000021,2017-03-02,2017-03-07,Standard Class,anthony-1143,Anthony Taylor,Corporate,United States,Hartford,Connecticut,73335,East,OFF-ENVE-1149,Office Supplies,Envelopes,"Ames Envelope 200 Series, Black",18.08,2,0.5,1.63
42,US-2017-000021,2017-03-02,2017-03-07,Standard Class,anthony-1143,Anthony Taylor,Corporate,United States,Hartford,Connecticut,47577,East,TEC-MACH-9719,Technology,Machines,"Cubify Printer, White",1384.12,2,0,69.21
43,US-2017-000022,2017-09-22,2017-09-27,Standard Class,emily-1098,Emily Hall,Home Office,United States,Fargo,North Dakota,49319,Central,OFF-FAST-7502,Office Supplies,Fasteners,"Staples Fastener Eco, Black",68.13,10,0.1,25.75
44,US-2017-000022,2017-09-22,2017-09-27,Standard Class,emily-1098,Emily Hall,Home Office,United States,Fargo,North Dakota,17356,Central,FUR-FURN-7640,Furniture,Furnishings,"Eldon Furnishing 100 Series, Multicolor",131.27,2,0.1,39.25
45,US-2016-000023,2016-11-16,2016-11-21,Standard Class,steven-1097,Steven Smith,Home Office,United States,Fargo,North Dakota,12053,Central,TEC-MACH-2218,Technology,Machines,"Canon Printer, White",802.47,2,0.3,-284.88
46,US-2016-000023,2016-11-16,2016-11-21,Standard Class,steven-1097,Steven Smith,Home Office,United States,Fargo,North Dakota,61008,Central,OFF-BIND-7525,Office Supplies,Binders,"Samsung Binder 200 Series, White",44.55,2,0.1,9.71
47,US-2016-000023,2016-11-16,2016-11-21,Standard Class,steven-1097,Steven Smith,Home Office,United States,Fargo,North Dakota,90461,Central,OFF-PAPE-2284,Office Supplies,Paper,"Georgia Pacific Copy Paper 200 Series, Gray",11.02,1,0,4.63
48,US-2016-000023,2016-11-16,2016-11-21,Standard Class,steven-1097,Steven Smith,Home Office,United States,Fargo,North Dakota,59208,Central,OFF-SUPP-5478,Office Supplies,Supplies,"Elite Supply Kit, White",47.05,1,0.1,2.82
49,US-2016-000024,2016-12-05,2016-12-08,Second Class,christopher-1633,Christopher Wilson,Consumer,United States,Milwaukee,Wisconsin,45359,Central,OFF-APPL-7383,Office Supplies,Appliances,"GE Appliance 200 Series, Black",208.04,1,0,58.25
50,US-2014-000025,2014-09-21,2014-09-26,Standard Class,sandra-1441,Sandra Jackson,Home Office,United States,Tulsa,Oklahoma,21102,Central,FUR-FURN-7311,Furniture,Furnishings,"Sauder Furnishing Pro, Multicolor",70.43,1,0,26.76
51,US-2017-000026,2017-12-23,2017-12-28,Standard Class,sarah-1533,Sarah Wilson,Home Office,United States,Raleigh,North Carolina,42322,South,OFF-FAST-2036,Office Supplies,Fasteners,"Elite Fastener 200 Series, Black",7.94,1,0,3.57
52,US-2014-000027,2014-11-23,2014-11-25,First Class,john-1405,John Taylor,Home Office,United States,Baltimore,Maryland,51181,East,OFF-PAPE-5922,Office Supplies,Paper,"Georgia Pacific Copy Paper 200 Series, Black",221.22,9,0,92.91
53,US-2017-000028,2017-04-29,2017-05-04,Standard Class,karen-1287,Karen Miller,Consumer,United States,Columbia,South Carolina,19065,South,OFF-ART-8563,Office Supplies,Art,"Prang Sketch Book, Multicolor",152.27,9,0.3,39.74
54,US-2017-000028,2017-04-29,2017-05-04,Standard Class,karen-1287,Karen Miller,Consumer,United States,Columbia,South Carolina,59413,South,TEC-ACCE-5961,Technology,Accessories,"Kensington Headset 200 Series, Black",347.95,3,0.2,75.85
55,US-2017-000029,2017-05-09,2017-05-14,Standard Class,kimberly-1549,Kimberly Jones,Corporate,United States,Burlington,Vermont,78000,East,OFF-STOR-7547,Office Supplies,Storage,"Iceberg Storage Bin, White",512.45,5,0,102.49
56,US-2017-000030,2017-01-10,2017-01-15,Standard Class,betty-1025,Betty Rodriguez,Corporate,United States,Wichita,Kansas,37115,Central,FUR-FURN-6707,Furniture,Furnishings,"Eldon Furnishing 200 Series, Multicolor",74.33,1,0,28.25
57,US-2017-000030,2017-01-10,2017-01-15,Standard Class,betty-1025,Betty Rodriguez,Corporate,United States,Wichita,Kansas,25085,Central,TEC-PHON-8801,Technology,Phones,"Cisco Phone Pro, Black",884.72,4,0,300.8
58,US-2017-000030,2017-01-10,2017-01-15,Standard Class,betty-1025,Betty Rodriguez,Corporate,United States,Wichita,Kansas,53384,Central,FUR-BOOK-3692,Furniture,Bookcases,"Tennsco Bookcase 100 Series, Gray",387.13,2,0.1,5.42
59,US-2017-000030,2017-01-10,2017-01-15,Standard Class,betty-1025,Betty Rodriguez,Corporate,United States,Wichita,Kansas,68927,Central,TEC-ACCE-7636,Technology,Accessories,"Kensington Headset Deluxe, White",135.13,3,0.4,7.57
60,US-2016-000031,2016-09-12,2016-09-17,Standard Class,thomas-1721,Thomas Johnson,Corporate,United States,Newark,New Jersey,69973,East,FUR-FURN-9796,Furniture,Furnishings,"Sauder Furnishing 100 Series, Multicolor",85.36,1,0,32.44
61,US-2016-000031,2016-09-12,2016-09-17,Standard Class,thomas-1721,Thomas Johnson,Corporate,United States,Newark,New Jersey,70013,East,FUR-TABL-9646,Furniture,Tables,"Bretford Table Classic, White",878.8,2,0,-114.24
62,US-2016-000031,2016-09-12,2016-09-17,Standard Class,thomas-1721,Thomas Johnson,Corporate,United States,Newark,New Jersey,25329,East,OFF-ART-3194,Office Supplies,Art,"Sanford Sketch Book 100 Series, Multicolor",23.49,1,0,10.57
63,US-2016-000032,2016-06-01,2016-06-06,Standard Class,john-1141,John Harris,Home Office,United States,Portland,Maine,57060,East,OFF-ART-9022,Office Supplies,Art,"Prang Sketch Book 200 Series, Multicolor",23.02,1,0.1,8.91
64,US-2016-000032,2016-06-01,2016-06-06,Standard Class,john-1141,John Harris,Home Office,United States,Portland,Maine,99745,East,FUR-BOOK-4196,Furniture,Bookcases,"Lesro Bookcase 200 Series, Gray",583.82,2,0,81.73
65,US-2016-000033,2016-03-04,2016-03-09,Standard Class,william-1578,William Garcia,Corporate,United States,New York City,New York,15454,East,OFF-LABE-9115,Office Supplies,Labels,"Dax Label Classic, White",12.77,1,0,5.75
66,US-2014-000034,2014-04-22,2014-04-25,Second Class,patricia-1089,Patricia Johnson,Consumer,United States,Oklahoma City,Oklahoma,84721,Central,OFF-STOR-3719,Office Supplies,Storage,"Carina Storage Bin Steel, Gray",198.0,5,0.3,-19.21
67,US-2015-000035,2015-10-28,2015-10-28,Same Day,matthew-1551,Matthew Smith,Consumer,United States,Raleigh,North Carolina,27393,South,OFF-FAST-3221,Office Supplies,Fasteners,"Harbour Creations Fastener 100 Series, Gray",103.76,8,0,46.69
68,US-2016-000036,2016-12-24,2016-12-27,Second Class,john-1591,John Hall,Corporate,United States,Reno,Nevada,58375,West,FUR-FURN-9447,Furniture,Furnishings,"Eldon Furnishing Steel, Multicolor",246.74,4,0.1,73.78
69,US-2016-000036,2016-12-24,2016-12-27,Second Class,john-1591,John Hall,Corporate,United States,Reno,Nevada,18301,West,TEC-COPI-1040,Technology,Copiers,"Sharp Copier Pro, Gray",1059.08,1,0.1,357.97
70,US-2016-000037,2016-05-11,2016-05-16,Standard Class,nancy-1290,Nancy Smith,Consumer,United States,Baltimore,Maryland,30708,East,OFF-PAPE-2631,Office Supplies,Paper,"Xerox Copy Paper, Gray",10.21,1,0.4,0.98
71,US-2016-000037,2016-05-11,2016-05-16,Standard Class,nancy-1290,Nancy Smith,Consumer,United States,Baltimore,Maryland,45917,East,TEC-COPI-8009,Technology,Copiers,"Sharp Copier, Black",3281.61,3,0,1345.46
72,US-2014-000038,2014-09-04,2014-09-09,Standard Class,ashley-1084,Ashley Jackson,Corporate,United States,New Orleans,Louisiana,39648,South,OFF-ENVE-2559,Office Supplies,Envelopes,"Quality Park Envelope 100 Series, Black",34.58,2,0,15.56
73,US-2014-000038,2014-09-04,2014-09-09,Standard Class,ashley-1084,Ashley Jackson,Corporate,United States,New Orleans,Louisiana,60210,South,TEC-PHON-1132,Technology,Phones,"Cisco Phone, Gray",2582.04,12,0,877.89
74,US-2014-000039,2014-09-23,2014-09-26,Second Class,mark-1306,Mark Martin,Corporate,United States,Grand Rapids,Michigan,37926,Central,OFF-APPL-9691,Office Supplies,Appliances,"Holmes Appliance 100 Series, Gray",184.61,1,0,51.69
75,US-2014-000039,2014-09-23,2014-09-26,Second Class,mark-1306,Mark Martin,Corporate,United States,Grand Rapids,Michigan,66281,Central,OFF-APPL-4559,Office Supplies,Appliances,"GE Appliance Classic, Black",175.79,1,0,49.22
76,US-2014-000039,2014-09-23,2014-09-26,Second Class,mark-1306,Mark Martin,Corporate,United States,Grand Rapids,Michigan,47346,Central,OFF-PAPE-5537,Office Supplies,Paper,"Southworth Copy Paper Deluxe, White",30.53,3,0.2,7.88
77,US-2015-000040,2015-08-09,2015-08-14,Standard Class,james-1245,James Williams,Corporate,United States,Omaha,Nebraska,57896,Central,FUR-FURN-6916,Furniture,Furnishings,"Sauder Furnishing, Multicolor",734.35,9,0.1,219.57
78,US-2015-000040,2015-08-09,2015-08-14,Standard Class,james-1245,James Williams,Corporate,United States,Omaha,Nebraska,38278,Central,OFF-ART-1273,Office Supplies,Art,"BIC Sketch Book 100 Series, Multicolor",87.27,3,0,39.27
79,US-2014-000041,2014-05-11,2014-05-14,Second Class,david-1407,David Lopez,Corporate,United States,Indianapolis,Indiana,30366,Central,TEC-ACCE-2350,Technology,Accessories,"Kensington Headset Steel, Gray",67.87,1,0.4,3.8
80,US-2014-000041,2014-05-11,2014-05-14,Second Class,david-1407,David Lopez,Corporate,United States,Indianapolis,Indiana,21301,Central,OFF-PAPE-6081,Office Supplies,Paper,"Georgia Pacific Copy Paper 100 Series, Gray",112.86,6,0,47.4
81,US-2017-000042,2017-10-08,2017-10-13,Standard Class,matthew-1626,Matthew Lewis,Corporate,United States,Burlington,Vermont,43981,East,OFF-ART-3248,Office Supplies,Art,"Binney & Smith Sketch Book, Multicolor",101.41,4,0.1,39.25
82,US-2017-000042,2017-10-08,2017-10-13,Standard Class,matthew-1626,Matthew Lewis,Corporate,United States,Burlington,Vermont,13848,East,OFF-ART-5403,Office Supplies,Art,"Sanford Sketch Book 200 Series, Multicolor",129.04,4,0,58.07
83,US-2017-000042,2017-10-08,2017-10-13,Standard Class,matthew-1626,Matthew Lewis,Corporate,United States,Burlington,Vermont,57203,East,OFF-PAPE-9582,Office Supplies,Paper,"Georgia Pacific Copy Paper Eco, Black",66.36,4,0,27.87
84,US-2015-000043,2015-01-17,2015-01-22,Standard Class,nancy-1105,Nancy Clark,Corporate,United States,Portland,Maine,14636,East,FUR-CHAI-1753,Furniture,Chairs,"HON Chair Deluxe, Black",613.88,2,0,122.78
85,US-2015-000043,2015-01-17,2015-01-22,Standard Class,nancy-1105,Nancy Clark,Corporate,United States,Portland,Maine,75804,East,TEC-ACCE-5067,Technology,Accessories,"Belkin Headset Pro, Black",415.04,4,0,157.72
86,US-2016-000044,2016-12-21,2016-12-21,Same Day,sarah-1228,Sarah Taylor,Consumer,United States,Fargo,North Dakota,48220,Central,TEC-COPI-6362,Technology,Copiers,"Brother Copier Eco, Black",1958.06,2,0,802.8
87,US-2016-000045,2016-08-07,2016-08-12,Standard Class,elizabeth-1637,Elizabeth Wright,Corporate,United States,Boulder,Colorado,11258,West,OFF-BIND-3466,Office Supplies,Binders,"Samsung Binder Deluxe, Black",40.05,2,0.3,-4.25
88,US-2016-000045,2016-08-07,2016-08-12,Standard Class,elizabeth-1637,Elizabeth Wright,Corporate,United States,Boulder,Colorado,74492,West,OFF-PAPE-6038,Office Supplies,Paper,"Xerox Copy Paper Steel, Black",43.26,2,0,18.17
89,US-2016-000045,2016-08-07,2016-08-12,Standard Class,elizabeth-1637,Elizabeth Wright,Corporate,United States,Boulder,Colorado,70092,West,FUR-CHAI-2524,Furniture,Chairs,"Global Value Chair Eco, Black",216.62,1,0.4,-58.05
90,US-2016-000045,2016-08-07,2016-08-12,Standard Class,elizabeth-1637,Elizabeth Wright,Corporate,United States,Boulder,Colorado,19809,West,FUR-FURN-9280,Furniture,Furnishings,"Sauder Furnishing 100 Series, Multicolor",39.82,1,0.3,5.46
91,US-2016-000046,2016-09-12,2016-09-17,Standard Class,elizabeth-1678,Elizabeth Brown,Consumer,United States,Detroit,Michigan,30370,Central,OFF-SUPP-8417,Office Supplies,Supplies,"Elite Supply Kit Pro, Black",45.04,1,0.1,2.7
92,US-2016-000046,2016-09-12,2016-09-17,Standard Class,elizabeth-1678,Elizabeth Brown,Consumer,United States,Detroit,Michigan,37216,Central,FUR-TABL-8635,Furniture,Tables,"BPI Table Classic, Black",655.7,1,0,-85.24
93,US-2016-000046,2016-09-12,2016-09-17,Standard Class,elizabeth-1678,Elizabeth Brown,Consumer,United States,Detroit,Michigan,38184,Central,TEC-COPI-5341,Technology,Copiers,"Brother Copier Classic, White",3585.06,5,0.1,1211.75
94,US-2017-000047,2017-06-30,2017-06-30,Same Day,david-1093,David Moore,Consumer,United States,Albuquerque,New Mexico,82106,West,FUR-CHAI-3848,Furniture,Chairs,"SAFCO Chair Eco, Black",847.28,2,0,169.46
95,US-2017-000047,2017-06-30,2017-06-30,Same Day,david-1093,David Moore,Consumer,United States,Albuquerque,New Mexico,62506,West,OFF-ENVE-2669,Office Supplies,Envelopes,"Ames Envelope Classic, White",18.24,1,0,8.21
96,US-2014-000048,2014-03-24,2014-03-29,Standard Class,david-1661,David Moore,Home Office,United States,Oklahoma City,Oklahoma,61774,Central,OFF-PAPE-8552,Office Supplies,Paper,"Xerox Copy Paper, Black",65.12,8,0,27.35
97,US-2014-000048,2014-03-24,2014-03-29,Standard Class,david-1661,David Moore,Home Office,United States,Oklahoma City,Oklahoma,14542,Central,TEC-MACH-7990,Technology,Machines,"Cubify Printer Steel, Black",397.51,1,0.4,-194.78
98,US-2014-000048,2014-03-24,2014-03-29,Standard Class,david-1661,David Moore,Home Office,United States,Oklahoma City,Oklahoma,64950,Central,OFF-ENVE-7750,Office Supplies,Envelopes,"Jiffy Envelope Classic, White",16.3,1,0,7.33
99,US-2015-000049,2015-11-09,2015-11-14,Standard Class,david-1496,David Wright,Home Office,United States,Eugene,Oregon,40509,West,OFF-PAPE-1480,Office Supplies,Paper,"Mead Copy Paper Deluxe, Gray",18.29,1,0.2,4.72
100,US-2017-000050,2017-12-02,2017-12-07,Standard Class,steven-1672,Steven Jones,Corporate,United States,Boulder,Colorado,51682,West,FUR-CHAI-6813,Furniture,Chairs,"Global Value Chair Steel, Gray",315.4,1,0,63.08
101,US-2017-000050,2017-12-02,2017-12-07,Standard Class,steven-1672,Steven Jones,Corporate,United States,Boulder,Colorado,74518,West,OFF-STOR-6761,Office Supplies,Storage,"Carina Storage Bin, Gray",142.22,2,0.4,-27.88
102,US-2017-000050,2017-12-02,2017-12-07,Standard Class,steven-1672,Steven Jones,Corporate,United States,Boulder,Colorado,79003,West,OFF-LABE-1621,Office Supplies,Labels,"Dax Label Classic, Black",19.27,1,0,8.67
103,US-2016-000051,2016-04-19,2016-04-24,Standard Class,robert-1628,Robert Martinez,Corporate,United States,Boston,Massachusetts,58968,East,OFF-PAPE-3420,Office Supplies,Paper,"Xerox Copy Paper, Gray",56.2,5,0.5,0.84
104,US-2016-000052,2016-09-04,2016-09-07,Second Class,david-1330,David Clark,Consumer,United States,Detroit,Michigan,50216,Central,TEC-MACH-6846,Technology,Machines,"Canon Printer 200 Series, Black",1192.35,3,0,59.62
105,US-2016-000052,2016-09-04,2016-09-07,Second Class,david-1330,David Clark,Consumer,United States,Detroit,Michigan,88957,Central,OFF-LABE-1029,Office Supplies,Labels,"Dax Label 200 Series, Gray",37.68,2,0,16.96
106,US-2014-000053,2014-09-25,2014-09-30,Standard Class,michael-1339,Michael Taylor,Consumer,United States,Washington,District of Columbia,18886,East,OFF-ART-8317,Office Supplies,Art,"Binney & Smith Sketch Book Pro, Multicolor",21.55,1,0,9.7
107,US-2014-000053,2014-09-25,2014-09-30,Standard Class,michael-1339,Michael Taylor,Consumer,United States,Washington,District of Columbia,59639,East,OFF-STOR-1020,Office Supplies,Storage,"Tennsco Storage Bin 100 Series, Black",167.94,2,0,33.59
108,US-2014-000053,2014-09-25,2014-09-30,Standard Class,michael-1339,Michael Taylor,Consumer,United States,Washington,District of Columbia,39568,East,OFF-STOR-2661,Office Supplies,Storage,"Carina Storage Bin Steel, Gray",242.64,3,0.2,0.49
109,US-2014-000053,2014-09-25,2014-09-30,Standard Class,michael-1339,Michael Taylor,Consumer,United States,Washington,District of Columbia,32297,East,OFF-ART-1547,Office Supplies,Art,"BIC Sketch Book 100 Series, Multicolor",17.01,1,0,7.65
110,US-2017-000054,2017-08-28,2017-09-02,Standard Class,daniel-1076,Daniel Lee,Consumer,United States,Manchester,New Hampshire,34902,East,TEC-MACH-3703,Technology,Machines,"Cubify Printer Steel, White",924.94,1,0,46.25
111,US-2017-000054,2017-08-28,2017-09-02,Standard Class,daniel-1076,Daniel Lee,Consumer,United States,Manchester,New Hampshire,17145,East,TEC-ACCE-5612,Technology,Accessories,"Verbatim Headset Eco, Black",82.18,1,0,31.23
112,US-2017-000054,2017-08-28,2017-09-02,Standard Class,daniel-1076,Daniel Lee,Consumer,United States,Manchester,New Hampshire,36172,East,OFF-STOR-2435,Office Supplies,Storage,"Fellowes Storage Bin Steel, Black",300.92,3,0.1,30.39
113,US-2017-000054,2017-08-28,2017-09-02,Standard Class,daniel-1076,Daniel Lee,Consumer,United States,Manchester,New Hampshire,96644,East,FUR-TABL-3798,Furniture,Tables,"Bevis Table Deluxe, Gray",1236.94,2,0,-160.8
114,US-2015-000055,2015-12-19,2015-12-24,Standard Class,betty-1390,Betty Jackson,Home Office,United States,New Orleans,Louisiana,97575,South,TEC-COPI-5400,Technology,Copiers,"Brother Copier Deluxe, White",4521.48,4,0,1853.81
115,US-2017-000056,2017-06-10,2017-06-15,Standard Class,william-1548,William Wilson,Consumer,United States,Billings,Montana,68857,West,OFF-LABE-1568,Office Supplies,Labels,"Avery Label Steel, Gray",51.9,5,0,23.36
116,US-2014-000057,2014-11-06,2014-11-06,Same Day,anthony-1699,Anthony Jackson,Corporate,United States,Little Rock,Arkansas,46203,South,OFF-FAST-2425,Office Supplies,Fasteners,"Staples Fastener 100 Series, Black",13.06,2,0,5.88
117,US-2014-000057,2014-11-06,2014-11-06,Same Day,anthony-1699,Anthony Jackson,Corporate,United States,Little Rock,Arkansas,23134,South,TEC-PHON-9561,Technology,Phones,"Cisco Phone, White",88.11,1,0.5,-9.69
118,US-2014-000058,2014-09-19,2014-09-24,Standard Class,william-1548,William Wilson,Consumer,United States,Eugene,Oregon,62655,West,TEC-MACH-5512,Technology,Machines,"Cubify Printer 200 Series, Black",1476.17,3,0.1,-125.47
119,US-2014-000058,2014-09-19,2014-09-24,Standard Class,william-1548,William Wilson,Consumer,United States,Eugene,Oregon,49723,West,FUR-CHAI-4892,Furniture,Chairs,"Office Star Chair Pro, Black",624.16,2,0,124.83
120,US-2017-000059,2017-11-30,2017-12-03,Second Class,patricia-1307,Patricia King,Consumer,United States,Washington,District of Columbia,73500,East,TEC-ACCE-4079,Technology,Accessories,"Verbatim Headset 100 Series, Black",1017.2,8,0,386.54
121,US-2016-000060,2016-05-26,2016-05-31,Standard Class,lisa-1536,Lisa Martinez,Consumer,United States,Portland,Maine,76208,East,OFF-BIND-1541,Office Supplies,Binders,"Avery Binder Deluxe, Black",149.02,8,0.3,-15.8
122,US-2016-000060,2016-05-26,2016-05-31,Standard Class,lisa-1536,Lisa Martinez,Consumer,United States,Portland,Maine,72205,East,OFF-SUPP-4963,Office Supplies,Supplies,"Acme Supply Kit, Black",112.2,3,0,16.83
123,US-2016-000060,2016-05-26,2016-05-31,Standard Class,lisa-1536,Lisa Martinez,Consumer,United States,Portland,Maine,38092,East,OFF-STOR-5237,Office Supplies,Storage,"Tennsco Storage Bin 200 Series, Gray",77.01,1,0.1,7.78
124,US-2016-000061,2016-12-26,2016-12-28,First Class,mary-1419,Mary Lopez,Corporate,United States,Indianapolis,Indiana,50038,Central,FUR-BOOK-3837,Furniture,Bookcases,"Lesro Bookcase 200 Series, White",159.61,1,0.3,-37.99
125,US-2016-000061,2016-12-26,2016-12-28,First Class,mary-1419,Mary Lopez,Corporate,United States,Indianapolis,Indiana,86610,Central,OFF-FAST-6713,Office Supplies,Fasteners,"Elite Fastener Steel, Black",7.41,1,0.1,2.8
126,US-2016-000061,2016-12-26,2016-12-28,First Class,mary-1419,Mary Lopez,Corporate,United States,Indianapolis,Indiana,46240,Central,FUR-TABL-5631,Furniture,Tables,"Bevis Table Pro, Black",601.25,1,0,-78.16
127,US-2016-000061,2016-12-26,2016-12-28,First Class,mary-1419,Mary Lopez,Corporate,United States,Indianapolis,Indiana,88648,Central,OFF-PAPE-5895,Office Supplies,Paper,"Wausau Copy Paper Eco, Black",25.31,2,0.3,4.48
128,US-2014-000062,2014-12-01,2014-12-03,First Class,thomas-1509,Thomas Harris,Home Office,United States,Madison,Wisconsin,98064,Central,FUR-CHAI-6622,Furniture,Chairs,"Harbour Creations Chair Deluxe, White",550.45,2,0.2,-18.72
129,US-2014-000062,2014-12-01,2014-12-03,First Class,thomas-1509,Thomas Harris,Home Office,United States,Madison,Wisconsin,83274,Central,OFF-STOR-3785,Office Supplies,Storage,"Carina Storage Bin Eco, Gray",103.94,1,0,20.79
130,US-2017-000063,2017-04-06,2017-04-11,Standard Class,mary-1696,Mary Wilson,Corporate,United States,Baltimore,Maryland,71675,East,OFF-LABE-7089,Office Supplies,Labels,"Harbour Creations Label Pro, Black",8.96,1,0.3,2.1
131,US-2016-000064,2016-04-11,2016-04-16,Standard Class,emily-1122,Emily Williams,Consumer,United States,Billings,Montana,33640,West,OFF-APPL-6614,Office Supplies,Appliances,"Holmes Appliance Deluxe, Black",420.92,2,0,117.86
132,US-2016-000064,2016-04-11,2016-04-16,Standard Class,emily-1122,Emily Williams,Consumer,United States,Billings,Montana,69252,West,FUR-FURN-3897,Furniture,Furnishings,"Tenex Furnishing Pro, Multicolor",60.57,1,0,23.02
133,US-2016-000065,2016-11-02,2016-11-07,Standard Class,betty-1488,Betty Miller,Corporate,United States,Birmingham,Alabama,55135,South,OFF-STOR-9700,Office Supplies,Storage,"Fellowes Storage Bin Pro, Black",226.64,3,0.1,22.89
134,US-2015-000066,2015-09-02,2015-09-07,Standard Class,lisa-1515,Lisa Harris,Corporate,United States,Providence,Rhode Island,54923,East,OFF-LABE-9524,Office Supplies,Labels,"Smead Label Classic, White",14.8,7,0.8,-1.86
135,US-2015-000066,2015-09-02,2015-09-07,Standard Class,lisa-1515,Lisa Harris,Corporate,United States,Providence,Rhode Island,12873,East,TEC-MACH-3701,Technology,Machines,"Canon Printer Deluxe, Gray",1299.44,2,0,64.97
136,US-2015-000066,2015-09-02,2015-09-07,Standard Class,lisa-1515,Lisa Harris,Corporate,United States,Providence,Rhode Island,80089,East,TEC-PHON-7006,Technology,Phones,"Samsung Phone 100 Series, Gray",291.89,1,0.1,72.97
137,US-2014-000067,2014-05-30,2014-06-04,Standard Class,mary-1020,Mary Clark,Consumer,United States,Tacoma,Washington,78198,West,FUR-TABL-8772,Furniture,Tables,"Chromcraft Table Eco, White",1770.57,3,0,-230.17
138,US-2014-000067,2014-05-30,2014-06-04,Standard Class,mary-1020,Mary Clark,Consumer,United States,Tacoma,Washington,24944,West,OFF-FAST-7862,Office Supplies,Fasteners,"Harbour Creations Fastener 200 Series, White",36.48,4,0,16.42
139,US-2015-000068,2015-11-07,2015-11-09,First Class,emily-1164,Emily Moore,Consumer,United States,San Antonio,Texas,21808,Central,TEC-MACH-1044,Technology,Machines,"Canon Printer Deluxe, Black",757.02,1,0,37.85
140,US-2015-000068,2015-11-07,2015-11-09,First Class,emily-1164,Emily Moore,Consumer,United States,San Antonio,Texas,16565,Central,TEC-PHON-5192,Technology,Phones,"Apple Phone 100 Series, White",3125.32,11,0,1062.61
141,US-2015-000068,2015-11-07,2015-11-09,First Class,emily-1164,Emily Moore,Consumer,United States,San Antonio,Texas,16015,Central,FUR-TABL-5760,Furniture,Tables,"BPI Table, Black",909.61,3,0.3,-486.64
142,US-2014-000069,2014-02-15,2014-02-20,Standard Class,john-1662,John King,Consumer,United States,Raleigh,North Carolina,45630,South,OFF-FAST-6615,Office Supplies,Fasteners,"OIC Fastener Pro, Black",9.44,2,0.5,0.85
143,US-2014-000069,2014-02-15,2014-02-20,Standard Class,john-1662,John King,Consumer,United States,Raleigh,North Carolina,64530,South,OFF-SUPP-3732,Office Supplies,Supplies,"Harbour Creations Supply Kit Steel, Black",268.28,4,0,40.24
144,US-2017-000070,2017-09-23,2017-09-28,Standard Class,daniel-1582,Daniel Anderson,Corporate,United States,Billings,Montana,67762,West,OFF-STOR-3140,Office Supplies,Storage,"Carina Storage Bin, Black",135.59,2,0.4,-26.58
145,US-2017-000070,2017-09-23,2017-09-28,Standard Class,daniel-1582,Daniel Anderson,Corporate,United States,Billings,Montana,39359,West,FUR-CHAI-6148,Furniture,Chairs,"HON Chair Eco, Black",985.25,6,0.2,-33.5
146,US-2017-000071,2017-01-23,2017-01-28,Standard Class,patricia-1677,Patricia Hall,Consumer,United States,Hartford,Connecticut,31680,East,OFF-SUPP-1190,Office Supplies,Supplies,"Fiskars Supply Kit, White",178.33,6,0.3,-21.4
147,US-2017-000071,2017-01-23,2017-01-28,Standard Class,patricia-1677,Patricia Hall,Consumer,United States,Hartford,Connecticut,59629,East,FUR-FURN-4946,Furniture,Furnishings,"Tenex Furnishing Pro, Multicolor",60.1,1,0.1,17.97
148,US-2016-000072,2016-01-09,2016-01-14,Standard Class,linda-1470,Linda Harris,Consumer,United States,Tulsa,Oklahoma,10023,Central,OFF-PAPE-1291,Office Supplies,Paper,"Xerox Copy Paper Classic, Black",40.75,2,0.1,13.81
149,US-2016-000072,2016-01-09,2016-01-14,Standard Class,linda-1470,Linda Harris,Consumer,United States,Tulsa,Oklahoma,17114,Central,FUR-FURN-9328,Furniture,Furnishings,"Sauder Furnishing Eco, Multicolor",120.82,2,0,45.91
150,US-2015-000073,2015-11-15,2015-11-20,Standard Class,jennifer-1099,Jennifer Taylor,Consumer,United States,Boise,Idaho,63637,West,OFF-LABE-2741,Office Supplies,Labels,"Novimex Label Pro, Black",9.59,1,0,4.32
151,US-2015-000073,2015-11-15,2015-11-20,Standard Class,jennifer-1099,Jennifer Taylor,Consumer,United States,Boise,Idaho,54294,West,FUR-TABL-4072,Furniture,Tables,"Bretford Table Deluxe, Black",3133.62,6,0,-407.37
152,US-2014-000074,2014-10-02,2014-10-05,Second Class,ashley-1648,Ashley Moore,Consumer,United States,Billings,Montana,73299,West,TEC-PHON-1071,Technology,Phones,"Samsung Phone Classic, White",2118.19,9,0.3,148.27
153,US-2014-000074,2014-10-02,2014-10-05,Second Class,ashley-1648,Ashley Moore,Consumer,United States,Billings,Montana,64876,West,TEC-PHON-3103,Technology,Phones,"Samsung Phone 200 Series, Black",366.19,3,0.4,-7.32
154,US-2017-000075,2017-04-06,2017-04-08,First Class,steven-1351,Steven Wright,Corporate,United States,Madison,Wisconsin,55259,Central,TEC-PHON-4560,Technology,Phones,"Panasonic Phone Pro, Black",633.63,3,0,215.43
155,US-2017-000076,2017-10-04,2017-10-09,Standard Class,james-1727,James Jones,Home Office,United States,Salt Lake City,Utah,65364,West,OFF-PAPE-8870,Office Supplies,Paper,"Xerox Copy Paper Pro, Gray",50.98,4,0.1,17.28
156,US-2017-000076,2017-10-04,2017-10-09,Standard Class,james-1727,James Jones,Home Office,United States,Salt Lake City,Utah,44994,West,FUR-BOOK-1414,Furniture,Bookcases,"Harbour Creations Bookcase 100 Series, Black",123.02,1,0,17.22
157,US-2017-000076,2017-10-04,2017-10-09,Standard Class,james-1727,James Jones,Home Office,United States,Salt Lake City,Utah,14235,West,OFF-ART-3399,Office Supplies,Art,"Sanford Sketch Book Eco, Multicolor",98.5,6,0.2,31.91
158,US-2015-000077,2015-11-08,2015-11-11,Second Class,john-1630,John Clark,Corporate,United States,Billings,Montana,50981,West,OFF-ENVE-1769,Office Supplies,Envelopes,"Southworth Envelope Eco, White",34.8,10,0.7,-1.88
159,US-2015-000077,2015-11-08,2015-11-11,Second Class,john-1630,John Clark,Corporate,United States,Billings,Montana,94887,West,FUR-CHAI-4327,Furniture,Chairs,"HON Chair Eco, Gray",1894.42,6,0.2,-64.41
160,US-2017-000078,2017-03-09,2017-03-14,Standard Class,john-1742,John Wright,Consumer,United States,Cambridge,Massachusetts,46584,East,FUR-FURN-9418,Furniture,Furnishings,"Howard Miller Furnishing 200 Series, Multicolor",40.28,1,0,15.31
161,US-2017-000078,2017-03-09,2017-03-14,Standard Class,john-1742,John Wright,Consumer,United States,Cambridge,Massachusetts,88235,East,OFF-FAST-5178,Office Supplies,Fasteners,"Advantus Fastener 200 Series, Black",11.42,2,0.4,1.85
162,US-2017-000078,2017-03-09,2017-03-14,Standard Class,john-1742,John Wright,Consumer,United States,Cambridge,Massachusetts,78865,East,FUR-CHAI-9037,Furniture,Chairs,"Harbour Creations Chair Eco, Gray",249.85,1,0.2,-8.49
163,US-2017-000078,2017-03-09,2017-03-14,Standard Class,john-1742,John Wright,Consumer,United States,Cambridge,Massachusetts,96945,East,OFF-ENVE-9276,Office Supplies,Envelopes,"Columbian Envelope 100 Series, Black",13.98,2,0.4,2.26
164,US-2015-000079,2015-10-01,2015-10-01,Same Day,thomas-1223,Thomas Williams,Corporate,United States,Wilmington,Delaware,41959,East,FUR-BOOK-8301,Furniture,Bookcases,"O'Donnell Bookcase Pro, Black",421.97,3,0.4,-153.6
165,US-2015-000079,2015-10-01,2015-10-01,Same Day,thomas-1223,Thomas Williams,Corporate,United States,Wilmington,Delaware,59147,East,FUR-CHAI-2857,Furniture,Chairs,"SAFCO Chair Steel, Black",403.56,2,0.3,-60.94
166,US-2015-000079,2015-10-01,2015-10-01,Same Day,thomas-1223,Thomas Williams,Corporate,United States,Wilmington,Delaware,77358,East,TEC-PHON-8975,Technology,Phones,"Plantronics Phone Classic, Black",2476.39,7,0,841.97
167,US-2014-000080,2014-08-13,2014-08-16,Second Class,richard-1550,Richard Williams,Consumer,United States,Sioux Falls,South Dakota,30153,Central,OFF-BIND-4368,Office Supplies,Binders,"GBC Binder 100 Series, Gray",161.7,11,0.5,-69.53
168,US-2014-000081,2014-05-06,2014-05-11,Standard Class,betty-1182,Betty Green,Consumer,United States,Nashville,Tennessee,80102,South,OFF-FAST-8391,Office Supplies,Fasteners,"Elite Fastener Steel, White",5.56,1,0.1,2.1
169,US-2015-000082,2015-11-07,2015-11-10,Second Class,richard-1296,Richard Lewis,Consumer,United States,Billings,Montana,81530,West,TEC-COPI-1504,Technology,Copiers,"Sharp Copier Steel, Black",1646.59,2,0.2,437.99
170,US-2014-000083,2014-12-03,2014-12-08,Standard Class,patricia-1586,Patricia Martin,Consumer,United States,Burlington,Vermont,31097,East,OFF-LABE-4469,Office Supplies,Labels,"Dax Label Pro, Black",41.97,3,0,18.89
171,US-2014-000083,2014-12-03,2014-12-08,Standard Class,patricia-1586,Patricia Martin,Consumer,United States,Burlington,Vermont,81940,East,OFF-ART-4183,Office Supplies,Art,"Newell Sketch Book Eco, Multicolor",19.02,1,0,8.56
172,US-2014-000083,2014-12-03,2014-12-08,Standard Class,patricia-1586,Patricia Martin,Consumer,United States,Burlington,Vermont,53366,East,TEC-COPI-5762,Technology,Copiers,"Ricoh Copier 100 Series, White",607.19,1,0.1,205.23
173,US-2014-000083,2014-12-03,2014-12-08,Standard Class,patricia-1586,Patricia Martin,Consumer,United States,Burlington,Vermont,96432,East,OFF-STOR-2639,Office Supplies,Storage,"Iceberg Storage Bin Deluxe, Black",103.38,1,0,20.68
174,US-2016-000084,2016-08-10,2016-08-15,Standard Class,lisa-1323,Lisa White,Corporate,United States,Little Rock,Arkansas,70667,South,OFF-ENVE-6889,Office Supplies,Envelopes,"Quality Park Envelope Eco, Black",48.52,4,0.3,11.35
175,US-2016-000085,2016-05-01,2016-05-03,First Class,david-1661,David Moore,Home Office,United States,Burlington,Vermont,86270,East,OFF-APPL-5312,Office Supplies,Appliances,"Kitchex Appliance Deluxe, Gray",840.13,4,0.1,159.62
176,US-2016-000085,2016-05-01,2016-05-03,First Class,david-1661,David Moore,Home Office,United States,Burlington,Vermont,29482,East,OFF-SUPP-1600,Office Supplies,Supplies,"Novimex Supply Kit Deluxe, Gray",460.74,14,0,69.11
177,US-2016-000085,2016-05-01,2016-05-03,First Class,david-1661,David Moore,Home Office,United States,Burlington,Vermont,41311,East,OFF-STOR-5767,Office Supplies,Storage,"Deflect-O Storage Bin Deluxe, Black",223.5,2,0,44.7
178,US-2016-000086,2016-10-09,2016-10-14,Standard Class,david-1526,David Wilson,Home Office,United States,Grand Rapids,Michigan,58423,Central,OFF-APPL-1662,Office Supplies,Appliances,"GE Appliance Pro, Black",389.46,2,0,109.05
179,US-2016-000086,2016-10-09,2016-10-14,Standard Class,david-1526,David Wilson,Home Office,United States,Grand Rapids,Michigan,52477,Central,OFF-ENVE-9485,Office Supplies,Envelopes,"Ames Envelope Deluxe, White",7.85,2,0.7,-0.42
180,US-2016-000087,2016-11-02,2016-11-07,Standard Class,william-1759,William Harris,Consumer,United States,Nashville,Tennessee,63195,South,FUR-FURN-7165,Furniture,Furnishings,"Sauder Furnishing Eco, Multicolor",784.74,11,0,298.2
181,US-2016-000087,2016-11-02,2016-11-07,Standard Class,william-1759,William Harris,Consumer,United States,Nashville,Tennessee,46807,South,OFF-STOR-8898,Office Supplies,Storage,"Tennsco Storage Bin Classic, White",566.65,7,0,113.33
182,US-2015-000088,2015-04-01,2015-04-04,Second Class,mark-1370,Mark Johnson,Consumer,United States,Burlington,Vermont,63858,East,OFF-PAPE-8844,Office Supplies,Paper,"Xerox Copy Paper Classic, Black",51.46,3,0.1,17.44
183,US-2015-000088,2015-04-01,2015-04-04,Second Class,mark-1370,Mark Johnson,Consumer,United States,Burlington,Vermont,43851,East,FUR-BOOK-3095,Furniture,Bookcases,"Sauder Bookcase, White",805.17,3,0,112.72
184,US-2017-000089,2017-11-02,2017-11-07,Standard Class,nancy-1621,Nancy Clark,Consumer,United States,Wichita,Kansas,69438,Central,OFF-APPL-9369,Office Supplies,Appliances,"Kitchex Appliance 200 Series, Black",748.92,4,0,209.7
185,US-2017-000089,2017-11-02,2017-11-07,Standard Class,nancy-1621,Nancy Clark,Consumer,United States,Wichita,Kansas,99702,Central,FUR-FURN-7315,Furniture,Furnishings,"Howard Miller Furnishing Steel, Multicolor",53.18,1,0.4,2.98
186,US-2017-000089,2017-11-02,2017-11-07,Standard Class,nancy-1621,Nancy Clark,Consumer,United States,Wichita,Kansas,79656,Central,TEC-ACCE-3906,Technology,Accessories,"Belkin Headset 100 Series, Black",323.76,3,0,123.03
187,US-2016-000090,2016-05-22,2016-05-24,First Class,daniel-1493,Daniel Miller,Corporate,United States,Boise,Idaho,55944,West,FUR-BOOK-7068,Furniture,Bookcases,"Lesro Bookcase Steel, Gray",414.53,2,0.2,-46.43
188,US-2016-000090,2016-05-22,2016-05-24,First Class,daniel-1493,Daniel Miller,Corporate,United States,Boise,Idaho,47129,West,FUR-TABL-5170,Furniture,Tables,"Lesro Table 200 Series, Black",304.0,1,0.3,-162.64
189,US-2015-000091,2015-06-13,2015-06-18,Standard Class,matthew-1007,Matthew Lewis,Corporate,United States,Portland,Maine,84013,East,OFF-BIND-6935,Office Supplies,Binders,"Cardinal Binder Steel, Black",42.98,2,0.1,9.37
190,US-2015-000091,2015-06-13,2015-06-18,Standard Class,matthew-1007,Matthew Lewis,Corporate,United States,Portland,Maine,58525,East,OFF-STOR-7511,Office Supplies,Storage,"Carina Storage Bin Eco, White",433.45,5,0,86.69
191,US-2014-000092,2014-10-23,2014-10-28,Standard Class,lisa-1716,Lisa King,Consumer,United States,Charlotte,North Carolina,88676,South,OFF-PAPE-3633,Office Supplies,Paper,"Mead Copy Paper, Black",61.41,3,0,25.79
192,US-2014-000092,2014-10-23,2014-10-28,Standard Class,lisa-1716,Lisa King,Consumer,United States,Charlotte,North Carolina,60375,South,TEC-ACCE-5310,Technology,Accessories,"Logitech Headset 100 Series, Black",64.48,1,0,24.5
193,US-2017-000093,2017-10-15,2017-10-18,Second Class,emily-1671,Emily King,Consumer,United States,Fargo,North Dakota,14406,Central,OFF-ART-1175,Office Supplies,Art,"BIC Sketch Book Classic, Multicolor",17.18,1,0,7.73
194,US-2017-000093,2017-10-15,2017-10-18,Second Class,emily-1671,Emily King,Consumer,United States,Fargo,North Dakota,21383,Central,TEC-PHON-3776,Technology,Phones,"Plantronics Phone Deluxe, White",144.49,3,0.7,-41.9
195,US-2015-000094,2015-10-31,2015-11-03,Second Class,ashley-1600,Ashley Rodriguez,Corporate,United States,Boston,Massachusetts,69607,East,FUR-FURN-6703,Furniture,Furnishings,"Sauder Furnishing Eco, Multicolor",37.2,1,0.5,-0.93
196,US-2015-000095,2015-06-18,2015-06-23,Standard Class,mary-1109,Mary Thompson,Consumer,United States,Manchester,New Hampshire,83816,East,FUR-TABL-9813,Furniture,Tables,"Chromcraft Table Eco, Gray",821.34,4,0.5,-661.18
197,US-2016-000096,2016-04-26,2016-04-28,First Class,karen-1347,Karen Moore,Consumer,United States,Des Moines,Iowa,64058,Central,TEC-MACH-2106,Technology,Machines,"Cubify Printer Eco, Black",2307.3,5,0.3,-819.09
198,US-2016-000096,2016-04-26,2016-04-28,First Class,karen-1347,Karen Moore,Consumer,United States,Des Moines,Iowa,54826,Central,OFF-STOR-5314,Office Supplies,Storage,"Carina Storage Bin, Black",114.23,1,0.1,11.54
199,US-2016-000096,2016-04-26,2016-04-28,First Class,karen-1347,Karen Moore,Consumer,United States,Des Moines,Iowa,99537,Central,FUR-FURN-8807,Furniture,Furnishings,"Sauder Furnishing 200 Series, Multicolor",73.95,1,0,28.1
200,US-2017-000097,2017-10-14,2017-10-17,Second Class,ashley-1754,Ashley Lee,Consumer,United States,Boston,Massachusetts,20288,East,OFF-BIND-5091,Office Supplies,Binders,"Wilson Jones Binder Deluxe, White",179.45,5,0,68.19
201,US-2017-000097,2017-10-14,2017-10-17,Second Class,ashley-1754,Ashley Lee,Consumer,United States,Boston,Massachusetts,85304,East,TEC-MACH-9871,Technology,Machines,"Zebra Printer, Gray",302.11,1,0.4,-148.03
202,US-2017-000097,2017-10-14,2017-10-17,Second Class,ashley-1754,Ashley Lee,Consumer,United States,Boston,Massachusetts,17098,East,OFF-FAST-9374,Office Supplies,Fasteners,"Elite Fastener 200 Series, Black",11.59,1,0.1,4.38
203,US-2017-000098,2017-10-25,2017-10-30,Standard Class,matthew-1355,Matthew Moore,Home Office,United States,Charleston,South Carolina,44040,South,TEC-PHON-1137,Technology,Phones,"Cisco Phone Pro, Black",179.18,1,0.1,44.79
204,US-2015-000099,2015-10-17,2015-10-20,Second Class,richard-1434,Richard Wright,Consumer,United States,Jersey City,New Jersey,45383,East,OFF-SUPP-3947,Office Supplies,Supplies,"Elite Supply Kit Classic, Gray",85.51,3,0.3,-10.26
205,US-2015-000099,2015-10-17,2015-10-20,Second Class,richard-1434,Richard Wright,Consumer,United States,Jersey City,New Jersey,65250,East,OFF-ENVE-7240,Office Supplies,Envelopes,"Southworth Envelope Steel, Black",68.75,5,0,30.94
206,US-2016-000100,2016-08-13,2016-08-18,Standard Class,elizabeth-1707,Elizabeth Wilson,Home Office,United States,Charlotte,North Carolina,43780,South,FUR-TABL-5256,Furniture,Tables,"Lesro Table Pro, Black",360.79,2,0.5,-290.44
207,US-2015-000101,2015-10-19,2015-10-24,Standard Class,william-1359,William Clark,Consumer,United States,Billings,Montana,59948,West,OFF-ART-6326,Office Supplies,Art,"Sanford Sketch Book Pro, Multicolor",25.42,3,0.4,5.03
208,US-2015-000101,2015-10-19,2015-10-24,Standard Class,william-1359,William Clark,Consumer,United States,Billings,Montana,63055,West,OFF-LABE-3745,Office Supplies,Labels,"Harbour Creations Label 200 Series, Gray",22.21,2,0.1,8.4
209,US-2017-000102,2017-07-15,2017-07-20,Standard Class,steven-1165,Steven Young,Home Office,United States,Baltimore,Maryland,31931,East,OFF-FAST-5444,Office Supplies,Fasteners,"Harbour Creations Fastener Steel, Gray",80.73,9,0,36.33
210,US-2017-000102,2017-07-15,2017-07-20,Standard Class,steven-1165,Steven Young,Home Office,United States,Baltimore,Maryland,20495,East,OFF-ART-4844,Office Supplies,Art,"Binney & Smith Sketch Book 200 Series, Multicolor",24.2,3,0.5,3.27
211,US-2016-000103,2016-04-12,2016-04-17,Standard Class,john-1406,John Williams,Consumer,United States,Fargo,North Dakota,32362,Central,FUR-FURN-4757,Furniture,Furnishings,"Tenex Furnishing Eco, Multicolor",65.39,1,0,24.85
212,US-2016-000103,2016-04-12,2016-04-17,Standard Class,john-1406,John Williams,Consumer,United States,Fargo,North Dakota,81899,Central,FUR-BOOK-6328,Furniture,Bookcases,"O'Donnell Bookcase Pro, White",820.05,6,0.5,-401.82
213,US-2017-000104,2017-01-19,2017-01-24,Standard Class,mary-1611,Mary Moore,Consumer,United States,Des Moines,Iowa,11384,Central,OFF-LABE-9841,Office Supplies,Labels,"Smead Label Classic, Black",11.03,1,0,4.96
214,US-2017-000104,2017-01-19,2017-01-24,Standard Class,mary-1611,Mary Moore,Consumer,United States,Des Moines,Iowa,74479,Central,FUR-BOOK-6634,Furniture,Bookcases,"Harbour Creations Bookcase 200 Series, Black",458.12,2,0.1,6.41
215,US-2017-000105,2017-11-02,2017-11-07,Standard Class,ashley-1009,Ashley Wright,Consumer,United States,Little Rock,Arkansas,44470,South,OFF-STOR-8161,Office Supplies,Storage,"Iceberg Storage Bin Steel, Black",93.32,1,0,18.66
216,US-2017-000105,2017-11-02,2017-11-07,Standard Class,ashley-1009,Ashley Wright,Consumer,United States,Little Rock,Arkansas,99738,South,FUR-FURN-9464,Furniture,Furnishings,"Tenex Furnishing Deluxe, Multicolor",131.4,4,0.4,7.36
217,US-2017-000105,2017-11-02,2017-11-07,Standard Class,ashley-1009,Ashley Wright,Consumer,United States,Little Rock,Arkansas,69346,South,OFF-FAST-7765,Office Supplies,Fasteners,"Staples Fastener Eco, Black",9.63,1,0,4.33
218,US-2015-000106,2015-02-21,2015-02-26,Standard Class,andrew-1050,Andrew Lee,Corporate,United States,Sioux Falls,South Dakota,54816,Central,OFF-FAST-1134,Office Supplies,Fasteners,"Advantus Fastener Classic, Black",9.72,1,0,4.37
219,US-2016-000107,2016-05-16,2016-05-21,Standard Class,karen-1713,Karen Wilson,Home Office,United States,Austin,Texas,11654,Central,OFF-APPL-7429,Office Supplies,Appliances,"Eldon Appliance Eco, Black",281.76,2,0.3,2.82
220,US-2016-000107,2016-05-16,2016-05-21,Standard Class,karen-1713,Karen Wilson,Home Office,United States,Austin,Texas,22316,Central,FUR-TABL-8257,Furniture,Tables,"BPI Table Steel, Black",8703.24,13,0,-1131.42
221,US-2016-000107,2016-05-16,2016-05-21,Standard Class,karen-1713,Karen Wilson,Home Office,United States,Austin,Texas,78279,Central,TEC-PHON-7375,Technology,Phones,"Samsung Phone Classic, White",114.67,1,0.5,-12.61
222,US-2015-000108,2015-08-14,2015-08-14,Same Day,james-1053,James Walker,Home Office,United States,Boise,Idaho,15505,West,TEC-ACCE-3742,Technology,Accessories,"SanDisk Headset, Gray",200.16,2,0,76.06
223,US-2017-000109,2017-01-08,2017-01-13,Standard Class,linda-1091,Linda Miller,Consumer,United States,Denver,Colorado,94496,West,OFF-PAPE-6824,Office Supplies,Paper,"Xerox Copy Paper, Gray",30.05,5,0.7,-4.42
224,US-2017-000109,2017-01-08,2017-01-13,Standard Class,linda-1091,Linda Miller,Consumer,United States,Denver,Colorado,73610,West,OFF-STOR-1349,Office Supplies,Storage,"Deflect-O Storage Bin Deluxe, White",63.49,1,0.4,-12.44
225,US-2017-000109,2017-01-08,2017-01-13,Standard Class,linda-1091,Linda Miller,Consumer,United States,Denver,Colorado,88471,West,TEC-COPI-9892,Technology,Copiers,"Ricoh Copier Eco, White",714.86,1,0,293.09
226,US-2014-000110,2014-07-16,2014-07-21,Standard Class,michael-1302,Michael Lopez,Consumer,United States,Memphis,Tennessee,18303,South,TEC-PHON-1306,Technology,Phones,"Cisco Phone 200 Series, White",930.27,3,0,316.29
227,US-2014-000110,2014-07-16,2014-07-21,Standard Class,michael-1302,Michael Lopez,Consumer,United States,Memphis,Tennessee,27010,South,OFF-SUPP-3525,Office Supplies,Supplies,"Fiskars Supply Kit Classic, White",162.78,3,0,24.42
228,US-2014-000110,2014-07-16,2014-07-21,Standard Class,michael-1302,Michael Lopez,Consumer,United States,Memphis,Tennessee,84844,South,OFF-ART-2753,Office Supplies,Art,"Binney & Smith Sketch Book Deluxe, Multicolor",51.54,2,0,23.19
229,US-2016-000111,2016-11-12,2016-11-17,Standard Class,william-1501,William Smith,Consumer,United States,Fargo,North Dakota,57308,Central,FUR-FURN-9051,Furniture,Furnishings,"Eldon Furnishing Deluxe, Multicolor",565.42,8,0.1,169.06
230,US-2015-000112,2015-06-25,2015-06-27,First Class,elizabeth-1072,Elizabeth Anderson,Home Office,United States,Minneapolis,Minnesota,84715,Central,FUR-TABL-9710,Furniture,Tables,"Bevis Table Deluxe, Black",339.1,1,0.1,-89.86
231,US-2015-000112,2015-06-25,2015-06-27,First Class,elizabeth-1072,Elizabeth Anderson,Home Office,United States,Minneapolis,Minnesota,65978,Central,OFF-ART-2728,Office Supplies,Art,"Prang Sketch Book Steel, Multicolor",49.82,4,0.2,16.14
232,US-2015-000112,2015-06-25,2015-06-27,First Class,elizabeth-1072,Elizabeth Anderson,Home Office,United States,Minneapolis,Minnesota,56180,Central,FUR-TABL-7579,Furniture,Tables,"BPI Table 200 Series, Gray",732.22,2,0.1,-194.04
233,US-2015-000112,2015-06-25,2015-06-27,First Class,elizabeth-1072,Elizabeth Anderson,Home Office,United States,Minneapolis,Minnesota,81517,Central,OFF-PAPE-7090,Office Supplies,Paper,"Mead Copy Paper Pro, Black",58.83,3,0,24.71
234,US-2017-000113,2017-10-10,2017-10-15,Standard Class,ashley-1463,Ashley Anderson,Consumer,United States,Tulsa,Oklahoma,39084,Central,OFF-LABE-9480,Office Supplies,Labels,"Novimex Label, Black",69.51,7,0,31.28
235,US-2015-000114,2015-04-06,2015-04-11,Standard Class,mary-1706,Mary Hall,Corporate,United States,Louisville,Kentucky,38500,South,OFF-APPL-7014,Office Supplies,Appliances,"Holmes Appliance Eco, White",143.5,1,0.1,27.27
236,US-2015-000114,2015-04-06,2015-04-11,Standard Class,mary-1706,Mary Hall,Corporate,United States,Louisville,Kentucky,85528,South,FUR-FURN-3832,Furniture,Furnishings,"Newell Furnishing Classic, Multicolor",106.84,2,0.4,5.98
237,US-2017-000115,2017-06-11,2017-06-14,Second Class,matthew-1657,Matthew Jackson,Home Office,United States,Minneapolis,Minnesota,39717,Central,FUR-FURN-6700,Furniture,Furnishings,"Eldon Furnishing Pro, Multicolor",262.15,7,0,99.62
238,US-2017-000115,2017-06-11,2017-06-14,Second Class,matthew-1657,Matthew Jackson,Home Office,United States,Minneapolis,Minnesota,38941,Central,FUR-BOOK-5993,Furniture,Bookcases,"Lesro Bookcase, White",505.54,2,0,70.78
239,US-2017-000116,2017-05-04,2017-05-09,Standard Class,emily-1344,Emily Martinez,Consumer,United States,Jacksonville,Florida,95492,South,OFF-SUPP-7529,Office Supplies,Supplies,"Elite Supply Kit 100 Series, Gray",53.39,1,0,8.01
240,US-2017-000117,2017-12-27,2017-12-30,Second Class,michael-1248,Michael Moore,Consumer,United States,Pittsburgh,Pennsylvania,55158,East,FUR-FURN-7939,Furniture,Furnishings,"Eldon Furnishing Steel, Multicolor",84.78,1,0,32.22
241,US-2016-000118,2016-09-14,2016-09-17,Second Class,john-1312,John Harris,Home Office,United States,Raleigh,North Carolina,21248,South,TEC-COPI-8216,Technology,Copiers,"Ricoh Copier 200 Series, Black",3838.24,5,0.2,1020.97
242,US-2016-000118,2016-09-14,2016-09-17,Second Class,john-1312,John Harris,Home Office,United States,Raleigh,North Carolina,24586,South,FUR-TABL-3419,Furniture,Tables,"Bevis Table Deluxe, Gray",519.4,1,0.1,-137.64
243,US-2016-000118,2016-09-14,2016-09-17,Second Class,john-1312,John Harris,Home Office,United States,Raleigh,North Carolina,81933,South,OFF-LABE-1372,Office Supplies,Labels,"Harbour Creations Label Classic, Black",40.93,4,0.2,12.52
244,US-2016-000118,2016-09-14,2016-09-17,Second Class,john-1312,John Harris,Home Office,United States,Raleigh,North Carolina,43484,South,TEC-MACH-1301,Technology,Machines,"Zebra Printer 200 Series, Black",5663.66,8,0.1,-481.41
245,US-2015-000119,2015-01-23,2015-01-28,Standard Class,karen-1713,Karen Wilson,Home Office,United States,Wilmington,Delaware,60663,East,FUR-BOOK-5445,Furniture,Bookcases,"O'Donnell Bookcase Steel, Gray",143.96,1,0.4,-52.4
246,US-2015-000119,2015-01-23,2015-01-28,Standard Class,karen-1713,Karen Wilson,Home Office,United States,Wilmington,Delaware,36067,East,OFF-ENVE-6168,Office Supplies,Envelopes,"Quality Park Envelope 100 Series, Black",46.83,3,0,21.07
247,US-2017-000120,2017-10-10,2017-10-15,Standard Class,susan-1253,Susan Davis,Corporate,United States,Fargo,North Dakota,46160,Central,OFF-ART-6765,Office Supplies,Art,"Binney & Smith Sketch Book Pro, Multicolor",5.04,1,0.7,0.05
248,US-2017-000120,2017-10-10,2017-10-15,Standard Class,susan-1253,Susan Davis,Corporate,United States,Fargo,North Dakota,61492,Central,FUR-CHAI-1482,Furniture,Chairs,"SAFCO Chair Steel, Gray",541.39,1,0,108.28
249,US-2016-000121,2016-12-01,2016-12-06,Standard Class,thomas-1391,Thomas Lee,Consumer,United States,Fargo,North Dakota,50502,Central,TEC-ACCE-8359,Technology,Accessories,"SanDisk Headset Pro, White",45.46,1,0.3,6.23
250,US-2016-000121,2016-12-01,2016-12-06,Standard Class,thomas-1391,Thomas Lee,Consumer,United States,Fargo,North Dakota,79857,Central,TEC-PHON-3378,Technology,Phones,"Samsung Phone Steel, Gray",215.66,1,0,73.32
251,US-2017-000122,2017-11-04,2017-11-07,Second Class,thomas-1325,Thomas Green,Consumer,United States,Atlanta,Georgia,27242,South,TEC-ACCE-8258,Technology,Accessories,"Kensington Headset Eco, Gray",312.09,3,0,118.59
252,US-2017-000122,2017-11-04,2017-11-07,Second Class,thomas-1325,Thomas Green,Consumer,United States,Atlanta,Georgia,13419,South,OFF-ART-4783,Office Supplies,Art,"Binney & Smith Sketch Book Eco, Multicolor",57.69,3,0,25.96
253,US-2017-000122,2017-11-04,2017-11-07,Second Class,thomas-1325,Thomas Green,Consumer,United States,Atlanta,Georgia,28025,South,OFF-STOR-3196,Office Supplies,Storage,"Fellowes Storage Bin Classic, Gray",265.16,4,0,53.03
254,US-2015-000123,2015-01-11,2015-01-11,Same Day,anthony-1418,Anthony Martinez,Home Office,United States,San Diego,California,52585,West,OFF-BIND-3901,Office Supplies,Binders,"Wilson Jones Binder 100 Series, Gray",219.42,6,0,83.38
255,US-2017-000124,2017-01-27,2017-01-29,First Class,mary-1111,Mary Martin,Consumer,United States,Tulsa,Oklahoma,49919,Central,OFF-ENVE-1643,Office Supplies,Envelopes,"Southworth Envelope Steel, Gray",49.29,3,0,22.18
256,US-2017-000125,2017-04-19,2017-04-22,Second Class,steven-1170,Steven Lee,Consumer,United States,Little Rock,Arkansas,86736,South,TEC-PHON-8400,Technology,Phones,"Samsung Phone Classic, Black",506.7,2,0,172.28
257,US-2014-000126,2014-11-22,2014-11-27,Standard Class,betty-1461,Betty Anderson,Home Office,United States,New York City,New York,21953,East,OFF-BIND-5097,Office Supplies,Binders,"GBC Binder 100 Series, Black",65.09,3,0.2,3.65
258,US-2014-000126,2014-11-22,2014-11-27,Standard Class,betty-1461,Betty Anderson,Home Office,United States,New York City,New York,30959,East,FUR-TABL-2397,Furniture,Tables,"Lesro Table Pro, White",2093.2,5,0,-272.12
259,US-2014-000126,2014-11-22,2014-11-27,Standard Class,betty-1461,Betty Anderson,Home Office,United States,New York City,New York,33445,East,OFF-SUPP-1719,Office Supplies,Supplies,"Novimex Supply Kit Steel, Gray",58.74,2,0.3,-7.05
260,US-2014-000126,2014-11-22,2014-11-27,Standard Class,betty-1461,Betty Anderson,Home Office,United States,New York City,New York,27246,East,FUR-CHAI-6071,Furniture,Chairs,"Office Star Chair Eco, Gray",286.16,1,0,57.23
261,US-2017-000127,2017-11-17,2017-11-22,Standard Class,david-1259,David Hall,Consumer,United States,Sacramento,California,10862,West,FUR-BOOK-4897,Furniture,Bookcases,"Harbour Creations Bookcase Classic, Black",437.94,3,0.1,6.13
262,US-2017-000127,2017-11-17,2017-11-22,Standard Class,david-1259,David Hall,Consumer,United States,Sacramento,California,14814,West,OFF-ENVE-4401,Office Supplies,Envelopes,"Southworth Envelope Eco, Black",13.46,1,0.1,5.09
263,US-2014-000128,2014-12-10,2014-12-15,Standard Class,john-1591,John Hall,Corporate,United States,Burlington,Vermont,69683,East,FUR-TABL-3643,Furniture,Tables,"Lesro Table 200 Series, Gray",978.93,3,0,-127.26
264,US-2017-000129,2017-03-21,2017-03-26,Standard Class,matthew-1036,Matthew Jackson,Consumer,United States,Tampa,Florida,45969,South,FUR-FURN-5797,Furniture,Furnishings,"Tenex Furnishing 100 Series, Multicolor",109.54,2,0,41.63
265,US-2017-000129,2017-03-21,2017-03-26,Standard Class,matthew-1036,Matthew Jackson,Consumer,United States,Tampa,Florida,79331,South,OFF-PAPE-9595,Office Supplies,Paper,"Mead Copy Paper Steel, Black",6.84,1,0.7,-1.01
266,US-2017-000129,2017-03-21,2017-03-26,Standard Class,matthew-1036,Matthew Jackson,Consumer,United States,Tampa,Florida,78865,South,FUR-FURN-7996,Furniture,Furnishings,"Tenex Furnishing Eco, Multicolor",231.51,3,0,87.97
267,US-2017-000129,2017-03-21,2017-03-26,Standard Class,matthew-1036,Matthew Jackson,Consumer,United States,Tampa,Florida,35370,South,OFF-STOR-9514,Office Supplies,Storage,"Iceberg Storage Bin Classic, White",531.65,5,0,106.33
268,US-2014-000130,2014-01-12,2014-01-14,First Class,betty-1640,Betty Lopez,Home Office,United States,Cincinnati,Ohio,93968,Central,TEC-ACCE-6468,Technology,Accessories,"Kensington Headset, Black",468.9,5,0,178.18
269,US-2014-000130,2014-01-12,2014-01-14,First Class,betty-1640,Betty Lopez,Home Office,United States,Cincinnati,Ohio,54743,Central,OFF-BIND-2111,Office Supplies,Binders,"Cardinal Binder Eco, Black",49.84,2,0.1,10.87
270,US-2014-000130,2014-01-12,2014-01-14,First Class,betty-1640,Betty Lopez,Home Office,United States,Cincinnati,Ohio,72798,Central,OFF-SUPP-3877,Office Supplies,Supplies,"Novimex Supply Kit, Black",165.53,6,0.4,-34.76
271,US-2016-000131,2016-11-17,2016-11-22,Standard Class,john-1642,John Garcia,Consumer,United States,Des Moines,Iowa,18679,Central,FUR-CHAI-6169,Furniture,Chairs,"Harbour Creations Chair Eco, White",583.2,3,0.2,-19.83
272,US-2016-000131,2016-11-17,2016-11-22,Standard Class,john-1642,John Garcia,Consumer,United States,Des Moines,Iowa,61062,Central,OFF-APPL-6556,Office Supplies,Appliances,"Honeywell Appliance, Gray",1348.22,6,0.1,256.16
273,US-2016-000131,2016-11-17,2016-11-22,Standard Class,john-1642,John Garcia,Consumer,United States,Des Moines,Iowa,75150,Central,OFF-ART-6050,Office Supplies,Art,"Prang Sketch Book 100 Series, Multicolor",86.08,4,0,38.74
274,US-2017-000132,2017-08-16,2017-08-21,Standard Class,james-1309,James Lewis,Corporate,United States,Jersey City,New Jersey,54580,East,FUR-CHAI-8270,Furniture,Chairs,"Global Value Chair 100 Series, Gray",2691.2,8,0,538.24
275,US-2017-000132,2017-08-16,2017-08-21,Standard Class,james-1309,James Lewis,Corporate,United States,Jersey City,New Jersey,27396,East,TEC-MACH-6363,Technology,Machines,"Zebra Printer Eco, Black",4793.48,7,0.1,-407.45
276,US-2015-000133,2015-03-22,2015-03-27,Standard Class,kimberly-1396,Kimberly Hall,Consumer,United States,Albuquerque,New Mexico,50958,West,FUR-FURN-1755,Furniture,Furnishings,"Newell Furnishing Classic, Multicolor",29.88,1,0.2,6.51
277,US-2015-000133,2015-03-22,2015-03-27,Standard Class,kimberly-1396,Kimberly Hall,Consumer,United States,Albuquerque,New Mexico,25421,West,FUR-BOOK-4438,Furniture,Bookcases,"Harbour Creations Bookcase Eco, Black",203.25,1,0,28.46
278,US-2015-000133,2015-03-22,2015-03-27,Standard Class,kimberly-1396,Kimberly Hall,Consumer,United States,Albuquerque,New Mexico,23419,West,OFF-FAST-5483,Office Supplies,Fasteners,"Advantus Fastener 200 Series, Black",96.39,10,0.1,36.44
279,US-2015-000133,2015-03-22,2015-03-27,Standard Class,kimberly-1396,Kimberly Hall,Consumer,United States,Albuquerque,New Mexico,50813,West,OFF-BIND-6218,Office Supplies,Binders,"Samsung Binder Pro, Black",276.12,9,0,104.93
280,US-2016-000134,2016-10-08,2016-10-13,Standard Class,susan-1454,Susan Martin,Consumer,United States,Seattle,Washington,87694,West,FUR-CHAI-1881,Furniture,Chairs,"HON Chair Steel, Black",373.22,2,0.2,-12.69
281,US-2016-000134,2016-10-08,2016-10-13,Standard Class,susan-1454,Susan Martin,Consumer,United States,Seattle,Washington,71040,West,TEC-COPI-6119,Technology,Copiers,"Ricoh Copier Pro, Black",919.02,1,0,376.8
282,US-2016-000134,2016-10-08,2016-10-13,Standard Class,susan-1454,Susan Martin,Consumer,United States,Seattle,Washington,71001,West,OFF-APPL-2593,Office Supplies,Appliances,"Eldon Appliance Classic, Black",252.02,3,0.2,25.2
283,US-2016-000134,2016-10-08,2016-10-13,Standard Class,susan-1454,Susan Martin,Consumer,United States,Seattle,Washington,52568,West,TEC-MACH-3354,Technology,Machines,"Epson Printer Deluxe, Gray",3277.8,8,0.1,-278.61
284,US-2016-000135,2016-03-17,2016-03-22,Standard Class,david-1486,David Miller,Home Office,United States,Cleveland,Ohio,52713,Central,OFF-LABE-9322,Office Supplies,Labels,"Smead Label 200 Series, Black",58.28,5,0.2,17.83
285,US-2016-000135,2016-03-17,2016-03-22,Standard Class,david-1486,David Miller,Home Office,United States,Cleveland,Ohio,73226,Central,FUR-FURN-7566,Furniture,Furnishings,"Newell Furnishing Classic, Multicolor",212.49,3,0,80.75
286,US-2016-000135,2016-03-17,2016-03-22,Standard Class,david-1486,David Miller,Home Office,United States,Cleveland,Ohio,54853,Central,OFF-SUPP-4411,Office Supplies,Supplies,"Acme Supply Kit Pro, Gray",261.9,5,0,39.28
287,US-2016-000136,2016-07-14,2016-07-17,Second Class,elizabeth-1678,Elizabeth Brown,Consumer,United States,Boise,Idaho,88173,West,TEC-MACH-6330,Technology,Machines,"Cubify Printer Classic, Gray",669.84,1,0,33.49
288,US-2016-000136,2016-07-14,2016-07-17,Second Class,elizabeth-1678,Elizabeth Brown,Consumer,United States,Boise,Idaho,93380,West,OFF-SUPP-2007,Office Supplies,Supplies,"Elite Supply Kit Classic, Black",131.91,5,0.4,-27.7
289,US-2016-000136,2016-07-14,2016-07-17,Second Class,elizabeth-1678,Elizabeth Brown,Consumer,United States,Boise,Idaho,84748,West,FUR-BOOK-8421,Furniture,Bookcases,"Sauder Bookcase 200 Series, White",700.2,3,0,98.03
290,US-2017-000137,2017-11-25,2017-11-27,First Class,sandra-1573,Sandra Johnson,Consumer,United States,Portland,Oregon,32730,West,OFF-ENVE-6212,Office Supplies,Envelopes,"Quality Park Envelope Steel, White",36.78,2,0,16.55
291,US-2017-000137,2017-11-25,2017-11-27,First Class,sandra-1573,Sandra Johnson,Consumer,United States,Portland,Oregon,11521,West,TEC-MACH-7301,Technology,Machines,"Epson Printer Deluxe, White",1107.4,2,0,55.37
292,US-2017-000137,2017-11-25,2017-11-27,First Class,sandra-1573,Sandra Johnson,Consumer,United States,Portland,Oregon,27797,West,FUR-FURN-8974,Furniture,Furnishings,"Eldon Furnishing 200 Series, Multicolor",90.32,3,0.7,-16.89
293,US-2016-000138,2016-02-09,2016-02-14,Standard Class,nancy-1521,Nancy Walker,Home Office,United States,Little Rock,Arkansas,14964,South,TEC-ACCE-9161,Technology,Accessories,"Verbatim Headset, White",160.8,2,0,61.1
294,US-2017-000139,2017-01-10,2017-01-15,Standard Class,jennifer-1748,Jennifer Lewis,Corporate,United States,Fargo,North Dakota,85974,Central,FUR-FURN-2279,Furniture,Furnishings,"Howard Miller Furnishing Classic, Multicolor",216.78,3,0.1,64.82
295,US-2015-000140,2015-09-03,2015-09-08,Standard Class,steven-1351,Steven Wright,Corporate,United States,Sioux Falls,South Dakota,88334,Central,TEC-MACH-7897,Technology,Machines,"Zebra Printer Pro, Black",5911.78,11,0.1,-502.5
296,US-2015-000140,2015-09-03,2015-09-08,Standard Class,steven-1351,Steven Wright,Corporate,United States,Sioux Falls,South Dakota,48241,Central,OFF-LABE-2006,Office Supplies,Labels,"Novimex Label Eco, Gray",24.37,2,0.1,9.21
297,US-2015-000141,2015-07-27,2015-08-01,Standard Class,lisa-1517,Lisa Martin,Consumer,United States,Pittsburgh,Pennsylvania,40959,East,OFF-FAST-2827,Office Supplies,Fasteners,"Staples Fastener, Gray",31.88,4,0,14.35
298,US-2015-000141,2015-07-27,2015-08-01,Standard Class,lisa-1517,Lisa Martin,Consumer,United States,Pittsburgh,Pennsylvania,75005,East,TEC-MACH-6617,Technology,Machines,"Epson Printer, Gray",1070.39,3,0.3,-379.99
299,US-2017-000142,2017-02-22,2017-02-27,Standard Class,john-1591,John Hall,Corporate,United States,Hartford,Connecticut,59782,East,FUR-TABL-8602,Furniture,Tables,"Bevis Table 200 Series, Black",428.16,1,0.1,-113.46
300,US-2017-000143,2017-11-12,2017-11-12,Same Day,matthew-1544,Matthew Lee,Consumer,United States,Reno,Nevada,98512,West,OFF-FAST-5375,Office Supplies,Fasteners,"Staples Fastener Eco, White",17.07,3,0,7.68
301,US-2017-000143,2017-11-12,2017-11-12,Same Day,matthew-1544,Matthew Lee,Consumer,United States,Reno,Nevada,18907,West,OFF-ENVE-9518,Office Supplies,Envelopes,"Southworth Envelope Deluxe, Black",42.26,3,0.1,15.97
302,US-2014-000144,2014-02-22,2014-02-27,Standard Class,john-1106,John Miller,Consumer,United States,Billings,Montana,38420,West,OFF-FAST-1388,Office Supplies,Fasteners,"Advantus Fastener, White",20.27,3,0.4,3.28
303,US-2014-000144,2014-02-22,2014-02-27,Standard Class,john-1106,John Miller,Consumer,United States,Billings,Montana,24529,West,FUR-TABL-3128,Furniture,Tables,"Bevis Table 100 Series, Black",1464.24,4,0,-190.35
304,US-2014-000144,2014-02-22,2014-02-27,Standard Class,john-1106,John Miller,Consumer,United States,Billings,Montana,69434,West,OFF-ART-8650,Office Supplies,Art,"Sanford Sketch Book Eco, Multicolor",45.03,3,0,20.26
305,US-2017-000145,2017-10-06,2017-10-11,Standard Class,elizabeth-1437,Elizabeth Smith,Home Office,United States,Cheyenne,Wyoming,74451,West,OFF-FAST-7366,Office Supplies,Fasteners,"OIC Fastener Steel, Black",10.49,1,0,4.72
306,US-2017-000145,2017-10-06,2017-10-11,Standard Class,elizabeth-1437,Elizabeth Smith,Home Office,United States,Cheyenne,Wyoming,90474,West,OFF-BIND-3923,Office Supplies,Binders,"Samsung Binder Steel, White",53.34,2,0,20.27
307,US-2017-000145,2017-10-06,2017-10-11,Standard Class,elizabeth-1437,Elizabeth Smith,Home Office,United States,Cheyenne,Wyoming,75235,West,FUR-TABL-2692,Furniture,Tables,"Lesro Table Eco, Black",454.27,1,0,-59.06
308,US-2017-000146,2017-11-15,2017-11-17,First Class,anthony-1547,Anthony Hall,Consumer,United States,Baltimore,Maryland,23995,East,OFF-LABE-1644,Office Supplies,Labels,"Dax Label 200 Series, Gray",7.47,1,0,3.36
309,US-2017-000146,2017-11-15,2017-11-17,First Class,anthony-1547,Anthony Hall,Consumer,United States,Baltimore,Maryland,18257,East,OFF-STOR-8175,Office Supplies,Storage,"Deflect-O Storage Bin 100 Series, White",89.7,1,0,17.94
310,US-2017-000146,2017-11-15,2017-11-17,First Class,anthony-1547,Anthony Hall,Consumer,United States,Baltimore,Maryland,15612,East,OFF-LABE-1268,Office Supplies,Labels,"Harbour Creations Label Classic, Black",6.82,1,0.2,2.09
311,US-2016-000147,2016-01-12,2016-01-14,First Class,anthony-1669,Anthony Harris,Consumer,United States,Boise,Idaho,16004,West,OFF-APPL-2180,Office Supplies,Appliances,"Kitchex Appliance Deluxe, Black",90.19,1,0.4,-7.22
312,US-2016-000147,2016-01-12,2016-01-14,First Class,anthony-1669,Anthony Harris,Consumer,United States,Boise,Idaho,90115,West,OFF-ENVE-3822,Office Supplies,Envelopes,"Columbian Envelope, Gray",55.7,5,0,25.06
313,US-2016-000147,2016-01-12,2016-01-14,First Class,anthony-1669,Anthony Harris,Consumer,United States,Boise,Idaho,36561,West,OFF-ART-2742,Office Supplies,Art,"Prang Sketch Book 100 Series, Multicolor",16.46,1,0,7.41
314,US-2016-000148,2016-08-23,2016-08-28,Standard Class,thomas-1218,Thomas Scott,Consumer,United States,Dallas,Texas,23103,Central,OFF-APPL-7060,Office Supplies,Appliances,"GE Appliance 200 Series, White",1160.64,8,0,324.98
315,US-2015-000149,2015-12-03,2015-12-08,Standard Class,jennifer-1498,Jennifer Brown,Corporate,United States,Miami,Florida,90025,South,OFF-LABE-3079,Office Supplies,Labels,"Harbour Creations Label Classic, Black",13.96,3,0.5,1.26
316,US-2015-000149,2015-12-03,2015-12-08,Standard Class,jennifer-1498,Jennifer Brown,Corporate,United States,Miami,Florida,64892,South,FUR-CHAI-9190,Furniture,Chairs,"Harbour Creations Chair 200 Series, White",1547.55,5,0,309.51
317,US-2015-000149,2015-12-03,2015-12-08,Standard Class,jennifer-1498,Jennifer Brown,Corporate,United States,Miami,Florida,80743,South,FUR-BOOK-4144,Furniture,Bookcases,"Harbour Creations Bookcase Deluxe, Black",393.78,2,0.2,-44.1
318,US-2015-000149,2015-12-03,2015-12-08,Standard Class,jennifer-1498,Jennifer Brown,Corporate,United States,Miami,Florida,99817,South,TEC-PHON-4409,Technology,Phones,"Samsung Phone Classic, Black",214.65,1,0.2,34.34
319,US-2016-000150,2016-05-14,2016-05-19,Standard Class,john-1044,John Harris,Consumer,United States,Tacoma,Washington,77490,West,OFF-FAST-1709,Office Supplies,Fasteners,"Staples Fastener Classic, Black",7.87,1,0,3.54
320,US-2015-000151,2015-09-22,2015-09-25,Second Class,susan-1693,Susan Davis,Corporate,United States,St. Louis,Missouri,73493,Central,FUR-TABL-4276,Furniture,Tables,"BPI Table Steel, Black",465.59,1,0,-60.53
321,US-2016-000152,2016-03-23,2016-03-28,Standard Class,nancy-1367,Nancy Moore,Consumer,United States,Louisville,Kentucky,93624,South,FUR-CHAI-2820,Furniture,Chairs,"SAFCO Chair 200 Series, White",214.7,1,0.1,17.82
322,US-2016-000153,2016-03-30,2016-04-04,Standard Class,betty-1438,Betty Anderson,Consumer,United States,Washington,District of Columbia,76089,East,OFF-ENVE-1083,Office Supplies,Envelopes,"Southworth Envelope 200 Series, Black",3.87,1,0.8,-0.49
323,US-2016-000153,2016-03-30,2016-04-04,Standard Class,betty-1438,Betty Anderson,Consumer,United States,Washington,District of Columbia,63297,East,FUR-CHAI-8852,Furniture,Chairs,"Office Star Chair Steel, Gray",232.55,1,0.2,-7.91
324,US-2017-000154,2017-11-05,2017-11-10,Standard Class,michael-1302,Michael Lopez,Consumer,United States,Denver,Colorado,63132,West,OFF-ART-8452,Office Supplies,Art,"BIC Sketch Book, Multicolor",44.12,2,0,19.85
325,US-2017-000154,2017-11-05,2017-11-10,Standard Class,michael-1302,Michael Lopez,Consumer,United States,Denver,Colorado,14288,West,OFF-ART-1022,Office Supplies,Art,"Sanford Sketch Book Classic, Multicolor",187.5,6,0,84.38
326,US-2016-000155,2016-08-22,2016-08-25,Second Class,mark-1701,Mark Moore,Consumer,United States,Tampa,Florida,32973,South,OFF-STOR-7274,Office Supplies,Storage,"Fellowes Storage Bin 100 Series, Black",342.03,3,0,68.41
327,US-2014-000156,2014-11-28,2014-12-03,Standard Class,christopher-1552,Christopher Miller,Consumer,United States,Cincinnati,Ohio,75727,Central,OFF-BIND-6778,Office Supplies,Binders,"Wilson Jones Binder Pro, Gray",67.22,2,0,25.54
328,US-2014-000156,2014-11-28,2014-12-03,Standard Class,christopher-1552,Christopher Miller,Consumer,United States,Cincinnati,Ohio,98252,Central,TEC-PHON-9714,Technology,Phones,"Apple Phone Classic, Gray",231.4,1,0.1,57.85
329,US-2014-000156,2014-11-28,2014-12-03,Standard Class,christopher-1552,Christopher Miller,Consumer,United States,Cincinnati,Ohio,24335,Central,FUR-FURN-2430,Furniture,Furnishings,"Howard Miller Furnishing Classic, Multicolor",40.09,1,0.5,-1.0
330,US-2014-000156,2014-11-28,2014-12-03,Standard Class,christopher-1552,Christopher Miller,Consumer,United States,Cincinnati,Ohio,78248,Central,OFF-ART-3424,Office Supplies,Art,"Sanford Sketch Book 100 Series, Multicolor",27.45,2,0.3,7.16
331,US-2017-000157,2017-11-08,2017-11-13,Standard Class,john-1426,John Davis,Consumer,United States,Billings,Montana,85852,West,FUR-BOOK-2031,Furniture,Bookcases,"Tennsco Bookcase Deluxe, Black",1192.3,5,0,166.92
332,US-2017-000157,2017-11-08,2017-11-13,Standard Class,john-1426,John Davis,Consumer,United States,Billings,Montana,50173,West,OFF-PAPE-9686,Office Supplies,Paper,"Wausau Copy Paper Classic, White",13.87,1,0,5.83
333,US-2015-000158,2015-01-25,2015-01-28,Second Class,ashley-1495,Ashley Scott,Corporate,United States,Baton Rouge,Louisiana,97341,South,OFF-STOR-3725,Office Supplies,Storage,"Tennsco Storage Bin Classic, White",160.58,2,0.2,0.32
334,US-2017-000159,2017-05-13,2017-05-18,Standard Class,william-1119,William Davis,Consumer,United States,Austin,Texas,31312,Central,OFF-STOR-1568,Office Supplies,Storage,"Iceberg Storage Bin Deluxe, Gray",106.82,1,0,21.36
335,US-2017-000159,2017-05-13,2017-05-18,Standard Class,william-1119,William Davis,Consumer,United States,Austin,Texas,81585,Central,OFF-LABE-7628,Office Supplies,Labels,"Avery Label, Gray",36.13,9,0.7,-1.95
336,US-2017-000160,2017-12-04,2017-12-06,First Class,emily-1722,Emily Wilson,Corporate,United States,Madison,Wisconsin,82216,Central,OFF-APPL-6549,Office Supplies,Appliances,"Kitchex Appliance Classic, Gray",1156.19,7,0,323.73
337,US-2017-000160,2017-12-04,2017-12-06,First Class,emily-1722,Emily Wilson,Corporate,United States,Madison,Wisconsin,79001,Central,FUR-TABL-7580,Furniture,Tables,"Bretford Table, White",413.27,1,0,-53.73
338,US-2017-000160,2017-12-04,2017-12-06,First Class,emily-1722,Emily Wilson,Corporate,United States,Madison,Wisconsin,21453,Central,OFF-ENVE-1369,Office Supplies,Envelopes,"Jiffy Envelope Deluxe, Black",95.8,6,0.1,36.21
339,US-2017-000160,2017-12-04,2017-12-06,First Class,emily-1722,Emily Wilson,Corporate,United States,Madison,Wisconsin,29392,Central,TEC-PHON-9035,Technology,Phones,"Cisco Phone Deluxe, Black",1044.69,3,0,355.19
340,US-2015-000161,2015-12-17,2015-12-17,Same Day,david-1353,David Thompson,Consumer,United States,Eugene,Oregon,65553,West,FUR-FURN-7809,Furniture,Furnishings,"Howard Miller Furnishing Classic, Multicolor",291.4,5,0,110.73
341,US-2015-000161,2015-12-17,2015-12-17,Same Day,david-1353,David Thompson,Consumer,United States,Eugene,Oregon,87422,West,TEC-ACCE-3353,Technology,Accessories,"Belkin Headset 100 Series, Black",301.36,2,0,114.52
342,US-2015-000161,2015-12-17,2015-12-17,Same Day,david-1353,David Thompson,Consumer,United States,Eugene,Oregon,84438,West,OFF-SUPP-7708,Office Supplies,Supplies,"Acme Supply Kit, White",23.49,1,0,3.52
343,US-2017-000162,2017-03-28,2017-04-02,Standard Class,richard-1190,Richard Lee,Home Office,United States,Montgomery,Alabama,93436,South,OFF-LABE-9095,Office Supplies,Labels,"Novimex Label Eco, White",7.03,1,0.5,0.63
344,US-2017-000163,2017-09-02,2017-09-07,Standard Class,christopher-1503,Christopher Brown,Corporate,United States,Cheyenne,Wyoming,25675,West,TEC-MACH-8872,Technology,Machines,"Cubify Printer Pro, Gray",1864.92,3,0,93.25
345,US-2017-000163,2017-09-02,2017-09-07,Standard Class,christopher-1503,Christopher Brown,Corporate,United States,Cheyenne,Wyoming,31406,West,OFF-STOR-5252,Office Supplies,Storage,"Carina Storage Bin, Black",76.81,1,0,15.36
346,US-2017-000163,2017-09-02,2017-09-07,Standard Class,christopher-1503,Christopher Brown,Corporate,United States,Cheyenne,Wyoming,93748,West,FUR-CHAI-7873,Furniture,Chairs,"SAFCO Chair Pro, Gray",450.87,1,0,90.17
347,US-2017-000164,2017-04-10,2017-04-15,Standard Class,mary-1096,Mary Harris,Home Office,United States,Burlington,Vermont,64001,East,OFF-LABE-2570,Office Supplies,Labels,"Smead Label Pro, White",10.72,1,0.2,3.28
348,US-2017-000164,2017-04-10,2017-04-15,Standard Class,mary-1096,Mary Harris,Home Office,United States,Burlington,Vermont,83225,East,OFF-PAPE-4569,Office Supplies,Paper,"Southworth Copy Paper 100 Series, Black",20.44,1,0,8.58
349,US-2017-000164,2017-04-10,2017-04-15,Standard Class,mary-1096,Mary Harris,Home Office,United States,Burlington,Vermont,50839,East,TEC-PHON-7837,Technology,Phones,"Plantronics Phone 100 Series, Black",290.17,1,0,98.66
350,US-2017-000165,2017-01-11,2017-01-16,Standard Class,sarah-1452,Sarah Garcia,Consumer,United States,Burlington,Vermont,65681,East,FUR-TABL-3332,Furniture,Tables,"BPI Table 200 Series, White",78.8,1,0.7,-84.71
351,US-2017-000166,2017-03-31,2017-04-05,Standard Class,emily-1110,Emily Wright,Corporate,United States,Houston,Texas,56077,Central,FUR-CHAI-1168,Furniture,Chairs,"HON Chair Eco, Gray",2895.12,8,0,579.02
352,US-2017-000166,2017-03-31,2017-04-05,Standard Class,emily-1110,Emily Wright,Corporate,United States,Houston,Texas,90342,Central,FUR-BOOK-5544,Furniture,Bookcases,"O'Donnell Bookcase 200 Series, White",305.52,1,0,42.77
353,US-2017-000166,2017-03-31,2017-04-05,Standard Class,emily-1110,Emily Wright,Corporate,United States,Houston,Texas,80403,Central,OFF-ENVE-2623,Office Supplies,Envelopes,"Southworth Envelope 100 Series, Gray",24.62,2,0,11.08
354,US-2017-000166,2017-03-31,2017-04-05,Standard Class,emily-1110,Emily Wright,Corporate,United States,Houston,Texas,98281,Central,FUR-BOOK-9260,Furniture,Bookcases,"O'Donnell Bookcase Deluxe, White",373.92,4,0,52.35
355,US-2017-000167,2017-11-14,2017-11-19,Standard Class,mary-1363,Mary Moore,Consumer,United States,Montgomery,Alabama,15323,South,FUR-TABL-8633,Furniture,Tables,"Bretford Table 100 Series, Black",443.44,1,0.1,-117.51
356,US-2015-000168,2015-12-15,2015-12-20,Standard Class,nancy-1753,Nancy Thompson,Consumer,United States,St. Paul,Minnesota,98093,Central,TEC-ACCE-8793,Technology,Accessories,"Belkin Headset 100 Series, White",62.13,1,0.1,18.58
357,US-2015-000168,2015-12-15,2015-12-20,Standard Class,nancy-1753,Nancy Thompson,Consumer,United States,St. Paul,Minnesota,32115,Central,FUR-TABL-9563,Furniture,Tables,"Lesro Table Classic, White",365.51,1,0,-47.52
358,US-2017-000169,2017-12-20,2017-12-25,Standard Class,richard-1434,Richard Wright,Consumer,United States,Hartford,Connecticut,29317,East,OFF-FAST-8795,Office Supplies,Fasteners,"Elite Fastener Pro, Gray",126.6,12,0,56.97
359,US-2017-000169,2017-12-20,2017-12-25,Standard Class,richard-1434,Richard Wright,Consumer,United States,Hartford,Connecticut,18943,East,TEC-COPI-5107,Technology,Copiers,"Canon Copier 100 Series, Black",756.39,1,0.2,201.2
360,US-2017-000169,2017-12-20,2017-12-25,Standard Class,richard-1434,Richard Wright,Consumer,United States,Hartford,Connecticut,20030,East,TEC-MACH-7269,Technology,Machines,"Cubify Printer 200 Series, White",547.33,1,0.1,-46.52
361,US-2016-000170,2016-12-06,2016-12-11,Standard Class,karen-1504,Karen Moore,Corporate,United States,Des Moines,Iowa,51230,Central,TEC-PHON-9856,Technology,Phones,"Panasonic Phone Pro, Gray",133.81,1,0,45.5
362,US-2016-000170,2016-12-06,2016-12-11,Standard Class,karen-1504,Karen Moore,Corporate,United States,Des Moines,Iowa,49721,Central,OFF-SUPP-1589,Office Supplies,Supplies,"Harbour Creations Supply Kit Classic, Black",76.03,2,0.3,-9.12
363,US-2017-000171,2017-08-24,2017-08-27,Second Class,sandra-1441,Sandra Jackson,Home Office,United States,Grand Rapids,Michigan,59519,Central,FUR-TABL-9837,Furniture,Tables,"Chromcraft Table Classic, White",2249.16,6,0,-292.39
364,US-2017-000171,2017-08-24,2017-08-27,Second Class,sandra-1441,Sandra Jackson,Home Office,United States,Grand Rapids,Michigan,55728,Central,OFF-STOR-2006,Office Supplies,Storage,"Tennsco Storage Bin Pro, Black",65.89,1,0.3,-6.39
365,US-2015-000172,2015-12-09,2015-12-14,Standard Class,mark-1365,Mark Anderson,Home Office,United States,Jackson,Mississippi,65375,South,OFF-ENVE-2073,Office Supplies,Envelopes,"Jiffy Envelope 100 Series, White",11.85,1,0.1,4.48
366,US-2015-000173,2015-12-05,2015-12-10,Standard Class,patricia-1586,Patricia Martin,Consumer,United States,Aurora,Illinois,19873,Central,OFF-PAPE-3730,Office Supplies,Paper,"Georgia Pacific Copy Paper Pro, White",35.48,2,0,14.9
367,US-2015-000173,2015-12-05,2015-12-10,Standard Class,patricia-1586,Patricia Martin,Consumer,United States,Aurora,Illinois,85785,Central,OFF-BIND-1778,Office Supplies,Binders,"Cardinal Binder Eco, Black",30.9,2,0.5,-13.29
368,US-2015-000173,2015-12-05,2015-12-10,Standard Class,patricia-1586,Patricia Martin,Consumer,United States,Aurora,Illinois,37491,Central,FUR-TABL-5478,Furniture,Tables,"Chromcraft Table Pro, Black",1704.0,5,0,-221.52
369,US-2015-000174,2015-10-23,2015-10-28,Standard Class,james-1309,James Lewis,Corporate,United States,Indianapolis,Indiana,34451,Central,OFF-BIND-5116,Office Supplies,Binders,"GBC Binder Steel, White",91.2,4,0.2,5.11
370,US-2015-000174,2015-10-23,2015-10-28,Standard Class,james-1309,James Lewis,Corporate,United States,Indianapolis,Indiana,66850,Central,TEC-MACH-5389,Technology,Machines,"Epson Printer Classic, Gray",1545.5,3,0.2,-340.01
371,US-2014-000175,2014-06-26,2014-07-01,Standard Class,john-1473,John Johnson,Home Office,United States,Atlanta,Georgia,31049,South,OFF-LABE-6220,Office Supplies,Labels,"Harbour Creations Label Steel, Gray",39.54,3,0,17.79
372,US-2014-000175,2014-06-26,2014-07-01,Standard Class,john-1473,John Johnson,Home Office,United States,Atlanta,Georgia,50704,South,OFF-FAST-7649,Office Supplies,Fasteners,"Harbour Creations Fastener Deluxe, Black",7.71,1,0,3.47
373,US-2014-000175,2014-06-26,2014-07-01,Standard Class,john-1473,John Johnson,Home Office,United States,Atlanta,Georgia,96334,South,TEC-COPI-7914,Technology,Copiers,"Sharp Copier Steel, White",700.15,1,0.3,135.83
374,US-2017-000176,2017-04-29,2017-05-01,First Class,michael-1085,Michael Brown,Consumer,United States,Kansas City,Missouri,75569,Central,TEC-ACCE-7502,Technology,Accessories,"SanDisk Headset 100 Series, Gray",118.5,1,0,45.03
375,US-2017-000176,2017-04-29,2017-05-01,First Class,michael-1085,Michael Brown,Consumer,United States,Kansas City,Missouri,61112,Central,FUR-TABL-9133,Furniture,Tables,"Chromcraft Table Eco, White",461.62,1,0.1,-122.33
376,US-2017-000176,2017-04-29,2017-05-01,First Class,michael-1085,Michael Brown,Consumer,United States,Kansas City,Missouri,63527,Central,OFF-ENVE-3363,Office Supplies,Envelopes,"Quality Park Envelope Deluxe, Black",11.42,1,0,5.14
377,US-2017-000176,2017-04-29,2017-05-01,First Class,michael-1085,Michael Brown,Consumer,United States,Kansas City,Missouri,46404,Central,OFF-FAST-9034,Office Supplies,Fasteners,"Harbour Creations Fastener, Gray",6.84,1,0,3.08
378,US-2017-000177,2017-06-13,2017-06-16,Second Class,william-1620,William Williams,Consumer,United States,Houston,Texas,80112,Central,OFF-ENVE-6067,Office Supplies,Envelopes,"Jiffy Envelope Steel, Gray",93.67,8,0.1,35.41
379,US-2017-000177,2017-06-13,2017-06-16,Second Class,william-1620,William Williams,Consumer,United States,Houston,Texas,40863,Central,OFF-ENVE-1128,Office Supplies,Envelopes,"Quality Park Envelope Steel, White",107.41,11,0.3,25.13
380,US-2017-000177,2017-06-13,2017-06-16,Second Class,william-1620,William Williams,Consumer,United States,Houston,Texas,14441,Central,OFF-LABE-8190,Office Supplies,Labels,"Dax Label 200 Series, Gray",52.6,4,0,23.67
381,US-2015-000178,2015-07-07,2015-07-09,First Class,christopher-1503,Christopher Brown,Corporate,United States,Wichita,Kansas,13585,Central,TEC-ACCE-5275,Technology,Accessories,"Logitech Headset 200 Series, White",359.01,3,0,136.42
382,US-2016-000179,2016-11-12,2016-11-17,Standard Class,matthew-1204,Matthew Thompson,Consumer,United States,Reno,Nevada,72701,West,OFF-ART-7722,Office Supplies,Art,"Newell Sketch Book 200 Series, Multicolor",73.5,5,0,33.07
383,US-2017-000180,2017-08-12,2017-08-15,Second Class,daniel-1177,Daniel Miller,Consumer,United States,Billings,Montana,94818,West,TEC-ACCE-7447,Technology,Accessories,"SanDisk Headset 200 Series, Gray",478.67,7,0.4,26.81
384,US-2016-000181,2016-10-07,2016-10-12,Standard Class,linda-1091,Linda Miller,Consumer,United States,Des Moines,Iowa,84350,Central,FUR-CHAI-5262,Furniture,Chairs,"Office Star Chair Steel, Black",4890.5,10,0,978.1
385,US-2016-000181,2016-10-07,2016-10-12,Standard Class,linda-1091,Linda Miller,Consumer,United States,Des Moines,Iowa,44892,Central,FUR-TABL-8433,Furniture,Tables,"Bevis Table Steel, White",387.83,1,0.3,-207.49
386,US-2016-000181,2016-10-07,2016-10-12,Standard Class,linda-1091,Linda Miller,Consumer,United States,Des Moines,Iowa,47090,Central,OFF-LABE-3133,Office Supplies,Labels,"Harbour Creations Label Steel, Black",18.11,1,0,8.15
387,US-2017-000182,2017-02-23,2017-02-28,Standard Class,sandra-1184,Sandra Scott,Consumer,United States,Jackson,Mississippi,52369,South,OFF-ENVE-5068,Office Supplies,Envelopes,"Southworth Envelope Classic, Black",40.71,3,0,18.32
388,US-2017-000182,2017-02-23,2017-02-28,Standard Class,sandra-1184,Sandra Scott,Consumer,United States,Jackson,Mississippi,53629,South,OFF-SUPP-7935,Office Supplies,Supplies,"Fiskars Supply Kit Steel, White",45.37,1,0,6.81
389,US-2017-000182,2017-02-23,2017-02-28,Standard Class,sandra-1184,Sandra Scott,Consumer,United States,Jackson,Mississippi,27333,South,OFF-ENVE-1745,Office Supplies,Envelopes,"Quality Park Envelope Pro, Black",14.0,2,0.1,5.29
390,US-2017-000182,2017-02-23,2017-02-28,Standard Class,sandra-1184,Sandra Scott,Consumer,United States,Jackson,Mississippi,71353,South,FUR-CHAI-5264,Furniture,Chairs,"Harbour Creations Chair 200 Series, Black",903.88,2,0,180.78
391,US-2014-000183,2014-11-16,2014-11-21,Standard Class,steven-1543,Steven White,Corporate,United States,Little Rock,Arkansas,51027,South,OFF-APPL-6907,Office Supplies,Appliances,"GE Appliance Eco, White",878.78,7,0,246.06
392,US-2016-000184,2016-02-23,2016-02-28,Standard Class,ashley-1754,Ashley Lee,Consumer,United States,Omaha,Nebraska,31438,Central,TEC-COPI-3435,Technology,Copiers,"Canon Copier Deluxe, Black",681.57,1,0,279.44
393,US-2016-000184,2016-02-23,2016-02-28,Standard Class,ashley-1754,Ashley Lee,Consumer,United States,Omaha,Nebraska,29406,Central,TEC-COPI-9108,Technology,Copiers,"Sharp Copier 100 Series, Black",841.91,1,0,345.18
394,US-2016-000184,2016-02-23,2016-02-28,Standard Class,ashley-1754,Ashley Lee,Consumer,United States,Omaha,Nebraska,45756,Central,FUR-TABL-4337,Furniture,Tables,"Bretford Table 100 Series, White",362.32,1,0,-47.1
395,US-2016-000184,2016-02-23,2016-02-28,Standard Class,ashley-1754,Ashley Lee,Consumer,United States,Omaha,Nebraska,53078,Central,OFF-BIND-9618,Office Supplies,Binders,"Samsung Binder, White",225.36,8,0,85.64
396,US-2016-000185,2016-12-30,2017-01-04,Standard Class,matthew-1604,Matthew Wright,Home Office,United States,Aurora,Illinois,69389,Central,TEC-MACH-1095,Technology,Machines,"Panasonic Printer Eco, Black",702.1,1,0.1,-59.68
397,US-2016-000186,2016-08-14,2016-08-19,Standard Class,betty-1049,Betty Walker,Consumer,United States,Salt Lake City,Utah,21691,West,FUR-FURN-2516,Furniture,Furnishings,"Sauder Furnishing Steel, Multicolor",122.4,2,0.3,16.77
398,US-2014-000187,2014-03-21,2014-03-24,Second Class,william-1397,William Walker,Consumer,United States,Columbia,South Carolina,89104,South,OFF-APPL-9042,Office Supplies,Appliances,"Eldon Appliance Eco, Gray",1270.46,8,0.4,-101.64
399,US-2014-000187,2014-03-21,2014-03-24,Second Class,william-1397,William Walker,Consumer,United States,Columbia,South Carolina,65383,South,OFF-APPL-7020,Office Supplies,Appliances,"Honeywell Appliance 100 Series, White",882.0,7,0,246.96
400,US-2014-000187,2014-03-21,2014-03-24,Second Class,william-1397,William Walker,Consumer,United States,Columbia,South Carolina,98663,South,OFF-STOR-8112,Office Supplies,Storage,"Carina Storage Bin 200 Series, White",59.38,2,0.7,-29.27
401,US-2014-000187,2014-03-21,2014-03-24,Second Class,william-1397,William Walker,Consumer,United States,Columbia,South Carolina,29479,South,OFF-ENVE-9638,Office Supplies,Envelopes,"Columbian Envelope Classic, Gray",7.8,1,0,3.51
402,US-2015-000188,2015-08-16,2015-08-21,Standard Class,elizabeth-1437,Elizabeth Smith,Home Office,United States,Milwaukee,Wisconsin,43212,Central,TEC-PHON-7766,Technology,Phones,"Apple Phone Steel, Black",767.23,3,0.1,191.81
403,US-2015-000188,2015-08-16,2015-08-21,Standard Class,elizabeth-1437,Elizabeth Smith,Home Office,United States,Milwaukee,Wisconsin,15933,Central,OFF-STOR-9248,Office Supplies,Storage,"Tennsco Storage Bin 100 Series, Black",165.98,4,0.3,-16.1
404,US-2015-000188,2015-08-16,2015-08-21,Standard Class,elizabeth-1437,Elizabeth Smith,Home Office,United States,Milwaukee,Wisconsin,97853,Central,FUR-FURN-6143,Furniture,Furnishings,"Tenex Furnishing Eco, Multicolor",228.75,3,0,86.92
405,US-2015-000188,2015-08-16,2015-08-21,Standard Class,elizabeth-1437,Elizabeth Smith,Home Office,United States,Milwaukee,Wisconsin,98266,Central,TEC-COPI-6592,Technology,Copiers,"Ricoh Copier Eco, Gray",927.19,1,0.1,313.39
406,US-2014-000189,2014-01-31,2014-02-05,Standard Class,william-1175,William Taylor,Corporate,United States,Salt Lake City,Utah,12083,West,TEC-MACH-7471,Technology,Machines,"Canon Printer Pro, White",827.6,1,0,41.38
407,US-2014-000189,2014-01-31,2014-02-05,Standard Class,william-1175,William Taylor,Corporate,United States,Salt Lake City,Utah,49442,West,OFF-BIND-8882,Office Supplies,Binders,"Avery Binder Deluxe, Gray",40.72,2,0,15.47
408,US-2017-000190,2017-04-14,2017-04-19,Standard Class,sarah-1432,Sarah Lewis,Consumer,United States,New York City,New York,61346,East,TEC-COPI-1321,Technology,Copiers,"Sharp Copier Classic, Gray",585.9,1,0.1,198.03
409,US-2014-000191,2014-06-06,2014-06-06,Same Day,mary-1645,Mary Taylor,Consumer,United States,Albuquerque,New Mexico,73951,West,OFF-LABE-7548,Office Supplies,Labels,"Avery Label Classic, Black",18.82,3,0.3,4.4
410,US-2014-000191,2014-06-06,2014-06-06,Same Day,mary-1645,Mary Taylor,Consumer,United States,Albuquerque,New Mexico,72042,West,OFF-ENVE-7914,Office Supplies,Envelopes,"Ames Envelope, Gray",9.91,1,0.1,3.75
411,US-2014-000191,2014-06-06,2014-06-06,Same Day,mary-1645,Mary Taylor,Consumer,United States,Albuquerque,New Mexico,38797,West,FUR-TABL-8345,Furniture,Tables,"Lesro Table Pro, White",514.44,1,0,-66.88
412,US-2015-000192,2015-12-23,2015-12-26,Second Class,christopher-1689,Christopher Lee,Consumer,United States,Salt Lake City,Utah,73294,West,OFF-ART-5627,Office Supplies,Art,"Prang Sketch Book Deluxe, Multicolor",78.45,3,0,35.3
413,US-2015-000192,2015-12-23,2015-12-26,Second Class,christopher-1689,Christopher Lee,Consumer,United States,Salt Lake City,Utah,16167,West,OFF-APPL-3561,Office Supplies,Appliances,"Holmes Appliance Deluxe, White",415.46,2,0,116.33
414,US-2015-000192,2015-12-23,2015-12-26,Second Class,christopher-1689,Christopher Lee,Consumer,United States,Salt Lake City,Utah,18345,West,FUR-BOOK-6849,Furniture,Bookcases,"Tennsco Bookcase Eco, White",1250.76,6,0,175.11
415,US-2015-000193,2015-10-09,2015-10-14,Standard Class,james-1232,James Wright,Home Office,United States,Cincinnati,Ohio,67387,Central,OFF-PAPE-5382,Office Supplies,Paper,"Wausau Copy Paper, Gray",115.71,7,0,48.6
416,US-2017-000194,2017-07-26,2017-07-31,Standard Class,william-1575,William Thompson,Consumer,United States,Houston,Texas,30224,Central,OFF-BIND-5786,Office Supplies,Binders,"Cardinal Binder 200 Series, Gray",36.74,2,0.3,-3.89
417,US-2016-000195,2016-11-19,2016-11-24,Standard Class,john-1141,John Harris,Home Office,United States,Columbus,Ohio,92503,Central,FUR-BOOK-6592,Furniture,Bookcases,"Sauder Bookcase Classic, Black",202.64,1,0,28.37
418,US-2016-000195,2016-11-19,2016-11-24,Standard Class,john-1141,John Harris,Home Office,United States,Columbus,Ohio,70130,Central,OFF-ENVE-4738,Office Supplies,Envelopes,"Columbian Envelope Steel, Black",22.63,2,0.4,3.67
419,US-2017-000196,2017-11-07,2017-11-12,Standard Class,mark-1698,Mark Clark,Consumer,United States,New Orleans,Louisiana,96531,South,TEC-PHON-6542,Technology,Phones,"Apple Phone 100 Series, Black",2396.54,12,0.2,383.45
420,US-2017-000196,2017-11-07,2017-11-12,Standard Class,mark-1698,Mark Clark,Consumer,United States,New Orleans,Louisiana,49889,South,OFF-APPL-9516,Office Supplies,Appliances,"Kitchex Appliance, White",1045.91,7,0.2,104.59
421,US-2017-000196,2017-11-07,2017-11-12,Standard Class,mark-1698,Mark Clark,Consumer,United States,New Orleans,Louisiana,91837,South,OFF-PAPE-5583,Office Supplies,Paper,"Wausau Copy Paper, Gray",7.99,1,0.4,0.77
422,US-2015-000197,2015-03-09,2015-03-14,Standard Class,emily-1037,Emily Harris,Consumer,United States,Sioux Falls,South Dakota,93321,Central,OFF-APPL-4501,Office Supplies,Appliances,"Kitchex Appliance Eco, Black",371.52,2,0.1,70.59
423,US-2015-000197,2015-03-09,2015-03-14,Standard Class,emily-1037,Emily Harris,Consumer,United States,Sioux Falls,South Dakota,76228,Central,OFF-ART-9846,Office Supplies,Art,"Binney & Smith Sketch Book, Multicolor",53.88,3,0.2,17.46
424,US-2015-000197,2015-03-09,2015-03-14,Standard Class,emily-1037,Emily Harris,Consumer,United States,Sioux Falls,South Dakota,26352,Central,FUR-TABL-5255,Furniture,Tables,"Bevis Table Pro, White",595.71,1,0.1,-157.86
425,US-2017-000198,2017-07-10,2017-07-13,Second Class,mark-1306,Mark Martin,Corporate,United States,Milwaukee,Wisconsin,20741,Central,OFF-ENVE-9461,Office Supplies,Envelopes,"Ames Envelope Pro, Gray",12.58,1,0.3,2.94
426,US-2017-000198,2017-07-10,2017-07-13,Second Class,mark-1306,Mark Martin,Corporate,United States,Milwaukee,Wisconsin,58405,Central,FUR-FURN-3130,Furniture,Furnishings,"Eldon Furnishing Steel, Multicolor",168.06,2,0,63.86
427,US-2016-000199,2016-12-25,2016-12-27,First Class,susan-1572,Susan Williams,Consumer,United States,Fargo,North Dakota,79356,Central,TEC-ACCE-7830,Technology,Accessories,"Kensington Headset Classic, White",81.65,1,0.2,17.8
428,US-2016-000199,2016-12-25,2016-12-27,First Class,susan-1572,Susan Williams,Consumer,United States,Fargo,North Dakota,25567,Central,FUR-TABL-8755,Furniture,Tables,"BPI Table Classic, Black",383.45,1,0.1,-101.61
429,US-2016-000200,2016-09-24,2016-09-29,Standard Class,lisa-1123,Lisa Thompson,Home Office,United States,Baton Rouge,Louisiana,49999,South,OFF-STOR-5968,Office Supplies,Storage,"Tennsco Storage Bin Pro, Black",117.8,1,0,23.56
430,US-2017-000201,2017-08-29,2017-09-03,Standard Class,christopher-1757,Christopher Taylor,Corporate,United States,Omaha,Nebraska,89392,Central,FUR-CHAI-6074,Furniture,Chairs,"Office Star Chair Classic, Gray",2081.7,5,0,416.34
431,US-2014-000202,2014-11-18,2014-11-21,Second Class,michael-1651,Michael Wilson,Corporate,United States,Des Moines,Iowa,46357,Central,OFF-PAPE-7344,Office Supplies,Paper,"Xerox Copy Paper Steel, Black",10.02,2,0.4,0.96
432,US-2016-000203,2016-08-04,2016-08-04,Same Day,susan-1572,Susan Williams,Consumer,United States,Orlando,Florida,12487,South,FUR-CHAI-8796,Furniture,Chairs,"Harbour Creations Chair Deluxe, White",742.04,3,0.1,61.59
433,US-2016-000203,2016-08-04,2016-08-04,Same Day,susan-1572,Susan Williams,Consumer,United States,Orlando,Florida,13050,South,OFF-FAST-8278,Office Supplies,Fasteners,"Advantus Fastener Deluxe, Black",15.74,2,0,7.08
434,US-2015-000204,2015-10-13,2015-10-18,Standard Class,jennifer-1024,Jennifer Wilson,Consumer,United States,Fargo,North Dakota,50213,Central,FUR-TABL-5675,Furniture,Tables,"Chromcraft Table 200 Series, Black",607.24,1,0,-78.94
435,US-2015-000205,2015-08-12,2015-08-17,Standard Class,anthony-1145,Anthony Scott,Consumer,United States,Jackson,Mississippi,17948,South,FUR-TABL-4925,Furniture,Tables,"Bevis Table Deluxe, Gray",963.12,2,0,-125.21
436,US-2015-000205,2015-08-12,2015-08-17,Standard Class,anthony-1145,Anthony Scott,Consumer,United States,Jackson,Mississippi,12441,South,OFF-PAPE-2072,Office Supplies,Paper,"Georgia Pacific Copy Paper Steel, Black",28.2,2,0,11.84
437,US-2015-000205,2015-08-12,2015-08-17,Standard Class,anthony-1145,Anthony Scott,Consumer,United States,Jackson,Mississippi,75593,South,OFF-FAST-5035,Office Supplies,Fasteners,"Harbour Creations Fastener 100 Series, Gray",4.93,1,0.3,1.15
438,US-2015-000205,2015-08-12,2015-08-17,Standard Class,anthony-1145,Anthony Scott,Consumer,United States,Jackson,Mississippi,82765,South,OFF-BIND-9854,Office Supplies,Binders,"Wilson Jones Binder Pro, Gray",50.44,2,0,19.17
439,US-2016-000206,2016-03-15,2016-03-18,Second Class,linda-1475,Linda Scott,Corporate,United States,Wilmington,Delaware,15962,East,FUR-CHAI-5110,Furniture,Chairs,"Office Star Chair Eco, White",257.02,1,0,51.4
440,US-2014-000207,2014-07-18,2014-07-21,Second Class,sandra-1715,Sandra Taylor,Consumer,United States,Columbus,Ohio,96806,Central,TEC-ACCE-6613,Technology,Accessories,"Belkin Headset Pro, Gray",329.48,4,0,125.2
441,US-2014-000207,2014-07-18,2014-07-21,Second Class,sandra-1715,Sandra Taylor,Consumer,United States,Columbus,Ohio,10561,Central,OFF-PAPE-8533,Office Supplies,Paper,"Wausau Copy Paper Deluxe, White",172.58,8,0.1,58.5
442,US-2014-000207,2014-07-18,2014-07-21,Second Class,sandra-1715,Sandra Taylor,Consumer,United States,Columbus,Ohio,20162,Central,FUR-BOOK-9011,Furniture,Bookcases,"Sauder Bookcase Steel, Gray",1294.96,5,0.1,18.13
443,US-2014-000207,2014-07-18,2014-07-21,Second Class,sandra-1715,Sandra Taylor,Consumer,United States,Columbus,Ohio,11106,Central,FUR-BOOK-6783,Furniture,Bookcases,"Lesro Bookcase 100 Series, White",300.53,3,0.3,-71.53
444,US-2014-000208,2014-11-03,2014-11-08,Standard Class,elizabeth-1197,Elizabeth Martin,Corporate,United States,Oklahoma City,Oklahoma,74725,Central,OFF-FAST-2474,Office Supplies,Fasteners,"Staples Fastener Deluxe, Gray",57.35,5,0,25.81
445,US-2017-000209,2017-11-25,2017-11-30,Standard Class,karen-1504,Karen Moore,Corporate,United States,Albuquerque,New Mexico,84075,West,OFF-SUPP-9197,Office Supplies,Supplies,"Acme Supply Kit Eco, Black",68.65,2,0.1,4.12
446,US-2017-000209,2017-11-25,2017-11-30,Standard Class,karen-1504,Karen Moore,Corporate,United States,Albuquerque,New Mexico,39880,West,OFF-ART-2065,Office Supplies,Art,"Binney & Smith Sketch Book 200 Series, Multicolor",8.37,1,0.5,1.13
447,US-2017-000209,2017-11-25,2017-11-30,Standard Class,karen-1504,Karen Moore,Corporate,United States,Albuquerque,New Mexico,65983,West,TEC-PHON-1378,Technology,Phones,"Panasonic Phone Deluxe, Gray",477.52,2,0,162.36
448,US-2017-000209,2017-11-25,2017-11-30,Standard Class,karen-1504,Karen Moore,Corporate,United States,Albuquerque,New Mexico,57379,West,FUR-CHAI-7666,Furniture,Chairs,"SAFCO Chair Steel, Black",1230.63,3,0,246.13
449,US-2016-000210,2016-06-09,2016-06-14,Standard Class,emily-1738,Emily Lee,Consumer,United States,Phoenix,Arizona,65551,West,TEC-COPI-7420,Technology,Copiers,"Brother Copier, Black",687.68,1,0.2,182.92
450,US-2016-000210,2016-06-09,2016-06-14,Standard Class,emily-1738,Emily Lee,Consumer,United States,Phoenix,Arizona,91959,West,FUR-FURN-3694,Furniture,Furnishings,"Howard Miller Furnishing Deluxe, Multicolor",68.48,1,0,26.02
451,US-2014-000211,2014-09-11,2014-09-13,First Class,jennifer-1024,Jennifer Wilson,Consumer,United States,Providence,Rhode Island,22540,East,TEC-MACH-1891,Technology,Machines,"Epson Printer Pro, Gray",785.6,1,0,39.28
452,US-2014-000212,2014-08-19,2014-08-21,First Class,michael-1034,Michael Green,Home Office,United States,Montgomery,Alabama,98810,South,OFF-APPL-1897,Office Supplies,Appliances,"Eldon Appliance Classic, Black",594.15,3,0,166.36
453,US-2014-000212,2014-08-19,2014-08-21,First Class,michael-1034,Michael Green,Home Office,United States,Montgomery,Alabama,91790,South,FUR-CHAI-5831,Furniture,Chairs,"Harbour Creations Chair, White",481.46,3,0.2,-16.37
454,US-2014-000212,2014-08-19,2014-08-21,First Class,michael-1034,Michael Green,Home Office,United States,Montgomery,Alabama,98576,South,FUR-BOOK-8605,Furniture,Bookcases,"Lesro Bookcase Steel, Gray",776.88,3,0,108.76
455,US-2015-000213,2015-09-26,2015-10-01,Standard Class,nancy-1105,Nancy Clark,Corporate,United States,Los Angeles,California,17929,West,OFF-APPL-6822,Office Supplies,Appliances,"Kitchex Appliance Eco, Black",473.54,4,0.2,47.35
456,US-2015-000213,2015-09-26,2015-10-01,Standard Class,nancy-1105,Nancy Clark,Corporate,United States,Los Angeles,California,29088,West,OFF-APPL-9407,Office Supplies,Appliances,"Honeywell Appliance Steel, Gray",110.88,1,0.4,-8.87
457,US-2015-000213,2015-09-26,2015-10-01,Standard Class,nancy-1105,Nancy Clark,Corporate,United States,Los Angeles,California,41115,West,OFF-APPL-6618,Office Supplies,Appliances,"GE Appliance Eco, Black",1189.7,10,0,333.12
458,US-2015-000214,2015-03-06,2015-03-11,Standard Class,linda-1206,Linda Jones,Corporate,United States,Pittsburgh,Pennsylvania,15531,East,TEC-COPI-6499,Technology,Copiers,"Ricoh Copier Pro, White",867.86,1,0,355.82
459,US-2015-000214,2015-03-06,2015-03-11,Standard Class,linda-1206,Linda Jones,Corporate,United States,Pittsburgh,Pennsylvania,59272,East,TEC-MACH-4654,Technology,Machines,"Epson Printer, White",271.89,1,0.3,-96.52
460,US-2015-000215,2015-03-22,2015-03-27,Standard Class,james-1006,James Lee,Consumer,United States,New Orleans,Louisiana,15755,South,FUR-TABL-8215,Furniture,Tables,"BPI Table Eco, Black",1204.32,3,0.2,-481.73
461,US-2017-000216,2017-12-03,2017-12-05,First Class,nancy-1290,Nancy Smith,Consumer,United States,Richmond,Virginia,27989,South,OFF-PAPE-3925,Office Supplies,Paper,"Mead Copy Paper Deluxe, Black",12.5,1,0.3,2.21
462,US-2017-000216,2017-12-03,2017-12-05,First Class,nancy-1290,Nancy Smith,Consumer,United States,Richmond,Virginia,96627,South,OFF-SUPP-4444,Office Supplies,Supplies,"Acme Supply Kit Pro, Black",34.69,1,0.3,-4.16
463,US-2017-000216,2017-12-03,2017-12-05,First Class,nancy-1290,Nancy Smith,Consumer,United States,Richmond,Virginia,79804,South,OFF-ART-2071,Office Supplies,Art,"Prang Sketch Book Steel, Multicolor",23.9,1,0,10.75
464,US-2015-000217,2015-12-06,2015-12-08,First Class,anthony-1613,Anthony Williams,Consumer,United States,Little Rock,Arkansas,26576,South,OFF-BIND-3434,Office Supplies,Binders,"Samsung Binder Eco, Black",20.65,1,0.2,1.16
465,US-2015-000217,2015-12-06,2015-12-08,First Class,anthony-1613,Anthony Williams,Consumer,United States,Little Rock,Arkansas,94551,South,TEC-PHON-4428,Technology,Phones,"Plantronics Phone Classic, Gray",1080.05,5,0,367.22
466,US-2015-000217,2015-12-06,2015-12-08,First Class,anthony-1613,Anthony Williams,Consumer,United States,Little Rock,Arkansas,73347,South,TEC-PHON-9501,Technology,Phones,"Panasonic Phone Classic, Black",218.88,1,0,74.42
467,US-2015-000218,2015-06-29,2015-07-04,Standard Class,william-1597,William Wright,Home Office,United States,Salt Lake City,Utah,82162,West,TEC-COPI-4581,Technology,Copiers,"Hewlett-Packard Copier Steel, Black",3375.68,7,0,1384.03
468,US-2015-000218,2015-06-29,2015-07-04,Standard Class,william-1597,William Wright,Home Office,United States,Salt Lake City,Utah,86542,West,FUR-FURN-5834,Furniture,Furnishings,"Howard Miller Furnishing 100 Series, Multicolor",108.74,2,0,41.32
469,US-2015-000218,2015-06-29,2015-07-04,Standard Class,william-1597,William Wright,Home Office,United States,Salt Lake City,Utah,13240,West,FUR-CHAI-7981,Furniture,Chairs,"Office Star Chair Pro, Black",528.82,2,0,105.76
470,US-2015-000218,2015-06-29,2015-07-04,Standard Class,william-1597,William Wright,Home Office,United States,Salt Lake City,Utah,20803,West,OFF-ART-5351,Office Supplies,Art,"BIC Sketch Book Deluxe, Multicolor",78.6,3,0,35.37
471,US-2016-000219,2016-07-17,2016-07-22,Standard Class,david-1283,David Scott,Consumer,United States,Phoenix,Arizona,89172,West,OFF-BIND-6394,Office Supplies,Binders,"Cardinal Binder Deluxe, Black",117.52,4,0,44.66
472,US-2016-000219,2016-07-17,2016-07-22,Standard Class,david-1283,David Scott,Consumer,United States,Phoenix,Arizona,63184,West,OFF-APPL-1139,Office Supplies,Appliances,"Kitchex Appliance Eco, White",20.22,1,0.8,-8.9
473,US-2017-000220,2017-08-03,2017-08-08,Standard Class,michael-1740,Michael White,Consumer,United States,Washington,District of Columbia,68979,East,TEC-COPI-2406,Technology,Copiers,"Sharp Copier Pro, Black",938.65,1,0,384.85
474,US-2017-000220,2017-08-03,2017-08-08,Standard Class,michael-1740,Michael White,Consumer,United States,Washington,District of Columbia,96357,East,FUR-BOOK-3102,Furniture,Bookcases,"Tennsco Bookcase 200 Series, Black",556.32,4,0,77.88
475,US-2017-000221,2017-06-28,2017-07-01,Second Class,andrew-1429,Andrew Martinez,Corporate,United States,Little Rock,Arkansas,89671,South,OFF-LABE-1527,Office Supplies,Labels,"Smead Label, White",91.8,10,0.1,34.7
476,US-2017-000221,2017-06-28,2017-07-01,Second Class,andrew-1429,Andrew Martinez,Corporate,United States,Little Rock,Arkansas,53102,South,OFF-SUPP-7400,Office Supplies,Supplies,"Harbour Creations Supply Kit Deluxe, Black",114.44,2,0,17.17
477,US-2017-000221,2017-06-28,2017-07-01,Second Class,andrew-1429,Andrew Martinez,Corporate,United States,Little Rock,Arkansas,34471,South,TEC-COPI-3808,Technology,Copiers,"Brother Copier 100 Series, Black",2393.02,2,0,981.14
478,US-2015-000222,2015-12-16,2015-12-21,Standard Class,nancy-1298,Nancy Martin,Consumer,United States,Boise,Idaho,64843,West,FUR-BOOK-7731,Furniture,Bookcases,"Sauder Bookcase Pro, Black",2689.56,12,0,376.54
479,US-2015-000222,2015-12-16,2015-12-21,Standard Class,nancy-1298,Nancy Martin,Consumer,United States,Boise,Idaho,89130,West,TEC-MACH-4382,Technology,Machines,"Cubify Printer Steel, Black",424.65,1,0,21.23
480,US-2016-000223,2016-08-22,2016-08-27,Standard Class,james-1207,James Scott,Corporate,United States,Indianapolis,Indiana,74351,Central,OFF-APPL-7541,Office Supplies,Appliances,"GE Appliance 100 Series, White",180.02,1,0.1,34.2
481,US-2017-000224,2017-03-07,2017-03-12,Standard Class,susan-1467,Susan Brown,Corporate,United States,Eugene,Oregon,34045,West,OFF-ART-3942,Office Supplies,Art,"BIC Sketch Book Deluxe, Multicolor",90.05,7,0.4,17.83
482,US-2017-000224,2017-03-07,2017-03-12,Standard Class,susan-1467,Susan Brown,Corporate,United States,Eugene,Oregon,97381,West,FUR-TABL-4927,Furniture,Tables,"Lesro Table, White",2291.94,7,0.1,-607.36
483,US-2017-000224,2017-03-07,2017-03-12,Standard Class,susan-1467,Susan Brown,Corporate,United States,Eugene,Oregon,23792,West,FUR-FURN-7738,Furniture,Furnishings,"Howard Miller Furnishing Classic, Multicolor",290.03,13,0,110.21
484,US-2016-000225,2016-01-19,2016-01-24,Standard Class,patricia-1212,Patricia Moore,Consumer,United States,Indianapolis,Indiana,27889,Central,TEC-COPI-7542,Technology,Copiers,"Sharp Copier Pro, White",688.69,1,0,282.36
485,US-2016-000226,2016-04-28,2016-05-01,Second Class,patricia-1561,Patricia Wilson,Consumer,United States,Boise,Idaho,98001,West,TEC-MACH-3794,Technology,Machines,"Canon Printer 200 Series, Gray",779.48,1,0,38.97
486,US-2016-000226,2016-04-28,2016-05-01,Second Class,patricia-1561,Patricia Wilson,Consumer,United States,Boise,Idaho,98480,West,FUR-BOOK-8219,Furniture,Bookcases,"Tennsco Bookcase 200 Series, Black",263.44,1,0,36.88
487,US-2016-000227,2016-12-05,2016-12-10,Standard Class,mary-1706,Mary Hall,Corporate,United States,St. Paul,Minnesota,99124,Central,OFF-SUPP-7138,Office Supplies,Supplies,"Fiskars Supply Kit Deluxe, White",32.67,1,0.3,-3.92
488,US-2016-000228,2016-12-15,2016-12-18,Second Class,emily-1098,Emily Hall,Home Office,United States,Boise,Idaho,66084,West,TEC-PHON-6286,Technology,Phones,"Apple Phone Pro, White",217.42,1,0.1,54.35
489,US-2014-000229,2014-10-27,2014-11-01,Standard Class,mark-1365,Mark Anderson,Home Office,United States,St. Louis,Missouri,38648,Central,FUR-BOOK-8516,Furniture,Bookcases,"Lesro Bookcase Deluxe, Black",595.53,3,0,83.37
490,US-2014-000229,2014-10-27,2014-11-01,Standard Class,mark-1365,Mark Anderson,Home Office,United States,St. Louis,Missouri,43023,Central,TEC-ACCE-2668,Technology,Accessories,"SanDisk Headset Classic, Gray",984.89,8,0.1,294.48
491,US-2016-000230,2016-04-24,2016-04-29,Standard Class,emily-1623,Emily White,Home Office,United States,Providence,Rhode Island,41923,East,OFF-ENVE-4811,Office Supplies,Envelopes,"Southworth Envelope, Black",62.44,4,0,28.1
492,US-2016-000230,2016-04-24,2016-04-29,Standard Class,emily-1623,Emily White,Home Office,United States,Providence,Rhode Island,59251,East,FUR-FURN-7136,Furniture,Furnishings,"Eldon Furnishing 200 Series, Multicolor",155.9,2,0,59.24
493,US-2015-000231,2015-03-20,2015-03-23,Second Class,john-1742,John Wright,Consumer,United States,Burlington,Vermont,54923,East,OFF-FAST-9533,Office Supplies,Fasteners,"Staples Fastener, White",36.0,5,0.2,11.02
494,US-2015-000232,2015-12-10,2015-12-15,Standard Class,sarah-1452,Sarah Garcia,Consumer,United States,Las Vegas,Nevada,36788,West,OFF-BIND-4345,Office Supplies,Binders,"Avery Binder 200 Series, Black",21.2,1,0.1,4.62
495,US-2015-000232,2015-12-10,2015-12-15,Standard Class,sarah-1452,Sarah Garcia,Consumer,United States,Las Vegas,Nevada,47402,West,OFF-ENVE-7983,Office Supplies,Envelopes,"Southworth Envelope 100 Series, White",56.24,4,0,25.31
496,US-2015-000233,2015-11-09,2015-11-14,Standard Class,susan-1482,Susan Miller,Consumer,United States,Tulsa,Oklahoma,49352,Central,OFF-APPL-7249,Office Supplies,Appliances,"GE Appliance, Black",119.39,1,0.4,-9.55
497,US-2015-000233,2015-11-09,2015-11-14,Standard Class,susan-1482,Susan Miller,Consumer,United States,Tulsa,Oklahoma,53678,Central,OFF-APPL-5215,Office Supplies,Appliances,"Kitchex Appliance 200 Series, Black",164.75,1,0,46.13
498,US-2015-000233,2015-11-09,2015-11-14,Standard Class,susan-1482,Susan Miller,Consumer,United States,Tulsa,Oklahoma,59055,Central,OFF-APPL-3535,Office Supplies,Appliances,"GE Appliance Deluxe, White",1072.37,6,0.2,107.24
499,US-2015-000234,2015-11-29,2015-12-04,Standard Class,john-1656,John Wright,Consumer,United States,Providence,Rhode Island,93229,East,FUR-TABL-4182,Furniture,Tables,"Lesro Table 200 Series, Gray",1539.1,4,0.2,-615.64
500,US-2017-000235,2017-03-05,2017-03-08,Second Class,andrew-1035,Andrew Lewis,Consumer,United States,New Orleans,Louisiana,31159,South,OFF-FAST-3414,Office Supplies,Fasteners,"Harbour Creations Fastener Classic, Black",10.75,3,0.5,0.97
501,US-2017-000235,2017-03-05,2017-03-08,Second Class,andrew-1035,Andrew Lewis,Consumer,United States,New Orleans,Louisiana,65437,South,FUR-BOOK-7297,Furniture,Bookcases,"O'Donnell Bookcase 100 Series, Black",766.2,3,0,107.27
502,US-2017-000236,2017-08-07,2017-08-12,Standard Class,patricia-1586,Patricia Martin,Consumer,United States,Portland,Oregon,78808,West,OFF-SUPP-3759,Office Supplies,Supplies,"Elite Supply Kit, White",34.23,1,0.1,2.05
503,US-2016-000237,2016-01-28,2016-02-02,Standard Class,sandra-1441,Sandra Jackson,Home Office,United States,Charlotte,North Carolina,35151,South,OFF-BIND-9234,Office Supplies,Binders,"GBC Binder 200 Series, White",144.25,5,0,54.81
504,US-2016-000237,2016-01-28,2016-02-02,Standard Class,sandra-1441,Sandra Jackson,Home Office,United States,Charlotte,North Carolina,46276,South,OFF-FAST-2789,Office Supplies,Fasteners,"Elite Fastener Classic, White",9.63,1,0,4.33
505,US-2016-000237,2016-01-28,2016-02-02,Standard Class,sandra-1441,Sandra Jackson,Home Office,United States,Charlotte,North Carolina,10948,South,FUR-FURN-4846,Furniture,Furnishings,"Newell Furnishing, Multicolor",133.38,2,0,50.68
506,US-2014-000238,2014-05-16,2014-05-18,First Class,matthew-1007,Matthew Lewis,Corporate,United States,Montgomery,Alabama,41405,South,OFF-PAPE-6514,Office Supplies,Paper,"Mead Copy Paper Steel, Black",22.95,7,0.8,-5.23
507,US-2014-000238,2014-05-16,2014-05-18,First Class,matthew-1007,Matthew Lewis,Corporate,United States,Montgomery,Alabama,28202,South,OFF-STOR-1937,Office Supplies,Storage,"Deflect-O Storage Bin Steel, Gray",686.25,5,0,137.25
508,US-2014-000239,2014-04-04,2014-04-09,Standard Class,steven-1543,Steven White,Corporate,United States,Louisville,Kentucky,52230,South,TEC-MACH-4079,Technology,Machines,"Zebra Printer Steel, Black",938.03,3,0.5,-586.27
509,US-2014-000239,2014-04-04,2014-04-09,Standard Class,steven-1543,Steven White,Corporate,United States,Louisville,Kentucky,72407,South,FUR-BOOK-6333,Furniture,Bookcases,"Tennsco Bookcase, White",408.86,2,0,57.24
510,US-2015-000240,2015-08-06,2015-08-11,Standard Class,mary-1146,Mary King,Consumer,United States,Fargo,North Dakota,41898,Central,OFF-LABE-3753,Office Supplies,Labels,"Novimex Label Classic, Gray",13.18,2,0.1,4.98
511,US-2015-000240,2015-08-06,2015-08-11,Standard Class,mary-1146,Mary King,Consumer,United States,Fargo,North Dakota,46748,Central,OFF-BIND-2728,Office Supplies,Binders,"Wilson Jones Binder 100 Series, Black",85.37,4,0.4,-22.88
512,US-2015-000240,2015-08-06,2015-08-11,Standard Class,mary-1146,Mary King,Consumer,United States,Fargo,North Dakota,53621,Central,OFF-ENVE-3016,Office Supplies,Envelopes,"Jiffy Envelope Classic, Gray",59.97,3,0,26.99
513,US-2016-000241,2016-11-15,2016-11-18,Second Class,daniel-1734,Daniel Jones,Corporate,United States,Washington,District of Columbia,25219,East,TEC-ACCE-5244,Technology,Accessories,"Belkin Headset Deluxe, Black",68.58,1,0.5,-1.71
514,US-2016-000241,2016-11-15,2016-11-18,Second Class,daniel-1734,Daniel Jones,Corporate,United States,Washington,District of Columbia,60876,East,OFF-STOR-7229,Office Supplies,Storage,"Iceberg Storage Bin Pro, White",101.92,1,0.1,10.29
515,US-2016-000241,2016-11-15,2016-11-18,Second Class,daniel-1734,Daniel Jones,Corporate,United States,Washington,District of Columbia,28967,East,TEC-ACCE-3069,Technology,Accessories,"SanDisk Headset Pro, Gray",82.27,1,0,31.26
516,US-2017-000242,2017-06-07,2017-06-12,Standard Class,linda-1224,Linda Rodriguez,Consumer,United States,Omaha,Nebraska,85232,Central,FUR-CHAI-6060,Furniture,Chairs,"Harbour Creations Chair Pro, Gray",261.46,1,0.3,-39.48
517,US-2015-000243,2015-12-24,2015-12-27,Second Class,lisa-1289,Lisa Lewis,Home Office,United States,Milwaukee,Wisconsin,48153,Central,FUR-TABL-1886,Furniture,Tables,"BPI Table Pro, Gray",917.37,2,0.1,-243.1
518,US-2015-000243,2015-12-24,2015-12-27,Second Class,lisa-1289,Lisa Lewis,Home Office,United States,Milwaukee,Wisconsin,98909,Central,OFF-APPL-4205,Office Supplies,Appliances,"Holmes Appliance Deluxe, White",694.58,4,0.1,131.97
519,US-2016-000244,2016-12-28,2016-12-28,Same Day,christopher-1057,Christopher White,Consumer,United States,Aurora,Illinois,88140,Central,FUR-CHAI-8107,Furniture,Chairs,"HON Chair Pro, Gray",742.16,2,0,148.43
520,US-2016-000245,2016-11-23,2016-11-28,Standard Class,william-1668,William Green,Consumer,United States,Tulsa,Oklahoma,22394,Central,FUR-TABL-1377,Furniture,Tables,"Lesro Table Deluxe, Gray",893.92,2,0.1,-236.89
521,US-2017-000246,2017-05-13,2017-05-18,Standard Class,ashley-1495,Ashley Scott,Corporate,United States,Salt Lake City,Utah,78014,West,OFF-PAPE-7640,Office Supplies,Paper,"Xerox Copy Paper 200 Series, White",21.9,2,0,9.2
522,US-2017-000247,2017-03-26,2017-03-28,First Class,andrew-1674,Andrew Williams,Consumer,United States,Columbus,Ohio,31131,Central,FUR-BOOK-6149,Furniture,Bookcases,"Harbour Creations Bookcase Classic, Black",190.84,1,0,26.72
523,US-2017-000247,2017-03-26,2017-03-28,First Class,andrew-1674,Andrew Williams,Consumer,United States,Columbus,Ohio,32493,Central,FUR-FURN-1573,Furniture,Furnishings,"Sauder Furnishing Eco, Multicolor",39.59,1,0.5,-0.99
524,US-2017-000247,2017-03-26,2017-03-28,First Class,andrew-1674,Andrew Williams,Consumer,United States,Columbus,Ohio,48457,Central,TEC-ACCE-5925,Technology,Accessories,"Logitech Headset Deluxe, Black",641.14,9,0.4,35.9
525,US-2016-000248,2016-12-04,2016-12-09,Standard Class,david-1590,David Miller,Consumer,United States,Omaha,Nebraska,27591,Central,OFF-STOR-2622,Office Supplies,Storage,"Carina Storage Bin Deluxe, White",120.9,1,0,24.18
526,US-2016-000248,2016-12-04,2016-12-09,Standard Class,david-1590,David Miller,Consumer,United States,Omaha,Nebraska,43420,Central,OFF-BIND-5544,Office Supplies,Binders,"Samsung Binder Pro, Black",112.29,3,0,42.67
527,US-2016-000248,2016-12-04,2016-12-09,Standard Class,david-1590,David Miller,Consumer,United States,Omaha,Nebraska,36708,Central,OFF-FAST-7554,Office Supplies,Fasteners,"Elite Fastener 200 Series, Black",62.19,9,0,27.99
528,US-2016-000248,2016-12-04,2016-12-09,Standard Class,david-1590,David Miller,Consumer,United States,Omaha,Nebraska,77034,Central,FUR-FURN-7097,Furniture,Furnishings,"Newell Furnishing Deluxe, Multicolor",67.09,2,0.1,20.06
529,US-2016-000249,2016-09-28,2016-10-03,Standard Class,sarah-1157,Sarah Smith,Consumer,United States,Kansas City,Missouri,45816,Central,OFF-ENVE-3041,Office Supplies,Envelopes,"Ames Envelope Eco, Gray",16.03,2,0.4,2.6
530,US-2016-000249,2016-09-28,2016-10-03,Standard Class,sarah-1157,Sarah Smith,Consumer,United States,Kansas City,Missouri,23763,Central,OFF-APPL-1161,Office Supplies,Appliances,"Holmes Appliance Eco, Black",2085.6,11,0,583.97
531,US-2016-000249,2016-09-28,2016-10-03,Standard Class,sarah-1157,Sarah Smith,Consumer,United States,Kansas City,Missouri,22985,Central,FUR-TABL-9021,Furniture,Tables,"BPI Table Eco, Black",402.73,1,0,-52.35
532,US-2016-000249,2016-09-28,2016-10-03,Standard Class,sarah-1157,Sarah Smith,Consumer,United States,Kansas City,Missouri,79689,Central,FUR-CHAI-7382,Furniture,Chairs,"Global Value Chair Pro, Black",1327.05,5,0.1,110.15
533,US-2016-000250,2016-11-09,2016-11-12,Second Class,james-1255,James Davis,Consumer,United States,Billings,Montana,21396,West,OFF-STOR-5519,Office Supplies,Storage,"Deflect-O Storage Bin Eco, Gray",390.13,4,0.1,39.4
534,US-2017-000251,2017-11-03,2017-11-08,Standard Class,john-1320,John Young,Corporate,United States,Miami,Florida,74599,South,FUR-FURN-2385,Furniture,Furnishings,"Howard Miller Furnishing, Multicolor",233.6,4,0.1,69.85
535,US-2017-000252,2017-05-29,2017-06-03,Standard Class,richard-1434,Richard Wright,Consumer,United States,Billings,Montana,96662,West,FUR-TABL-4115,Furniture,Tables,"Lesro Table, Gray",1713.68,4,0,-222.78
536,US-2017-000252,2017-05-29,2017-06-03,Standard Class,richard-1434,Richard Wright,Consumer,United States,Billings,Montana,39501,West,TEC-PHON-8350,Technology,Phones,"Plantronics Phone, Gray",982.74,7,0.1,245.68
537,US-2014-000253,2014-11-19,2014-11-24,Standard Class,elizabeth-1052,Elizabeth Taylor,Consumer,United States,Little Rock,Arkansas,92730,South,FUR-TABL-9832,Furniture,Tables,"Bretford Table Deluxe, Gray",397.65,1,0,-51.69
538,US-2014-000253,2014-11-19,2014-11-24,Standard Class,elizabeth-1052,Elizabeth Taylor,Consumer,United States,Little Rock,Arkansas,73999,South,OFF-SUPP-9446,Office Supplies,Supplies,"Fiskars Supply Kit Eco, White",82.48,2,0.1,4.95
539,US-2014-000254,2014-06-21,2014-06-26,Standard Class,steven-1471,Steven Moore,Home Office,United States,Baltimore,Maryland,30148,East,OFF-ART-1145,Office Supplies,Art,"BIC Sketch Book Pro, Multicolor",19.97,1,0,8.99
540,US-2015-000255,2015-11-30,2015-12-05,Standard Class,richard-1186,Richard Lewis,Consumer,United States,Sioux Falls,South Dakota,24506,Central,TEC-COPI-6795,Technology,Copiers,"Hewlett-Packard Copier 200 Series, White",5063.3,7,0.2,1346.84
541,US-2015-000255,2015-11-30,2015-12-05,Standard Class,richard-1186,Richard Lewis,Consumer,United States,Sioux Falls,South Dakota,72823,Central,OFF-BIND-3190,Office Supplies,Binders,"Cardinal Binder, Black",123.84,4,0,47.06
542,US-2017-000256,2017-06-18,2017-06-23,Standard Class,emily-1110,Emily Wright,Corporate,United States,New York City,New York,73692,East,OFF-ENVE-8039,Office Supplies,Envelopes,"Ames Envelope Pro, Gray",25.88,2,0,11.65
543,US-2017-000256,2017-06-18,2017-06-23,Standard Class,emily-1110,Emily Wright,Corporate,United States,New York City,New York,44542,East,FUR-FURN-3498,Furniture,Furnishings,"Tenex Furnishing Deluxe, Multicolor",299.32,4,0,113.74
544,US-2017-000257,2017-12-24,2017-12-27,Second Class,daniel-1439,Daniel Wright,Corporate,United States,Cambridge,Massachusetts,27341,East,TEC-PHON-4091,Technology,Phones,"Plantronics Phone 200 Series, Gray",838.71,3,0,285.16
545,US-2017-000257,2017-12-24,2017-12-27,Second Class,daniel-1439,Daniel Wright,Corporate,United States,Cambridge,Massachusetts,50167,East,OFF-SUPP-4148,Office Supplies,Supplies,"Acme Supply Kit Eco, White",143.07,3,0,21.46
546,US-2017-000257,2017-12-24,2017-12-27,Second Class,daniel-1439,Daniel Wright,Corporate,United States,Cambridge,Massachusetts,49884,East,OFF-ENVE-7980,Office Supplies,Envelopes,"Columbian Envelope Pro, Black",26.17,2,0.1,9.89
547,US-2014-000258,2014-10-06,2014-10-11,Standard Class,william-1359,William Clark,Consumer,United States,Albuquerque,New Mexico,89499,West,OFF-ART-1854,Office Supplies,Art,"Binney & Smith Sketch Book, Multicolor",60.81,3,0,27.36
548,US-2014-000258,2014-10-06,2014-10-11,Standard Class,william-1359,William Clark,Consumer,United States,Albuquerque,New Mexico,11791,West,FUR-TABL-5133,Furniture,Tables,"Lesro Table 200 Series, White",557.93,1,0,-72.53
549,US-2014-000258,2014-10-06,2014-10-11,Standard Class,william-1359,William Clark,Consumer,United States,Albuquerque,New Mexico,21434,West,OFF-APPL-6920,Office Supplies,Appliances,"Honeywell Appliance Pro, Gray",478.66,3,0.1,90.95
550,US-2014-000258,2014-10-06,2014-10-11,Standard Class,william-1359,William Clark,Consumer,United States,Albuquerque,New Mexico,68428,West,FUR-TABL-1672,Furniture,Tables,"BPI Table 100 Series, Gray",1693.89,3,0,-220.21
551,US-2017-000259,2017-10-09,2017-10-14,Standard Class,karen-1559,Karen White,Consumer,United States,Wilmington,Delaware,83446,East,OFF-BIND-1717,Office Supplies,Binders,"Samsung Binder 200 Series, Black",39.84,2,0.2,2.23
552,US-2017-000259,2017-10-09,2017-10-14,Standard Class,karen-1559,Karen White,Consumer,United States,Wilmington,Delaware,76044,East,OFF-STOR-2923,Office Supplies,Storage,"Tennsco Storage Bin Classic, White",52.22,2,0.5,-15.4
553,US-2017-000260,2017-05-09,2017-05-14,Standard Class,thomas-1280,Thomas Taylor,Home Office,United States,Cheyenne,Wyoming,61151,West,FUR-CHAI-9110,Furniture,Chairs,"Global Value Chair Steel, Gray",4173.51,11,0,834.7
554,US-2017-000260,2017-05-09,2017-05-14,Standard Class,thomas-1280,Thomas Taylor,Home Office,United States,Cheyenne,Wyoming,11162,West,OFF-SUPP-4390,Office Supplies,Supplies,"Novimex Supply Kit Eco, Black",59.23,1,0,8.88
555,US-2017-000260,2017-05-09,2017-05-14,Standard Class,thomas-1280,Thomas Taylor,Home Office,United States,Cheyenne,Wyoming,48253,West,TEC-PHON-5971,Technology,Phones,"Cisco Phone Eco, White",240.8,1,0.1,60.2
556,US-2017-000260,2017-05-09,2017-05-14,Standard Class,thomas-1280,Thomas Taylor,Home Office,United States,Cheyenne,Wyoming,42638,West,FUR-CHAI-3178,Furniture,Chairs,"Global Value Chair Eco, Black",1593.5,5,0.1,132.26
557,US-2017-000261,2017-12-19,2017-12-22,Second Class,david-1118,David Miller,Corporate,United States,San Diego,California,56594,West,OFF-PAPE-3189,Office Supplies,Paper,"Xerox Copy Paper Eco, Black",36.52,3,0.3,6.46
558,US-2017-000261,2017-12-19,2017-12-22,Second Class,david-1118,David Miller,Corporate,United States,San Diego,California,86450,West,OFF-ENVE-5194,Office Supplies,Envelopes,"Jiffy Envelope 200 Series, Gray",131.47,11,0.2,40.23
559,US-2017-000261,2017-12-19,2017-12-22,Second Class,david-1118,David Miller,Corporate,United States,San Diego,California,30401,West,FUR-TABL-4377,Furniture,Tables,"Lesro Table Eco, White",250.34,1,0.2,-100.14
560,US-2017-000261,2017-12-19,2017-12-22,Second Class,david-1118,David Miller,Corporate,United States,San Diego,California,70214,West,TEC-COPI-7039,Technology,Copiers,"Hewlett-Packard Copier Steel, Black",1447.0,2,0,593.27
561,US-2014-000262,2014-03-22,2014-03-27,Standard Class,michael-1181,Michael Wilson,Consumer,United States,Charleston,South Carolina,24423,South,OFF-ENVE-2642,Office Supplies,Envelopes,"Quality Park Envelope Steel, White",61.64,4,0,27.74
562,US-2016-000263,2016-11-16,2016-11-21,Standard Class,mark-1254,Mark Harris,Consumer,United States,Tampa,Florida,72971,South,FUR-BOOK-9886,Furniture,Bookcases,"O'Donnell Bookcase 100 Series, White",846.28,4,0,118.48
563,US-2016-000263,2016-11-16,2016-11-21,Standard Class,mark-1254,Mark Harris,Consumer,United States,Tampa,Florida,12780,South,TEC-COPI-6435,Technology,Copiers,"Hewlett-Packard Copier Eco, Black",674.63,1,0.1,228.02
564,US-2017-000264,2017-06-17,2017-06-19,First Class,nancy-1303,Nancy Hall,Corporate,United States,Springfield,Illinois,39608,Central,FUR-BOOK-4713,Furniture,Bookcases,"Sauder Bookcase, Black",180.14,1,0.1,2.52
565,US-2017-000264,2017-06-17,2017-06-19,First Class,nancy-1303,Nancy Hall,Corporate,United States,Springfield,Illinois,57251,Central,OFF-SUPP-3778,Office Supplies,Supplies,"Acme Supply Kit Classic, White",442.2,10,0,66.33
566,US-2015-000265,2015-10-25,2015-10-27,First Class,sarah-1511,Sarah Clark,Consumer,United States,Boise,Idaho,72710,West,FUR-FURN-3401,Furniture,Furnishings,"Eldon Furnishing 200 Series, Multicolor",76.01,1,0,28.88
567,US-2015-000265,2015-10-25,2015-10-27,First Class,sarah-1511,Sarah Clark,Consumer,United States,Boise,Idaho,56218,West,FUR-FURN-5562,Furniture,Furnishings,"Eldon Furnishing Steel, Multicolor",53.15,1,0.2,11.59
568,US-2015-000265,2015-10-25,2015-10-27,First Class,sarah-1511,Sarah Clark,Consumer,United States,Boise,Idaho,95716,West,OFF-PAPE-8885,Office Supplies,Paper,"Georgia Pacific Copy Paper Steel, White",99.25,5,0,41.69
569,US-2017-000266,2017-10-05,2017-10-10,Standard Class,elizabeth-1562,Elizabeth Clark,Corporate,United States,Omaha,Nebraska,12249,Central,OFF-SUPP-9633,Office Supplies,Supplies,"Acme Supply Kit Steel, Gray",171.56,4,0,25.73
570,US-2017-000266,2017-10-05,2017-10-10,Standard Class,elizabeth-1562,Elizabeth Clark,Corporate,United States,Omaha,Nebraska,28265,Central,OFF-STOR-3188,Office Supplies,Storage,"Carina Storage Bin Classic, White",56.24,1,0.3,-5.46
571,US-2017-000266,2017-10-05,2017-10-10,Standard Class,elizabeth-1562,Elizabeth Clark,Corporate,United States,Omaha,Nebraska,28754,Central,OFF-LABE-7898,Office Supplies,Labels,"Harbour Creations Label 200 Series, Black",33.38,5,0.5,3.0
572,US-2015-000267,2015-12-05,2015-12-08,Second Class,richard-1434,Richard Wright,Consumer,United States,New Orleans,Louisiana,42119,South,FUR-FURN-1494,Furniture,Furnishings,"Tenex Furnishing 200 Series, Multicolor",72.88,1,0,27.69
573,US-2015-000267,2015-12-05,2015-12-08,Second Class,richard-1434,Richard Wright,Consumer,United States,New Orleans,Louisiana,49258,South,FUR-FURN-3452,Furniture,Furnishings,"Eldon Furnishing Steel, Multicolor",222.08,4,0.1,66.4
574,US-2014-000268,2014-02-26,2014-03-01,Second Class,james-1061,James Brown,Home Office,United States,Salt Lake City,Utah,82635,West,OFF-ART-7940,Office Supplies,Art,"Binney & Smith Sketch Book Steel, Multicolor",47.25,3,0.3,12.33
575,US-2016-000269,2016-08-18,2016-08-23,Standard Class,james-1232,James Wright,Home Office,United States,Little Rock,Arkansas,71399,South,OFF-SUPP-7560,Office Supplies,Supplies,"Fiskars Supply Kit Deluxe, White",31.28,1,0.3,-3.75
576,US-2014-000270,2014-06-15,2014-06-20,Standard Class,richard-1434,Richard Wright,Consumer,United States,Cambridge,Massachusetts,11439,East,OFF-PAPE-5623,Office Supplies,Paper,"Xerox Copy Paper Deluxe, Black",12.93,1,0,5.43
577,US-2017-000271,2017-03-30,2017-04-04,Standard Class,mary-1564,Mary Davis,Consumer,United States,Boston,Massachusetts,62185,East,FUR-CHAI-1748,Furniture,Chairs,"Harbour Creations Chair Classic, Black",199.1,1,0.2,-6.77
578,US-2016-000272,2016-05-18,2016-05-18,Same Day,john-1400,John Jackson,Home Office,United States,Hartford,Connecticut,86963,East,FUR-TABL-9250,Furniture,Tables,"Bretford Table Steel, Black",3782.7,5,0,-491.75
579,US-2016-000272,2016-05-18,2016-05-18,Same Day,john-1400,John Jackson,Home Office,United States,Hartford,Connecticut,40353,East,OFF-SUPP-5753,Office Supplies,Supplies,"Harbour Creations Supply Kit, Black",85.83,3,0.5,-25.75
580,US-2016-000272,2016-05-18,2016-05-18,Same Day,john-1400,John Jackson,Home Office,United States,Hartford,Connecticut,54750,East,OFF-BIND-9218,Office Supplies,Binders,"Wilson Jones Binder 200 Series, Gray",48.15,3,0.5,-20.7
581,US-2016-000273,2016-03-09,2016-03-14,Standard Class,betty-1297,Betty Thompson,Consumer,United States,Baton Rouge,Louisiana,50573,South,OFF-SUPP-2228,Office Supplies,Supplies,"Fiskars Supply Kit Deluxe, Gray",482.66,13,0.2,-14.48
582,US-2016-000273,2016-03-09,2016-03-14,Standard Class,betty-1297,Betty Thompson,Consumer,United States,Baton Rouge,Louisiana,31165,South,FUR-FURN-8451,Furniture,Furnishings,"Tenex Furnishing 100 Series, Multicolor",35.77,1,0.5,-0.89
583,US-2016-000273,2016-03-09,2016-03-14,Standard Class,betty-1297,Betty Thompson,Consumer,United States,Baton Rouge,Louisiana,72032,South,FUR-FURN-6789,Furniture,Furnishings,"Newell Furnishing Pro, Multicolor",81.4,1,0,30.93
584,US-2016-000274,2016-05-02,2016-05-04,First Class,linda-1293,Linda Lewis,Consumer,United States,Columbia,South Carolina,76315,South,OFF-APPL-9396,Office Supplies,Appliances,"GE Appliance Pro, Gray",211.28,1,0.1,40.14
585,US-2016-000274,2016-05-02,2016-05-04,First Class,linda-1293,Linda Lewis,Consumer,United States,Columbia,South Carolina,30737,South,TEC-COPI-1934,Technology,Copiers,"Brother Copier, White",6436.45,5,0,2638.94
586,US-2016-000274,2016-05-02,2016-05-04,First Class,linda-1293,Linda Lewis,Consumer,United States,Columbia,South Carolina,80139,South,OFF-SUPP-7360,Office Supplies,Supplies,"Acme Supply Kit Deluxe, Gray",45.97,1,0,6.9
587,US-2016-000274,2016-05-02,2016-05-04,First Class,linda-1293,Linda Lewis,Consumer,United States,Columbia,South Carolina,51588,South,TEC-COPI-3953,Technology,Copiers,"Canon Copier 100 Series, Gray",7320.64,8,0,3001.46
588,US-2014-000275,2014-12-10,2014-12-15,Standard Class,kimberly-1581,Kimberly Brown,Consumer,United States,San Antonio,Texas,65434,Central,TEC-ACCE-1886,Technology,Accessories,"Kensington Headset Deluxe, Black",71.75,1,0.2,15.64
589,US-2014-000275,2014-12-10,2014-12-15,Standard Class,kimberly-1581,Kimberly Brown,Consumer,United States,San Antonio,Texas,65014,Central,OFF-FAST-2369,Office Supplies,Fasteners,"Staples Fastener 200 Series, Black",12.51,1,0,5.63
590,US-2014-000275,2014-12-10,2014-12-15,Standard Class,kimberly-1581,Kimberly Brown,Consumer,United States,San Antonio,Texas,48916,Central,TEC-PHON-4015,Technology,Phones,"Samsung Phone Eco, White",2342.08,8,0,796.31
591,US-2017-000276,2017-01-08,2017-01-10,First Class,karen-1713,Karen Wilson,Home Office,United States,Little Rock,Arkansas,51487,South,FUR-BOOK-2274,Furniture,Bookcases,"Harbour Creations Bookcase Deluxe, Gray",132.61,1,0.2,-14.85
592,US-2017-000276,2017-01-08,2017-01-10,First Class,karen-1713,Karen Wilson,Home Office,United States,Little Rock,Arkansas,98336,South,FUR-BOOK-3416,Furniture,Bookcases,"Sauder Bookcase Classic, Black",108.95,1,0.2,-12.2
593,US-2017-000277,2017-06-26,2017-07-01,Standard Class,linda-1460,Linda Wright,Corporate,United States,Las Vegas,Nevada,58531,West,OFF-BIND-7185,Office Supplies,Binders,"GBC Binder 200 Series, Black",15.68,1,0.5,-6.74
594,US-2017-000277,2017-06-26,2017-07-01,Standard Class,linda-1460,Linda Wright,Corporate,United States,Las Vegas,Nevada,69769,West,OFF-STOR-6029,Office Supplies,Storage,"Fellowes Storage Bin Eco, Gray",447.84,4,0.1,45.23
595,US-2017-000277,2017-06-26,2017-07-01,Standard Class,linda-1460,Linda Wright,Corporate,United States,Las Vegas,Nevada,58906,West,TEC-ACCE-6770,Technology,Accessories,"Kensington Headset Pro, White",857.01,11,0,325.66
596,US-2016-000278,2016-07-12,2016-07-15,Second Class,michael-1675,Michael King,Consumer,United States,Cheyenne,Wyoming,91767,West,FUR-TABL-2468,Furniture,Tables,"Bevis Table 100 Series, Gray",1373.94,2,0,-178.61
597,US-2016-000278,2016-07-12,2016-07-15,Second Class,michael-1675,Michael King,Consumer,United States,Cheyenne,Wyoming,26311,West,FUR-TABL-5749,Furniture,Tables,"Lesro Table, White",1507.2,5,0.3,-806.35
598,US-2016-000278,2016-07-12,2016-07-15,Second Class,michael-1675,Michael King,Consumer,United States,Cheyenne,Wyoming,47173,West,OFF-STOR-7484,Office Supplies,Storage,"Deflect-O Storage Bin Steel, Black",91.72,1,0,18.34
599,US-2014-000279,2014-04-23,2014-04-28,Standard Class,richard-1383,Richard Miller,Home Office,United States,Fargo,North Dakota,61173,Central,TEC-ACCE-4156,Technology,Accessories,"Belkin Headset Steel, White",63.63,1,0.5,-1.59
600,US-2014-000279,2014-04-23,2014-04-28,Standard Class,richard-1383,Richard Miller,Home Office,United States,Fargo,North Dakota,26559,Central,OFF-ART-9475,Office Supplies,Art,"BIC Sketch Book Pro, Multicolor",19.87,1,0,8.94
601,US-2014-000279,2014-04-23,2014-04-28,Standard Class,richard-1383,Richard Miller,Home Office,United States,Fargo,North Dakota,87764,Central,TEC-PHON-5263,Technology,Phones,"Apple Phone Steel, White",250.03,1,0,85.01
602,US-2014-000279,2014-04-23,2014-04-28,Standard Class,richard-1383,Richard Miller,Home Office,United States,Fargo,North Dakota,93161,Central,OFF-APPL-7265,Office Supplies,Appliances,"Eldon Appliance 100 Series, Black",215.82,4,0.7,-75.54
603,US-2016-000280,2016-10-31,2016-11-05,Standard Class,james-1245,James Williams,Corporate,United States,Salt Lake City,Utah,23556,West,OFF-ENVE-1847,Office Supplies,Envelopes,"Quality Park Envelope Eco, Black",88.61,9,0.1,33.49
604,US-2016-000280,2016-10-31,2016-11-05,Standard Class,james-1245,James Williams,Corporate,United States,Salt Lake City,Utah,20143,West,FUR-TABL-2754,Furniture,Tables,"Lesro Table 100 Series, Black",371.88,1,0,-48.34
605,US-2016-000281,2016-05-10,2016-05-15,Standard Class,patricia-1212,Patricia Moore,Consumer,United States,Charleston,South Carolina,31117,South,FUR-FURN-4445,Furniture,Furnishings,"Tenex Furnishing 100 Series, Multicolor",108.97,3,0.4,6.1
606,US-2015-000282,2015-02-08,2015-02-13,Standard Class,betty-1182,Betty Green,Consumer,United States,Boise,Idaho,80249,West,OFF-STOR-3595,Office Supplies,Storage,"Deflect-O Storage Bin, White",97.02,1,0.1,9.8
607,US-2014-000283,2014-10-15,2014-10-20,Standard Class,elizabeth-1335,Elizabeth Lewis,Home Office,United States,Detroit,Michigan,74986,Central,OFF-APPL-8890,Office Supplies,Appliances,"Honeywell Appliance Eco, Black",160.44,1,0,44.92
608,US-2014-000283,2014-10-15,2014-10-20,Standard Class,elizabeth-1335,Elizabeth Lewis,Home Office,United States,Detroit,Michigan,46843,Central,TEC-ACCE-4163,Technology,Accessories,"Verbatim Headset Steel, Black",50.82,1,0.3,6.96
609,US-2014-000283,2014-10-15,2014-10-20,Standard Class,elizabeth-1335,Elizabeth Lewis,Home Office,United States,Detroit,Michigan,51780,Central,OFF-SUPP-3714,Office Supplies,Supplies,"Acme Supply Kit Eco, Gray",84.32,2,0.2,-2.53
610,US-2014-000284,2014-07-06,2014-07-11,Standard Class,michael-1034,Michael Green,Home Office,United States,Indianapolis,Indiana,34369,Central,TEC-PHON-1490,Technology,Phones,"Panasonic Phone Steel, Black",1013.9,5,0,344.73
611,US-2015-000285,2015-11-07,2015-11-12,Standard Class,steven-1672,Steven Jones,Corporate,United States,Baton Rouge,Louisiana,47174,South,FUR-BOOK-6388,Furniture,Bookcases,"Tennsco Bookcase, Black",390.78,2,0,54.71
612,US-2014-000286,2014-09-23,2014-09-28,Standard Class,david-1622,David Walker,Home Office,United States,Boise,Idaho,45969,West,TEC-ACCE-4246,Technology,Accessories,"SanDisk Headset Pro, Black",600.7,5,0,228.27
613,US-2014-000286,2014-09-23,2014-09-28,Standard Class,david-1622,David Walker,Home Office,United States,Boise,Idaho,94367,West,TEC-ACCE-8418,Technology,Accessories,"Logitech Headset 100 Series, Black",82.56,1,0,31.37
614,US-2016-000287,2016-06-22,2016-06-27,Standard Class,patricia-1016,Patricia Green,Consumer,United States,Pittsburgh,Pennsylvania,90259,East,OFF-LABE-6665,Office Supplies,Labels,"Smead Label Pro, Black",28.64,2,0,12.89
615,US-2016-000287,2016-06-22,2016-06-27,Standard Class,patricia-1016,Patricia Green,Consumer,United States,Pittsburgh,Pennsylvania,23467,East,FUR-CHAI-8447,Furniture,Chairs,"Office Star Chair Eco, Black",651.91,3,0.5,-250.99
616,US-2016-000287,2016-06-22,2016-06-27,Standard Class,patricia-1016,Patricia Green,Consumer,United States,Pittsburgh,Pennsylvania,67106,East,FUR-BOOK-1170,Furniture,Bookcases,"Sauder Bookcase, Black",1479.48,13,0.3,-352.12
617,US-2015-000288,2015-04-25,2015-04-27,First Class,emily-1741,Emily Jackson,Consumer,United States,New Orleans,Louisiana,32327,South,OFF-FAST-1786,Office Supplies,Fasteners,"OIC Fastener 100 Series, White",6.25,1,0,2.81
618,US-2015-000288,2015-04-25,2015-04-27,First Class,emily-1741,Emily Jackson,Consumer,United States,New Orleans,Louisiana,64172,South,OFF-APPL-2964,Office Supplies,Appliances,"Kitchex Appliance Classic, Black",620.02,6,0.2,62.0
619,US-2015-000288,2015-04-25,2015-04-27,First Class,emily-1741,Emily Jackson,Consumer,United States,New Orleans,Louisiana,48829,South,TEC-COPI-8830,Technology,Copiers,"Canon Copier Deluxe, Gray",883.01,1,0,362.03
620,US-2017-000289,2017-06-29,2017-07-02,Second Class,john-1662,John King,Consumer,United States,Washington,District of Columbia,54624,East,TEC-MACH-1215,Technology,Machines,"Cubify Printer Deluxe, White",1046.22,2,0,52.31
621,US-2017-000290,2017-04-03,2017-04-05,First Class,nancy-1464,Nancy Brown,Consumer,United States,Salt Lake City,Utah,31522,West,OFF-APPL-7317,Office Supplies,Appliances,"Holmes Appliance Pro, Gray",359.32,2,0,100.61
622,US-2016-000291,2016-08-24,2016-08-29,Standard Class,elizabeth-1472,Elizabeth Harris,Consumer,United States,Springfield,Illinois,25510,Central,TEC-COPI-1468,Technology,Copiers,"Hewlett-Packard Copier Eco, Black",1549.0,2,0,635.09
623,US-2017-000292,2017-10-11,2017-10-16,Standard Class,sandra-1441,Sandra Jackson,Home Office,United States,Newark,New Jersey,34832,East,OFF-PAPE-5466,Office Supplies,Paper,"Xerox Copy Paper Classic, Black",11.28,1,0,4.74
624,US-2017-000292,2017-10-11,2017-10-16,Standard Class,sandra-1441,Sandra Jackson,Home Office,United States,Newark,New Jersey,42630,East,OFF-SUPP-9676,Office Supplies,Supplies,"Fiskars Supply Kit Eco, Gray",60.28,1,0,9.04
625,US-2017-000293,2017-11-15,2017-11-20,Standard Class,david-1054,David Martin,Corporate,United States,Austin,Texas,32418,Central,OFF-FAST-7421,Office Supplies,Fasteners,"Advantus Fastener Steel, Black",10.36,1,0,4.66
626,US-2017-000293,2017-11-15,2017-11-20,Standard Class,david-1054,David Martin,Corporate,United States,Austin,Texas,72490,Central,OFF-BIND-5718,Office Supplies,Binders,"Cardinal Binder Eco, White",31.3,2,0.2,1.75
627,US-2017-000294,2017-01-07,2017-01-12,Standard Class,steven-1697,Steven Harris,Consumer,United States,Philadelphia,Pennsylvania,11276,East,OFF-APPL-8011,Office Supplies,Appliances,"Eldon Appliance Classic, Black",156.29,1,0.1,29.7
628,US-2017-000294,2017-01-07,2017-01-12,Standard Class,steven-1697,Steven Harris,Consumer,United States,Philadelphia,Pennsylvania,99136,East,OFF-STOR-9000,Office Supplies,Storage,"Deflect-O Storage Bin, White",103.33,1,0,20.67
629,US-2017-000294,2017-01-07,2017-01-12,Standard Class,steven-1697,Steven Harris,Consumer,United States,Philadelphia,Pennsylvania,81528,East,OFF-LABE-3401,Office Supplies,Labels,"Dax Label 200 Series, White",52.15,5,0,23.47
630,US-2017-000294,2017-01-07,2017-01-12,Standard Class,steven-1697,Steven Harris,Consumer,United States,Philadelphia,Pennsylvania,53744,East,OFF-FAST-6968,Office Supplies,Fasteners,"Elite Fastener Eco, Black",54.85,5,0,24.68
631,US-2016-000295,2016-09-17,2016-09-22,Standard Class,michael-1702,Michael Johnson,Corporate,United States,Fargo,North Dakota,21702,Central,OFF-ENVE-9156,Office Supplies,Envelopes,"Columbian Envelope Pro, Black",38.73,3,0,17.43
632,US-2016-000295,2016-09-17,2016-09-22,Standard Class,michael-1702,Michael Johnson,Corporate,United States,Fargo,North Dakota,79063,Central,OFF-BIND-5487,Office Supplies,Binders,"GBC Binder 100 Series, Gray",152.88,7,0,58.09
633,US-2015-000296,2015-10-25,2015-10-30,Standard Class,susan-1603,Susan King,Consumer,United States,Jackson,Mississippi,99854,South,TEC-PHON-8101,Technology,Phones,"Panasonic Phone 100 Series, Gray",1127.0,5,0,383.18
634,US-2016-000297,2016-06-17,2016-06-22,Standard Class,nancy-1571,Nancy King,Corporate,United States,Boise,Idaho,74012,West,OFF-LABE-1670,Office Supplies,Labels,"Avery Label Classic, Black",65.25,5,0,29.36
635,US-2016-000298,2016-12-05,2016-12-07,First Class,john-1257,John Jackson,Corporate,United States,Grand Rapids,Michigan,14213,Central,TEC-PHON-2409,Technology,Phones,"Plantronics Phone 200 Series, White",529.76,4,0,180.12
636,US-2016-000298,2016-12-05,2016-12-07,First Class,john-1257,John Jackson,Corporate,United States,Grand Rapids,Michigan,44244,Central,TEC-MACH-7328,Technology,Machines,"Canon Printer Deluxe, Black",7464.0,10,0,373.2
637,US-2016-000298,2016-12-05,2016-12-07,First Class,john-1257,John Jackson,Corporate,United States,Grand Rapids,Michigan,27786,Central,OFF-LABE-3839,Office Supplies,Labels,"Novimex Label Eco, Gray",8.47,1,0,3.81
638,US-2016-000299,2016-01-27,2016-02-01,Standard Class,john-1312,John Harris,Home Office,United States,Tampa,Florida,51060,South,OFF-ART-2573,Office Supplies,Art,"BIC Sketch Book Steel, Multicolor",18.54,1,0,8.34
639,US-2016-000299,2016-01-27,2016-02-01,Standard Class,john-1312,John Harris,Home Office,United States,Tampa,Florida,65171,South,TEC-PHON-6803,Technology,Phones,"Panasonic Phone Classic, Black",412.97,2,0.1,103.24
640,US-2014-000300,2014-08-25,2014-08-30,Standard Class,james-1309,James Lewis,Corporate,United States,Boulder,Colorado,77897,West,OFF-LABE-3063,Office Supplies,Labels,"Avery Label Steel, Black",8.63,1,0.3,2.02
641,US-2014-000300,2014-08-25,2014-08-30,Standard Class,james-1309,James Lewis,Corporate,United States,Boulder,Colorado,84114,West,TEC-COPI-1896,Technology,Copiers,"Canon Copier 100 Series, Black",9307.62,12,0.3,1805.68
642,US-2016-000301,2016-04-23,2016-04-28,Standard Class,andrew-1062,Andrew King,Corporate,United States,Cincinnati,Ohio,30287,Central,FUR-CHAI-9115,Furniture,Chairs,"Global Value Chair 200 Series, Black",2387.2,7,0.1,198.14
643,US-2016-000301,2016-04-23,2016-04-28,Standard Class,andrew-1062,Andrew King,Corporate,United States,Cincinnati,Ohio,42402,Central,OFF-LABE-8945,Office Supplies,Labels,"Smead Label, White",15.11,1,0,6.8
644,US-2014-000302,2014-06-17,2014-06-19,First Class,betty-1414,Betty Green,Consumer,United States,Wichita,Kansas,96176,Central,OFF-FAST-3018,Office Supplies,Fasteners,"Harbour Creations Fastener Classic, Black",37.02,3,0,16.66
645,US-2014-000302,2014-06-17,2014-06-19,First Class,betty-1414,Betty Green,Consumer,United States,Wichita,Kansas,46069,Central,OFF-ENVE-8801,Office Supplies,Envelopes,"Columbian Envelope Deluxe, Black",17.32,1,0,7.79
646,US-2014-000302,2014-06-17,2014-06-19,First Class,betty-1414,Betty Green,Consumer,United States,Wichita,Kansas,69911,Central,OFF-SUPP-8601,Office Supplies,Supplies,"Harbour Creations Supply Kit 100 Series, Black",105.52,2,0,15.83
647,US-2014-000303,2014-10-25,2014-10-28,Second Class,daniel-1594,Daniel Hall,Corporate,United States,Minneapolis,Minnesota,75957,Central,TEC-COPI-3282,Technology,Copiers,"Canon Copier Pro, Black",3222.96,4,0,1321.41
648,US-2014-000303,2014-10-25,2014-10-28,Second Class,daniel-1594,Daniel Hall,Corporate,United States,Minneapolis,Minnesota,83813,Central,OFF-BIND-9405,Office Supplies,Binders,"Cardinal Binder Steel, Black",135.54,3,0,51.51
649,US-2014-000303,2014-10-25,2014-10-28,Second Class,daniel-1594,Daniel Hall,Corporate,United States,Minneapolis,Minnesota,71834,Central,OFF-PAPE-5560,Office Supplies,Paper,"Georgia Pacific Copy Paper 200 Series, Gray",199.12,8,0,83.63
650,US-2014-000303,2014-10-25,2014-10-28,Second Class,daniel-1594,Daniel Hall,Corporate,United States,Minneapolis,Minnesota,86117,Central,OFF-ART-3120,Office Supplies,Art,"Prang Sketch Book Eco, Multicolor",93.06,4,0.1,36.01
651,US-2016-000304,2016-01-10,2016-01-15,Standard Class,susan-1750,Susan Martin,Consumer,United States,Charlotte,North Carolina,18438,South,TEC-MACH-4876,Technology,Machines,"Canon Printer Deluxe, Black",1263.42,7,0.7,-1130.76
652,US-2014-000305,2014-07-01,2014-07-06,Standard Class,david-1038,David Jones,Consumer,United States,Washington,District of Columbia,36180,East,FUR-BOOK-2763,Furniture,Bookcases,"Sauder Bookcase Pro, White",1781.35,12,0.1,24.94
653,US-2014-000305,2014-07-01,2014-07-06,Standard Class,david-1038,David Jones,Consumer,United States,Washington,District of Columbia,21275,East,OFF-BIND-8168,Office Supplies,Binders,"Cardinal Binder Classic, White",67.49,4,0.2,3.78
654,US-2016-000306,2016-12-15,2016-12-18,Second Class,anthony-1143,Anthony Taylor,Corporate,United States,San Diego,California,84760,West,FUR-FURN-9653,Furniture,Furnishings,"Newell Furnishing 200 Series, Multicolor",108.64,2,0.3,14.88
655,US-2016-000306,2016-12-15,2016-12-18,Second Class,anthony-1143,Anthony Taylor,Corporate,United States,San Diego,California,19289,West,TEC-MACH-6840,Technology,Machines,"Zebra Printer Pro, Gray",751.43,1,0,37.57
656,US-2016-000307,2016-08-14,2016-08-19,Standard Class,sarah-1529,Sarah Brown,Corporate,United States,Minneapolis,Minnesota,30692,Central,OFF-PAPE-5749,Office Supplies,Paper,"Xerox Copy Paper Deluxe, White",78.84,4,0,33.11
657,US-2017-000308,2017-11-25,2017-11-30,Standard Class,john-1589,John Davis,Consumer,United States,Boulder,Colorado,36770,West,FUR-TABL-5309,Furniture,Tables,"Chromcraft Table Classic, White",1095.22,2,0,-142.38
658,US-2017-000309,2017-08-17,2017-08-22,Standard Class,christopher-1074,Christopher Moore,Consumer,United States,Portland,Maine,76533,East,TEC-ACCE-8844,Technology,Accessories,"Verbatim Headset 100 Series, White",151.02,1,0,57.39
659,US-2015-000310,2015-04-23,2015-04-28,Standard Class,lisa-1489,Lisa Smith,Consumer,United States,Minneapolis,Minnesota,28058,Central,OFF-BIND-1296,Office Supplies,Binders,"Samsung Binder Steel, White",103.24,4,0,39.23
660,US-2014-000311,2014-10-17,2014-10-22,Standard Class,john-1630,John Clark,Corporate,United States,Baton Rouge,Louisiana,80284,South,FUR-CHAI-2507,Furniture,Chairs,"Global Value Chair Deluxe, White",599.35,4,0.4,-160.63
661,US-2014-000311,2014-10-17,2014-10-22,Standard Class,john-1630,John Clark,Corporate,United States,Baton Rouge,Louisiana,95880,South,FUR-CHAI-1931,Furniture,Chairs,"HON Chair Deluxe, Black",328.89,1,0,65.78
662,US-2014-000312,2014-11-12,2014-11-17,Standard Class,karen-1673,Karen Moore,Corporate,United States,Cincinnati,Ohio,82274,Central,OFF-BIND-4609,Office Supplies,Binders,"GBC Binder Pro, Black",29.67,1,0,11.27
663,US-2016-000313,2016-06-21,2016-06-26,Standard Class,christopher-1714,Christopher Rodriguez,Corporate,United States,Sioux Falls,South Dakota,28608,Central,TEC-MACH-4335,Technology,Machines,"Canon Printer 100 Series, Gray",1122.86,2,0,56.14
664,US-2016-000313,2016-06-21,2016-06-26,Standard Class,christopher-1714,Christopher Rodriguez,Corporate,United States,Sioux Falls,South Dakota,87102,Central,FUR-CHAI-8434,Furniture,Chairs,"Global Value Chair Classic, White",2424.36,6,0,484.87
665,US-2016-000313,2016-06-21,2016-06-26,Standard Class,christopher-1714,Christopher Rodriguez,Corporate,United States,Sioux Falls,South Dakota,15822,Central,OFF-SUPP-1978,Office Supplies,Supplies,"Elite Supply Kit 100 Series, Black",75.84,3,0,11.38
666,US-2016-000313,2016-06-21,2016-06-26,Standard Class,christopher-1714,Christopher Rodriguez,Corporate,United States,Sioux Falls,South Dakota,55588,Central,OFF-ENVE-4021,Office Supplies,Envelopes,"Columbian Envelope Steel, Gray",42.54,3,0,19.14
667,US-2017-000314,2017-03-27,2017-03-30,Second Class,elizabeth-1268,Elizabeth Wright,Corporate,United States,Providence,Rhode Island,65553,East,TEC-ACCE-2789,Technology,Accessories,"Kensington Headset, Gray",716.85,9,0.1,214.34
668,US-2016-000315,2016-06-11,2016-06-16,Standard Class,betty-1390,Betty Jackson,Home Office,United States,Des Moines,Iowa,45950,Central,OFF-FAST-9893,Office Supplies,Fasteners,"OIC Fastener Deluxe, Black",29.8,2,0,13.41
669,US-2016-000316,2016-10-02,2016-10-04,First Class,daniel-1582,Daniel Anderson,Corporate,United States,Boise,Idaho,63558,West,TEC-COPI-8207,Technology,Copiers,"Sharp Copier, Black",649.7,1,0.1,219.6
670,US-2016-000316,2016-10-02,2016-10-04,First Class,daniel-1582,Daniel Anderson,Corporate,United States,Boise,Idaho,43818,West,FUR-CHAI-5529,Furniture,Chairs,"Harbour Creations Chair 100 Series, Gray",3978.1,10,0,795.62
671,US-2016-000316,2016-10-02,2016-10-04,First Class,daniel-1582,Daniel Anderson,Corporate,United States,Boise,Idaho,95800,West,OFF-FAST-3084,Office Supplies,Fasteners,"Staples Fastener Classic, Black",11.0,1,0,4.95
672,US-2015-000317,2015-06-15,2015-06-18,Second Class,matthew-1694,Matthew Brown,Corporate,United States,Portland,Oregon,52702,West,FUR-FURN-2854,Furniture,Furnishings,"Sauder Furnishing Classic, Multicolor",107.44,2,0,40.83
673,US-2016-000318,2016-12-30,2017-01-04,Standard Class,daniel-1436,Daniel Martinez,Home Office,United States,Milwaukee,Wisconsin,29670,Central,OFF-STOR-7139,Office Supplies,Storage,"Tennsco Storage Bin Steel, Black",947.1,11,0,189.42
674,US-2016-000318,2016-12-30,2017-01-04,Standard Class,daniel-1436,Daniel Martinez,Home Office,United States,Milwaukee,Wisconsin,55096,Central,FUR-BOOK-6129,Furniture,Bookcases,"O'Donnell Bookcase Deluxe, Gray",343.93,2,0.1,4.82
675,US-2017-000319,2017-10-25,2017-10-30,Standard Class,matthew-1596,Matthew Harris,Home Office,United States,Dallas,Texas,25892,Central,FUR-FURN-9249,Furniture,Furnishings,"Eldon Furnishing Deluxe, Multicolor",666.29,14,0.1,199.22
676,US-2017-000319,2017-10-25,2017-10-30,Standard Class,matthew-1596,Matthew Harris,Home Office,United States,Dallas,Texas,41986,Central,TEC-PHON-9592,Technology,Phones,"Apple Phone Classic, White",159.53,1,0.1,39.88
677,US-2017-000319,2017-10-25,2017-10-30,Standard Class,matthew-1596,Matthew Harris,Home Office,United States,Dallas,Texas,63730,Central,OFF-PAPE-4782,Office Supplies,Paper,"Southworth Copy Paper Pro, Black",64.64,4,0.2,16.68
678,US-2017-000319,2017-10-25,2017-10-30,Standard Class,matthew-1596,Matthew Harris,Home Office,United States,Dallas,Texas,40193,Central,OFF-STOR-9284,Office Supplies,Storage,"Fellowes Storage Bin Pro, Black",105.3,1,0,21.06
679,US-2014-000320,2014-11-04,2014-11-07,Second Class,kimberly-1417,Kimberly Brown,Consumer,United States,Billings,Montana,35966,West,OFF-PAPE-2335,Office Supplies,Paper,"Wausau Copy Paper 100 Series, Black",24.91,2,0.4,2.39
680,US-2014-000320,2014-11-04,2014-11-07,Second Class,kimberly-1417,Kimberly Brown,Consumer,United States,Billings,Montana,82690,West,OFF-ART-3732,Office Supplies,Art,"BIC Sketch Book, Multicolor",26.54,1,0,11.94
681,US-2014-000320,2014-11-04,2014-11-07,Second Class,kimberly-1417,Kimberly Brown,Consumer,United States,Billings,Montana,60871,West,TEC-MACH-1558,Technology,Machines,"Cubify Printer 200 Series, White",690.39,1,0.1,-58.68
682,US-2017-000321,2017-09-15,2017-09-18,Second Class,matthew-1411,Matthew Lewis,Home Office,United States,Cheyenne,Wyoming,63593,West,OFF-PAPE-1741,Office Supplies,Paper,"Mead Copy Paper 100 Series, Black",80.44,8,0.5,1.21
683,US-2014-000322,2014-12-22,2014-12-27,Standard Class,ashley-1607,Ashley Walker,Home Office,United States,Baton Rouge,Louisiana,76615,South,TEC-PHON-2587,Technology,Phones,"Plantronics Phone Eco, Black",541.53,2,0.1,135.38
684,US-2014-000322,2014-12-22,2014-12-27,Standard Class,ashley-1607,Ashley Walker,Home Office,United States,Baton Rouge,Louisiana,37615,South,TEC-ACCE-7292,Technology,Accessories,"SanDisk Headset Pro, Black",113.33,1,0,43.07
685,US-2017-000323,2017-08-19,2017-08-24,Standard Class,matthew-1355,Matthew Moore,Home Office,United States,Milwaukee,Wisconsin,22580,Central,TEC-COPI-5726,Technology,Copiers,"Hewlett-Packard Copier 200 Series, White",3038.88,3,0,1245.94
686,US-2017-000324,2017-03-28,2017-04-02,Standard Class,daniel-1040,Daniel Taylor,Home Office,United States,Sioux Falls,South Dakota,69487,Central,FUR-BOOK-5617,Furniture,Bookcases,"Tennsco Bookcase Deluxe, Gray",830.66,4,0.1,11.63
687,US-2017-000324,2017-03-28,2017-04-02,Standard Class,daniel-1040,Daniel Taylor,Home Office,United States,Sioux Falls,South Dakota,56363,Central,OFF-LABE-8281,Office Supplies,Labels,"Avery Label 100 Series, White",12.05,1,0.1,4.55
688,US-2017-000324,2017-03-28,2017-04-02,Standard Class,daniel-1040,Daniel Taylor,Home Office,United States,Sioux Falls,South Dakota,69437,Central,FUR-FURN-6359,Furniture,Furnishings,"Howard Miller Furnishing 100 Series, Multicolor",79.43,1,0,30.18
689,US-2017-000325,2017-05-13,2017-05-15,First Class,nancy-1571,Nancy King,Corporate,United States,Boise,Idaho,36028,West,OFF-ENVE-4607,Office Supplies,Envelopes,"Columbian Envelope Steel, White",15.96,1,0,7.18
690,US-2017-000325,2017-05-13,2017-05-15,First Class,nancy-1571,Nancy King,Corporate,United States,Boise,Idaho,90114,West,FUR-FURN-1052,Furniture,Furnishings,"Sauder Furnishing Deluxe, Multicolor",93.88,2,0,35.67
691,US-2015-000326,2015-03-27,2015-03-30,Second Class,james-1428,James Scott,Corporate,United States,Cheyenne,Wyoming,92579,West,OFF-ENVE-9691,Office Supplies,Envelopes,"Jiffy Envelope Classic, White",14.29,1,0,6.43
692,US-2015-000326,2015-03-27,2015-03-30,Second Class,james-1428,James Scott,Corporate,United States,Cheyenne,Wyoming,47654,West,OFF-SUPP-9903,Office Supplies,Supplies,"Novimex Supply Kit Pro, Black",53.18,1,0,7.98
693,US-2016-000327,2016-12-05,2016-12-08,Second Class,david-1407,David Lopez,Corporate,United States,Albuquerque,New Mexico,83697,West,TEC-MACH-4847,Technology,Machines,"Zebra Printer Steel, Black",677.89,1,0,33.89
694,US-2016-000327,2016-12-05,2016-12-08,Second Class,david-1407,David Lopez,Corporate,United States,Albuquerque,New Mexico,17161,West,OFF-PAPE-7737,Office Supplies,Paper,"Wausau Copy Paper Pro, Black",51.08,2,0,21.45
695,US-2015-000328,2015-08-28,2015-08-31,Second Class,patricia-1586,Patricia Martin,Consumer,United States,Charlotte,North Carolina,95844,South,OFF-PAPE-1345,Office Supplies,Paper,"Southworth Copy Paper, White",85.54,4,0.1,29.0
696,US-2014-000329,2014-06-02,2014-06-04,First Class,william-1548,William Wilson,Consumer,United States,Boston,Massachusetts,11788,East,OFF-ENVE-7125,Office Supplies,Envelopes,"Jiffy Envelope 200 Series, Black",9.0,1,0.2,2.75
697,US-2014-000329,2014-06-02,2014-06-04,First Class,william-1548,William Wilson,Consumer,United States,Boston,Massachusetts,42416,East,FUR-CHAI-9216,Furniture,Chairs,"HON Chair 100 Series, Black",705.82,2,0,141.16
698,US-2017-000330,2017-06-04,2017-06-06,First Class,nancy-1410,Nancy Anderson,Home Office,United States,Grand Rapids,Michigan,87096,Central,TEC-PHON-1241,Technology,Phones,"Cisco Phone, Gray",2218.4,8,0,754.26
699,US-2017-000331,2017-05-11,2017-05-16,Standard Class,william-1620,William Williams,Consumer,United States,St. Paul,Minnesota,39132,Central,OFF-LABE-4320,Office Supplies,Labels,"Smead Label Classic, Black",97.2,10,0,43.74
700,US-2017-000331,2017-05-11,2017-05-16,Standard Class,william-1620,William Williams,Consumer,United States,St. Paul,Minnesota,60124,Central,TEC-ACCE-8919,Technology,Accessories,"Verbatim Headset Eco, Black",378.6,4,0,143.87
701,US-2017-000331,2017-05-11,2017-05-16,Standard Class,william-1620,William Williams,Consumer,United States,St. Paul,Minnesota,68601,Central,FUR-BOOK-7106,Furniture,Bookcases,"Lesro Bookcase Steel, Gray",321.34,2,0.2,-35.99
702,US-2015-000332,2015-11-24,2015-11-29,Standard Class,nancy-1658,Nancy Green,Consumer,United States,St. Paul,Minnesota,42764,Central,FUR-FURN-4402,Furniture,Furnishings,"Eldon Furnishing 200 Series, Multicolor",410.22,6,0,155.88
703,US-2015-000332,2015-11-24,2015-11-29,Standard Class,nancy-1658,Nancy Green,Consumer,United States,St. Paul,Minnesota,74674,Central,FUR-FURN-8758,Furniture,Furnishings,"Howard Miller Furnishing Steel, Multicolor",167.8,2,0,63.76
704,US-2015-000333,2015-06-04,2015-06-09,Standard Class,thomas-1345,Thomas Lewis,Consumer,United States,Atlanta,Georgia,95461,South,TEC-ACCE-4427,Technology,Accessories,"Logitech Headset Eco, Gray",143.96,2,0,54.7
705,US-2015-000333,2015-06-04,2015-06-09,Standard Class,thomas-1345,Thomas Lewis,Consumer,United States,Atlanta,Georgia,59242,South,OFF-ENVE-8913,Office Supplies,Envelopes,"Jiffy Envelope Classic, Gray",178.66,13,0.1,67.53
706,US-2014-000334,2014-11-08,2014-11-13,Standard Class,nancy-1532,Nancy Lopez,Corporate,United States,Washington,District of Columbia,81708,East,FUR-TABL-9113,Furniture,Tables,"Bevis Table Steel, Black",2521.8,5,0,-327.83
707,US-2014-000334,2014-11-08,2014-11-13,Standard Class,nancy-1532,Nancy Lopez,Corporate,United States,Washington,District of Columbia,52256,East,TEC-ACCE-5861,Technology,Accessories,"Kensington Headset, Black",1344.98,14,0,511.09
708,US-2016-000335,2016-10-11,2016-10-16,Standard Class,sarah-1665,Sarah Johnson,Consumer,United States,Charlotte,North Carolina,27740,South,OFF-STOR-8735,Office Supplies,Storage,"Carina Storage Bin Eco, Black",284.63,9,0.4,-55.79
709,US-2016-000335,2016-10-11,2016-10-16,Standard Class,sarah-1665,Sarah Johnson,Consumer,United States,Charlotte,North Carolina,10735,South,OFF-ART-1160,Office Supplies,Art,"Prang Sketch Book Classic, Multicolor",4.87,1,0.8,-0.26
710,US-2016-000335,2016-10-11,2016-10-16,Standard Class,sarah-1665,Sarah Johnson,Consumer,United States,Charlotte,North Carolina,30507,South,OFF-LABE-2537,Office Supplies,Labels,"Dax Label Deluxe, White",14.69,1,0,6.61
711,US-2017-000336,2017-08-23,2017-08-28,Standard Class,susan-1014,Susan White,Consumer,United States,Cambridge,Massachusetts,29979,East,TEC-ACCE-7017,Technology,Accessories,"Verbatim Headset Eco, White",72.22,1,0,27.44
712,US-2017-000336,2017-08-23,2017-08-28,Standard Class,susan-1014,Susan White,Consumer,United States,Cambridge,Massachusetts,86981,East,FUR-TABL-3921,Furniture,Tables,"BPI Table Eco, Black",352.4,1,0.2,-140.96
713,US-2017-000336,2017-08-23,2017-08-28,Standard Class,susan-1014,Susan White,Consumer,United States,Cambridge,Massachusetts,90600,East,OFF-SUPP-8756,Office Supplies,Supplies,"Elite Supply Kit Eco, Black",27.47,1,0.4,-5.77
714,US-2017-000336,2017-08-23,2017-08-28,Standard Class,susan-1014,Susan White,Consumer,United States,Cambridge,Massachusetts,77071,East,OFF-APPL-8790,Office Supplies,Appliances,"Holmes Appliance 200 Series, White",1412.04,7,0,395.37
715,US-2016-000337,2016-04-10,2016-04-15,Standard Class,john-1120,John Clark,Corporate,United States,Boulder,Colorado,93070,West,TEC-MACH-9552,Technology,Machines,"Canon Printer Eco, Black",545.36,1,0,27.27
716,US-2016-000337,2016-04-10,2016-04-15,Standard Class,john-1120,John Clark,Corporate,United States,Boulder,Colorado,83126,West,OFF-FAST-8235,Office Supplies,Fasteners,"Advantus Fastener Steel, Black",36.72,5,0.1,13.88
717,US-2015-000338,2015-10-21,2015-10-26,Standard Class,sandra-1631,Sandra Clark,Home Office,United States,Manchester,New Hampshire,11704,East,FUR-BOOK-6914,Furniture,Bookcases,"Sauder Bookcase Classic, White",246.8,1,0,34.55
718,US-2016-000339,2016-09-30,2016-10-05,Standard Class,daniel-1281,Daniel Rodriguez,Consumer,United States,Salt Lake City,Utah,74265,West,OFF-FAST-1498,Office Supplies,Fasteners,"Staples Fastener, Gray",126.76,14,0.1,47.92
719,US-2016-000339,2016-09-30,2016-10-05,Standard Class,daniel-1281,Daniel Rodriguez,Consumer,United States,Salt Lake City,Utah,33188,West,OFF-ART-1625,Office Supplies,Art,"BIC Sketch Book 100 Series, Multicolor",12.96,1,0.2,4.2
720,US-2016-000339,2016-09-30,2016-10-05,Standard Class,daniel-1281,Daniel Rodriguez,Consumer,United States,Salt Lake City,Utah,22777,West,OFF-APPL-2956,Office Supplies,Appliances,"Eldon Appliance Steel, Black",406.05,3,0,113.69
721,US-2016-000339,2016-09-30,2016-10-05,Standard Class,daniel-1281,Daniel Rodriguez,Consumer,United States,Salt Lake City,Utah,58006,West,OFF-FAST-6450,Office Supplies,Fasteners,"Advantus Fastener, Gray",7.12,1,0.1,2.69
722,US-2016-000340,2016-12-16,2016-12-21,Standard Class,andrew-1513,Andrew Williams,Consumer,United States,Savannah,Georgia,10423,South,OFF-FAST-9281,Office Supplies,Fasteners,"Harbour Creations Fastener Deluxe, Black",10.16,3,0.3,2.38
723,US-2016-000340,2016-12-16,2016-12-21,Standard Class,andrew-1513,Andrew Williams,Consumer,United States,Savannah,Georgia,25239,South,OFF-LABE-2928,Office Supplies,Labels,"Smead Label Pro, Black",21.74,2,0,9.78
724,US-2017-000341,2017-10-01,2017-10-06,Standard Class,betty-1088,Betty Harris,Home Office,United States,Virginia Beach,Virginia,42340,South,OFF-ART-7136,Office Supplies,Art,"Binney & Smith Sketch Book Deluxe, Multicolor",22.54,2,0.3,5.88
725,US-2017-000341,2017-10-01,2017-10-06,Standard Class,betty-1088,Betty Harris,Home Office,United States,Virginia Beach,Virginia,39618,South,OFF-LABE-6087,Office Supplies,Labels,"Dax Label 200 Series, Black",50.52,4,0,22.73
726,US-2017-000341,2017-10-01,2017-10-06,Standard Class,betty-1088,Betty Harris,Home Office,United States,Virginia Beach,Virginia,56551,South,OFF-BIND-3901,Office Supplies,Binders,"Cardinal Binder Deluxe, White",62.1,2,0,23.6
727,US-2017-000341,2017-10-01,2017-10-06,Standard Class,betty-1088,Betty Harris,Home Office,United States,Virginia Beach,Virginia,66867,South,OFF-STOR-3793,Office Supplies,Storage,"Tennsco Storage Bin Classic, Black",452.7,6,0,90.54
728,US-2017-000342,2017-05-15,2017-05-20,Standard Class,lisa-1716,Lisa King,Consumer,United States,Indianapolis,Indiana,34436,Central,OFF-FAST-5273,Office Supplies,Fasteners,"Advantus Fastener Classic, Black",9.56,1,0.1,3.61
729,US-2017-000342,2017-05-15,2017-05-20,Standard Class,lisa-1716,Lisa King,Consumer,United States,Indianapolis,Indiana,92507,Central,TEC-MACH-6291,Technology,Machines,"Epson Printer Classic, Black",943.33,2,0.2,-207.53
730,US-2017-000342,2017-05-15,2017-05-20,Standard Class,lisa-1716,Lisa King,Consumer,United States,Indianapolis,Indiana,34526,Central,OFF-STOR-7904,Office Supplies,Storage,"Fellowes Storage Bin 200 Series, Black",55.27,1,0.4,-10.83
731,US-2017-000343,2017-09-25,2017-09-28,Second Class,sarah-1478,Sarah Thompson,Corporate,United States,Sioux Falls,South Dakota,62580,Central,TEC-COPI-7542,Technology,Copiers,"Ricoh Copier Steel, Black",855.31,1,0,350.68
732,US-2017-000343,2017-09-25,2017-09-28,Second Class,sarah-1478,Sarah Thompson,Corporate,United States,Sioux Falls,South Dakota,85693,Central,OFF-LABE-9306,Office Supplies,Labels,"Avery Label Deluxe, Black",16.94,2,0,7.62
733,US-2016-000344,2016-01-06,2016-01-08,First Class,richard-1524,Richard Taylor,Corporate,United States,Raleigh,North Carolina,55365,South,TEC-PHON-3128,Technology,Phones,"Samsung Phone 200 Series, Gray",318.98,1,0,108.45
734,US-2016-000344,2016-01-06,2016-01-08,First Class,richard-1524,Richard Taylor,Corporate,United States,Raleigh,North Carolina,49490,South,TEC-COPI-8546,Technology,Copiers,"Sharp Copier 200 Series, Black",653.4,1,0.4,79.71
735,US-2016-000344,2016-01-06,2016-01-08,First Class,richard-1524,Richard Taylor,Corporate,United States,Raleigh,North Carolina,10649,South,OFF-LABE-4869,Office Supplies,Labels,"Avery Label 200 Series, White",44.48,4,0.2,13.61
736,US-2016-000344,2016-01-06,2016-01-08,First Class,richard-1524,Richard Taylor,Corporate,United States,Raleigh,North Carolina,71907,South,TEC-MACH-2636,Technology,Machines,"Epson Printer Pro, Black",2060.37,3,0.1,-175.13
737,US-2014-000345,2014-09-09,2014-09-11,First Class,betty-1136,Betty Harris,Home Office,United States,Columbia,South Carolina,89761,South,TEC-ACCE-9750,Technology,Accessories,"Verbatim Headset Steel, Black",206.32,2,0,78.4
738,US-2014-000345,2014-09-09,2014-09-11,First Class,betty-1136,Betty Harris,Home Office,United States,Columbia,South Carolina,90029,South,OFF-ART-6935,Office Supplies,Art,"Newell Sketch Book Pro, Multicolor",10.91,1,0.3,2.85
739,US-2014-000345,2014-09-09,2014-09-11,First Class,betty-1136,Betty Harris,Home Office,United States,Columbia,South Carolina,33577,South,OFF-SUPP-3262,Office Supplies,Supplies,"Acme Supply Kit Deluxe, Black",43.6,1,0,6.54
740,US-2016-000346,2016-02-04,2016-02-09,Standard Class,mark-1698,Mark Clark,Consumer,United States,Fargo,North Dakota,69598,Central,FUR-TABL-3635,Furniture,Tables,"Lesro Table, Black",1572.48,3,0,-204.42
741,US-2016-000347,2016-12-17,2016-12-22,Standard Class,christopher-1055,Christopher Green,Consumer,United States,St. Paul,Minnesota,60263,Central,TEC-COPI-8758,Technology,Copiers,"Ricoh Copier Pro, Gray",10944.23,11,0,4487.13
742,US-2016-000347,2016-12-17,2016-12-22,Standard Class,christopher-1055,Christopher Green,Consumer,United States,St. Paul,Minnesota,43796,Central,FUR-FURN-6523,Furniture,Furnishings,"Howard Miller Furnishing, Multicolor",548.93,9,0.2,119.67
743,US-2014-000348,2014-05-31,2014-06-05,Standard Class,robert-1124,Robert Lee,Consumer,United States,Omaha,Nebraska,68560,Central,OFF-STOR-6528,Office Supplies,Storage,"Tennsco Storage Bin Steel, Gray",93.12,1,0,18.62
744,US-2014-000348,2014-05-31,2014-06-05,Standard Class,robert-1124,Robert Lee,Consumer,United States,Omaha,Nebraska,42589,Central,OFF-PAPE-2829,Office Supplies,Paper,"Wausau Copy Paper, Black",17.02,1,0.2,4.39
745,US-2014-000348,2014-05-31,2014-06-05,Standard Class,robert-1124,Robert Lee,Consumer,United States,Omaha,Nebraska,70036,Central,OFF-ART-3065,Office Supplies,Art,"Binney & Smith Sketch Book 100 Series, Multicolor",74.2,4,0,33.39
746,US-2017-000349,2017-01-09,2017-01-14,Standard Class,susan-1750,Susan Martin,Consumer,United States,Fargo,North Dakota,49582,Central,FUR-CHAI-7257,Furniture,Chairs,"Global Value Chair 100 Series, Gray",238.1,1,0.1,19.76
747,US-2016-000350,2016-02-05,2016-02-07,First Class,james-1263,James Green,Consumer,United States,Hartford,Connecticut,38208,East,FUR-TABL-5967,Furniture,Tables,"BPI Table Eco, Gray",2108.38,5,0.1,-558.72
748,US-2016-000350,2016-02-05,2016-02-07,First Class,james-1263,James Green,Consumer,United States,Hartford,Connecticut,47345,East,TEC-ACCE-5535,Technology,Accessories,"SanDisk Headset 200 Series, White",196.26,2,0,74.58
749,US-2014-000351,2014-11-12,2014-11-17,Standard Class,anthony-1613,Anthony Williams,Consumer,United States,Reno,Nevada,72339,West,OFF-PAPE-5715,Office Supplies,Paper,"Southworth Copy Paper 100 Series, Gray",23.98,2,0.1,8.13
750,US-2017-000352,2017-10-14,2017-10-16,First Class,mary-1348,Mary Scott,Consumer,United States,Kansas City,Missouri,20304,Central,TEC-MACH-7390,Technology,Machines,"Epson Printer 200 Series, Black",495.32,1,0.3,-175.84
751,US-2015-000353,2015-10-20,2015-10-25,Standard Class,kimberly-1542,Kimberly Lee,Home Office,United States,Baton Rouge,Louisiana,74325,South,TEC-COPI-3731,Technology,Copiers,"Canon Copier 200 Series, Gray",1861.94,2,0,763.4
752,US-2017-000354,2017-12-19,2017-12-22,Second Class,richard-1550,Richard Williams,Consumer,United States,Grand Rapids,Michigan,62576,Central,FUR-TABL-4462,Furniture,Tables,"Lesro Table Deluxe, Gray",304.59,1,0,-39.6
753,US-2017-000354,2017-12-19,2017-12-22,Second Class,richard-1550,Richard Williams,Consumer,United States,Grand Rapids,Michigan,92985,Central,TEC-ACCE-7851,Technology,Accessories,"SanDisk Headset Deluxe, White",294.05,4,0.1,87.92
754,US-2017-000354,2017-12-19,2017-12-22,Second Class,richard-1550,Richard Williams,Consumer,United States,Grand Rapids,Michigan,68912,Central,OFF-PAPE-4688,Office Supplies,Paper,"Mead Copy Paper Steel, White",19.22,2,0.3,3.4
755,US-2016-000355,2016-01-05,2016-01-08,Second Class,mary-1342,Mary Garcia,Corporate,United States,Des Moines,Iowa,63579,Central,TEC-ACCE-4094,Technology,Accessories,"Kensington Headset Steel, Gray",38.49,1,0.1,11.51
756,US-2017-000356,2017-10-31,2017-11-03,Second Class,james-1255,James Davis,Consumer,United States,Raleigh,North Carolina,41368,South,FUR-BOOK-9377,Furniture,Bookcases,"Harbour Creations Bookcase Steel, Gray",93.25,1,0,13.06
757,US-2017-000356,2017-10-31,2017-11-03,Second Class,james-1255,James Davis,Consumer,United States,Raleigh,North Carolina,70188,South,OFF-ART-6287,Office Supplies,Art,"BIC Sketch Book Deluxe, Multicolor",20.8,1,0.1,8.05
758,US-2017-000356,2017-10-31,2017-11-03,Second Class,james-1255,James Davis,Consumer,United States,Raleigh,North Carolina,89169,South,OFF-ENVE-4963,Office Supplies,Envelopes,"Southworth Envelope Classic, Gray",28.62,2,0,12.88
759,US-2017-000356,2017-10-31,2017-11-03,Second Class,james-1255,James Davis,Consumer,United States,Raleigh,North Carolina,71632,South,OFF-PAPE-8572,Office Supplies,Paper,"Southworth Copy Paper Deluxe, White",65.28,4,0,27.42
760,US-2017-000357,2017-07-30,2017-08-02,Second Class,david-1427,David Moore,Consumer,United States,Nashville,Tennessee,15231,South,FUR-BOOK-1979,Furniture,Bookcases,"Lesro Bookcase Classic, Black",233.88,2,0.3,-55.66
761,US-2017-000357,2017-07-30,2017-08-02,Second Class,david-1427,David Moore,Consumer,United States,Nashville,Tennessee,32146,South,OFF-STOR-8021,Office Supplies,Storage,"Deflect-O Storage Bin Classic, White",462.58,6,0.2,0.93
762,US-2014-000358,2014-12-04,2014-12-09,Standard Class,linda-1494,Linda Lopez,Corporate,United States,Jersey City,New Jersey,68285,East,FUR-FURN-5009,Furniture,Furnishings,"Tenex Furnishing Classic, Multicolor",199.0,4,0,75.62
763,US-2014-000358,2014-12-04,2014-12-09,Standard Class,linda-1494,Linda Lopez,Corporate,United States,Jersey City,New Jersey,57543,East,OFF-PAPE-5510,Office Supplies,Paper,"Georgia Pacific Copy Paper Eco, Gray",17.33,1,0,7.28
764,US-2016-000359,2016-12-21,2016-12-24,Second Class,thomas-1711,Thomas Scott,Home Office,United States,Detroit,Michigan,76663,Central,OFF-FAST-4467,Office Supplies,Fasteners,"Advantus Fastener, White",10.36,1,0,4.66
765,US-2016-000359,2016-12-21,2016-12-24,Second Class,thomas-1711,Thomas Scott,Home Office,United States,Detroit,Michigan,73603,Central,TEC-PHON-3791,Technology,Phones,"Cisco Phone Classic, Gray",527.19,3,0,179.24
766,US-2016-000359,2016-12-21,2016-12-24,Second Class,thomas-1711,Thomas Scott,Home Office,United States,Detroit,Michigan,97654,Central,OFF-ART-3873,Office Supplies,Art,"Prang Sketch Book Classic, Multicolor",43.92,2,0,19.76
767,US-2017-000360,2017-11-02,2017-11-07,Standard Class,mary-1316,Mary Rodriguez,Home Office,United States,Newark,New Jersey,78698,East,FUR-TABL-9172,Furniture,Tables,"BPI Table Pro, Black",3629.53,8,0.3,-1941.8
768,US-2017-000360,2017-11-02,2017-11-07,Standard Class,mary-1316,Mary Rodriguez,Home Office,United States,Newark,New Jersey,18808,East,OFF-ENVE-1538,Office Supplies,Envelopes,"Columbian Envelope Pro, Black",10.73,1,0,4.83
769,US-2017-000361,2017-07-25,2017-07-30,Standard Class,daniel-1734,Daniel Jones,Corporate,United States,Des Moines,Iowa,72559,Central,OFF-FAST-2043,Office Supplies,Fasteners,"OIC Fastener Deluxe, White",7.51,1,0.2,2.3
770,US-2017-000361,2017-07-25,2017-07-30,Standard Class,daniel-1734,Daniel Jones,Corporate,United States,Des Moines,Iowa,72395,Central,TEC-COPI-6224,Technology,Copiers,"Canon Copier, White",2085.76,2,0,855.16
771,US-2017-000362,2017-07-29,2017-08-03,Standard Class,ashley-1453,Ashley Lee,Home Office,United States,Salt Lake City,Utah,49275,West,TEC-COPI-7671,Technology,Copiers,"Canon Copier Eco, White",331.17,1,0.5,16.56
772,US-2017-000362,2017-07-29,2017-08-03,Standard Class,ashley-1453,Ashley Lee,Home Office,United States,Salt Lake City,Utah,67678,West,OFF-FAST-6589,Office Supplies,Fasteners,"Harbour Creations Fastener Deluxe, Black",17.78,2,0,8.0
773,US-2015-000363,2015-02-12,2015-02-17,Standard Class,nancy-1521,Nancy Walker,Home Office,United States,Wichita,Kansas,40383,Central,TEC-ACCE-8261,Technology,Accessories,"SanDisk Headset 100 Series, Black",335.01,3,0,127.3
774,US-2014-000364,2014-09-23,2014-09-28,Standard Class,william-1624,William Williams,Corporate,United States,Newark,New Jersey,88018,East,OFF-SUPP-3574,Office Supplies,Supplies,"Fiskars Supply Kit 200 Series, Black",78.34,2,0,11.75
775,US-2015-000365,2015-08-21,2015-08-23,First Class,david-1341,David King,Consumer,United States,Hartford,Connecticut,28341,East,OFF-LABE-7834,Office Supplies,Labels,"Harbour Creations Label Steel, Black",117.77,9,0.1,44.52
776,US-2015-000366,2015-08-08,2015-08-13,Standard Class,mark-1329,Mark Miller,Corporate,United States,Little Rock,Arkansas,72873,South,OFF-BIND-5488,Office Supplies,Binders,"Wilson Jones Binder Classic, Black",30.15,1,0,11.46
777,US-2015-000366,2015-08-08,2015-08-13,Standard Class,mark-1329,Mark Miller,Corporate,United States,Little Rock,Arkansas,54918,South,TEC-MACH-8979,Technology,Machines,"Cubify Printer Steel, Black",6949.32,12,0,347.47
778,US-2015-000367,2015-07-11,2015-07-16,Standard Class,michael-1291,Michael Williams,Consumer,United States,Cleveland,Ohio,52971,Central,OFF-PAPE-3464,Office Supplies,Paper,"Georgia Pacific Copy Paper 200 Series, Gray",34.58,2,0,14.52
779,US-2015-000367,2015-07-11,2015-07-16,Standard Class,michael-1291,Michael Williams,Consumer,United States,Cleveland,Ohio,57348,Central,OFF-FAST-1358,Office Supplies,Fasteners,"Harbour Creations Fastener Eco, Black",35.55,4,0.2,10.88
780,US-2015-000367,2015-07-11,2015-07-16,Standard Class,michael-1291,Michael Williams,Consumer,United States,Cleveland,Ohio,98824,Central,TEC-COPI-6263,Technology,Copiers,"Hewlett-Packard Copier 200 Series, Black",1354.44,2,0,555.32
781,US-2017-000368,2017-11-29,2017-12-04,Standard Class,mark-1618,Mark Lopez,Corporate,United States,Washington,District of Columbia,76089,East,TEC-ACCE-1786,Technology,Accessories,"Kensington Headset Classic, White",201.86,12,0.8,-54.1
782,US-2017-000368,2017-11-29,2017-12-04,Standard Class,mark-1618,Mark Lopez,Corporate,United States,Washington,District of Columbia,83177,East,OFF-PAPE-5630,Office Supplies,Paper,"Mead Copy Paper Classic, Gray",77.94,4,0.1,26.42
783,US-2016-000369,2016-02-18,2016-02-21,Second Class,sandra-1588,Sandra King,Corporate,United States,Milwaukee,Wisconsin,95671,Central,FUR-BOOK-7998,Furniture,Bookcases,"Sauder Bookcase Pro, Black",766.21,6,0.1,10.73
784,US-2016-000369,2016-02-18,2016-02-21,Second Class,sandra-1588,Sandra King,Corporate,United States,Milwaukee,Wisconsin,23225,Central,OFF-BIND-3500,Office Supplies,Binders,"Samsung Binder Pro, Black",22.68,1,0,8.62
785,US-2015-000370,2015-09-25,2015-09-30,Standard Class,kimberly-1235,Kimberly Scott,Home Office,United States,Boise,Idaho,13333,West,OFF-FAST-6821,Office Supplies,Fasteners,"Advantus Fastener Deluxe, Black",34.82,7,0.5,3.13
786,US-2017-000371,2017-06-05,2017-06-10,Standard Class,emily-1179,Emily Young,Corporate,United States,Indianapolis,Indiana,76442,Central,TEC-MACH-6191,Technology,Machines,"Zebra Printer Pro, Black",596.06,1,0,29.8
787,US-2015-000372,2015-11-10,2015-11-15,Standard Class,patricia-1114,Patricia Scott,Corporate,United States,Des Moines,Iowa,21070,Central,OFF-SUPP-6904,Office Supplies,Supplies,"Acme Supply Kit Pro, Gray",19.93,2,0.8,-11.36
788,US-2015-000372,2015-11-10,2015-11-15,Standard Class,patricia-1114,Patricia Scott,Corporate,United States,Des Moines,Iowa,33247,Central,OFF-SUPP-5500,Office Supplies,Supplies,"Harbour Creations Supply Kit, Gray",26.71,1,0.3,-3.21
789,US-2015-000372,2015-11-10,2015-11-15,Standard Class,patricia-1114,Patricia Scott,Corporate,United States,Des Moines,Iowa,58720,Central,FUR-BOOK-3297,Furniture,Bookcases,"Sauder Bookcase 200 Series, Gray",215.96,1,0.1,3.02
790,US-2016-000373,2016-01-31,2016-02-05,Standard Class,mary-1531,Mary Thompson,Home Office,United States,Atlanta,Georgia,44758,South,OFF-ART-4343,Office Supplies,Art,"Binney & Smith Sketch Book Classic, Multicolor",11.53,1,0.1,4.46
791,US-2016-000373,2016-01-31,2016-02-05,Standard Class,mary-1531,Mary Thompson,Home Office,United States,Atlanta,Georgia,80711,South,OFF-PAPE-6432,Office Supplies,Paper,"Xerox Copy Paper, Black",35.58,2,0,14.94
792,US-2016-000373,2016-01-31,2016-02-05,Standard Class,mary-1531,Mary Thompson,Home Office,United States,Atlanta,Georgia,65035,South,OFF-SUPP-3591,Office Supplies,Supplies,"Novimex Supply Kit 200 Series, Black",39.5,1,0,5.93
793,US-2016-000373,2016-01-31,2016-02-05,Standard Class,mary-1531,Mary Thompson,Home Office,United States,Atlanta,Georgia,89072,South,FUR-FURN-8609,Furniture,Furnishings,"Eldon Furnishing Classic, Multicolor",981.84,12,0,373.1
794,US-2017-000374,2017-05-30,2017-06-04,Standard Class,kimberly-1487,Kimberly King,Consumer,United States,Wichita,Kansas,26494,Central,OFF-STOR-8828,Office Supplies,Storage,"Carina Storage Bin 100 Series, Black",335.83,5,0.1,33.92
795,US-2017-000374,2017-05-30,2017-06-04,Standard Class,kimberly-1487,Kimberly King,Consumer,United States,Wichita,Kansas,23793,Central,OFF-ENVE-3336,Office Supplies,Envelopes,"Southworth Envelope 200 Series, Black",9.95,1,0.4,1.61
796,US-2015-000375,2015-05-31,2015-06-05,Standard Class,elizabeth-1747,Elizabeth Scott,Consumer,United States,Boise,Idaho,14486,West,TEC-PHON-3157,Technology,Phones,"Plantronics Phone Eco, Black",270.13,1,0,91.84
797,US-2015-000375,2015-05-31,2015-06-05,Standard Class,elizabeth-1747,Elizabeth Scott,Consumer,United States,Boise,Idaho,11536,West,OFF-SUPP-3984,Office Supplies,Supplies,"Acme Supply Kit Deluxe, Black",146.19,3,0,21.93
798,US-2015-000375,2015-05-31,2015-06-05,Standard Class,elizabeth-1747,Elizabeth Scott,Consumer,United States,Boise,Idaho,38160,West,TEC-MACH-4076,Technology,Machines,"Panasonic Printer Pro, Gray",1600.77,3,0,80.04
799,US-2015-000375,2015-05-31,2015-06-05,Standard Class,elizabeth-1747,Elizabeth Scott,Consumer,United States,Boise,Idaho,34422,West,TEC-COPI-9943,Technology,Copiers,"Ricoh Copier Eco, Black",3067.12,4,0,1257.52
800,US-2014-000376,2014-07-03,2014-07-08,Standard Class,matthew-1657,Matthew Jackson,Home Office,United States,Rochester,New York,82522,East,TEC-COPI-5844,Technology,Copiers,"Canon Copier 100 Series, Black",702.75,1,0,288.13
801,US-2017-000377,2017-12-13,2017-12-15,First Class,anthony-1516,Anthony Lopez,Consumer,United States,Virginia Beach,Virginia,79542,South,TEC-PHON-4634,Technology,Phones,"Samsung Phone 200 Series, White",537.52,4,0.1,134.38
802,US-2017-000377,2017-12-13,2017-12-15,First Class,anthony-1516,Anthony Lopez,Consumer,United States,Virginia Beach,Virginia,59083,South,TEC-PHON-9838,Technology,Phones,"Apple Phone Pro, Black",1824.93,9,0.1,456.23
803,US-2017-000377,2017-12-13,2017-12-15,First Class,anthony-1516,Anthony Lopez,Consumer,United States,Virginia Beach,Virginia,89911,South,OFF-ART-4707,Office Supplies,Art,"Binney & Smith Sketch Book 200 Series, Multicolor",66.06,6,0.5,8.92
804,US-2016-000378,2016-02-07,2016-02-12,Standard Class,andrew-1050,Andrew Lee,Corporate,United States,Columbia,South Carolina,42943,South,TEC-ACCE-6274,Technology,Accessories,"Kensington Headset Classic, Black",825.57,9,0,313.72
805,US-2016-000378,2016-02-07,2016-02-12,Standard Class,andrew-1050,Andrew Lee,Corporate,United States,Columbia,South Carolina,41781,South,OFF-LABE-1970,Office Supplies,Labels,"Dax Label 100 Series, White",9.47,2,0.7,-0.51
806,US-2015-000379,2015-12-24,2015-12-29,Standard Class,andrew-1429,Andrew Martinez,Corporate,United States,Charleston,South Carolina,29903,South,OFF-ENVE-7577,Office Supplies,Envelopes,"Jiffy Envelope 200 Series, Black",41.92,4,0.5,3.77
807,US-2015-000379,2015-12-24,2015-12-29,Standard Class,andrew-1429,Andrew Martinez,Corporate,United States,Charleston,South Carolina,71750,South,OFF-BIND-5513,Office Supplies,Binders,"GBC Binder 200 Series, White",24.24,1,0.1,5.28
808,US-2016-000380,2016-10-04,2016-10-06,First Class,jennifer-1737,Jennifer Jackson,Consumer,United States,Baltimore,Maryland,48156,East,OFF-FAST-7978,Office Supplies,Fasteners,"OIC Fastener Classic, Gray",23.64,3,0.2,7.23
809,US-2015-000381,2015-04-22,2015-04-27,Standard Class,anthony-1749,Anthony Harris,Consumer,United States,Burlington,Vermont,76562,East,TEC-MACH-1928,Technology,Machines,"Panasonic Printer Steel, Gray",602.21,1,0,30.11
810,US-2015-000381,2015-04-22,2015-04-27,Standard Class,anthony-1749,Anthony Harris,Consumer,United States,Burlington,Vermont,41817,East,OFF-PAPE-6843,Office Supplies,Paper,"Georgia Pacific Copy Paper Eco, Black",10.4,1,0.3,1.84
811,US-2015-000381,2015-04-22,2015-04-27,Standard Class,anthony-1749,Anthony Harris,Consumer,United States,Burlington,Vermont,59260,East,TEC-MACH-5354,Technology,Machines,"Epson Printer Steel, Black",2012.25,5,0.3,-714.35
812,US-2016-000382,2016-12-14,2016-12-19,Standard Class,emily-1110,Emily Wright,Corporate,United States,Providence,Rhode Island,70391,East,OFF-ENVE-7451,Office Supplies,Envelopes,"Jiffy Envelope Steel, White",30.54,3,0,13.74
813,US-2016-000383,2016-12-16,2016-12-19,Second Class,emily-1580,Emily Wilson,Consumer,United States,Richmond,Virginia,68460,South,OFF-LABE-8481,Office Supplies,Labels,"Harbour Creations Label, White",40.15,5,0,18.07
814,US-2017-000384,2017-05-01,2017-05-04,Second Class,sandra-1715,Sandra Taylor,Consumer,United States,Reno,Nevada,39829,West,OFF-PAPE-3818,Office Supplies,Paper,"Georgia Pacific Copy Paper Pro, Gray",24.17,1,0.1,8.19
815,US-2015-000385,2015-09-09,2015-09-14,Standard Class,mark-1739,Mark Rodriguez,Corporate,United States,Jacksonville,Florida,57378,South,OFF-ART-5336,Office Supplies,Art,"BIC Sketch Book Deluxe, Multicolor",105.78,6,0,47.6
816,US-2015-000385,2015-09-09,2015-09-14,Standard Class,mark-1739,Mark Rodriguez,Corporate,United States,Jacksonville,Florida,76339,South,OFF-ART-1260,Office Supplies,Art,"Newell Sketch Book Pro, Multicolor",20.16,1,0.1,7.8
817,US-2015-000386,2015-03-11,2015-03-13,First Class,andrew-1612,Andrew King,Consumer,United States,Boise,Idaho,48524,West,OFF-PAPE-7500,Office Supplies,Paper,"Mead Copy Paper Pro, Black",30.28,2,0.3,5.36
818,US-2015-000387,2015-09-19,2015-09-22,Second Class,richard-1041,Richard Wilson,Consumer,United States,Denver,Colorado,48902,West,TEC-MACH-5019,Technology,Machines,"Epson Printer Deluxe, White",2179.05,5,0,108.95
819,US-2015-000388,2015-05-22,2015-05-27,Standard Class,matthew-1626,Matthew Lewis,Corporate,United States,Wichita,Kansas,57707,Central,OFF-BIND-9496,Office Supplies,Binders,"GBC Binder 200 Series, Gray",213.47,7,0.2,11.95
820,US-2015-000388,2015-05-22,2015-05-27,Standard Class,matthew-1626,Matthew Lewis,Corporate,United States,Wichita,Kansas,27629,Central,OFF-FAST-6972,Office Supplies,Fasteners,"Elite Fastener Pro, Gray",8.57,1,0,3.86
821,US-2016-000389,2016-08-27,2016-09-01,Standard Class,ashley-1519,Ashley Lewis,Consumer,United States,Albuquerque,New Mexico,18475,West,OFF-ENVE-8623,Office Supplies,Envelopes,"Jiffy Envelope Deluxe, Black",58.32,6,0.1,22.04
822,US-2017-000390,2017-11-09,2017-11-11,First Class,sandra-1573,Sandra Johnson,Consumer,United States,Oklahoma City,Oklahoma,13615,Central,OFF-APPL-2071,Office Supplies,Appliances,"Eldon Appliance Pro, White",111.13,1,0.4,-8.89
823,US-2017-000390,2017-11-09,2017-11-11,First Class,sandra-1573,Sandra Johnson,Consumer,United States,Oklahoma City,Oklahoma,84693,Central,TEC-MACH-7492,Technology,Machines,"Panasonic Printer 200 Series, Black",843.02,2,0,42.15
824,US-2014-000391,2014-07-20,2014-07-23,Second Class,jennifer-1423,Jennifer Garcia,Consumer,United States,Hartford,Connecticut,22342,East,OFF-ART-9109,Office Supplies,Art,"Newell Sketch Book, Multicolor",81.08,4,0,36.49
825,US-2017-000392,2017-11-04,2017-11-09,Standard Class,kimberly-1417,Kimberly Brown,Consumer,United States,Montgomery,Alabama,94834,South,FUR-TABL-3906,Furniture,Tables,"Bretford Table Pro, Gray",1045.52,2,0,-135.92
826,US-2016-000393,2016-11-02,2016-11-07,Standard Class,mary-1096,Mary Harris,Home Office,United States,Fargo,North Dakota,52843,Central,FUR-CHAI-3760,Furniture,Chairs,"SAFCO Chair 100 Series, Black",4624.56,12,0,924.91
827,US-2016-000393,2016-11-02,2016-11-07,Standard Class,mary-1096,Mary Harris,Home Office,United States,Fargo,North Dakota,55253,Central,OFF-SUPP-7141,Office Supplies,Supplies,"Elite Supply Kit, Gray",40.45,1,0,6.07
828,US-2014-000394,2014-12-27,2015-01-01,Standard Class,michael-1181,Michael Wilson,Consumer,United States,Oklahoma City,Oklahoma,48199,Central,TEC-COPI-9807,Technology,Copiers,"Canon Copier, Gray",406.82,1,0.5,20.34
829,US-2014-000394,2014-12-27,2015-01-01,Standard Class,michael-1181,Michael Wilson,Consumer,United States,Oklahoma City,Oklahoma,54224,Central,FUR-TABL-9494,Furniture,Tables,"Bretford Table 200 Series, Black",451.3,1,0.1,-119.59
830,US-2014-000394,2014-12-27,2015-01-01,Standard Class,michael-1181,Michael Wilson,Consumer,United States,Oklahoma City,Oklahoma,28532,Central,TEC-COPI-8338,Technology,Copiers,"Ricoh Copier Steel, Gray",1007.76,1,0,413.18
831,US-2017-000395,2017-07-03,2017-07-05,First Class,nancy-1532,Nancy Lopez,Corporate,United States,Tampa,Florida,67035,South,TEC-PHON-5629,Technology,Phones,"Cisco Phone Deluxe, Black",561.38,2,0,190.87
832,US-2017-000395,2017-07-03,2017-07-05,First Class,nancy-1532,Nancy Lopez,Corporate,United States,Tampa,Florida,60962,South,OFF-SUPP-1390,Office Supplies,Supplies,"Acme Supply Kit Classic, Black",67.53,1,0,10.13
833,US-2016-000396,2016-07-01,2016-07-06,Standard Class,david-1310,David Johnson,Home Office,United States,Birmingham,Alabama,39042,South,TEC-ACCE-9335,Technology,Accessories,"Verbatim Headset 200 Series, Black",227.82,4,0.5,-5.7
834,US-2016-000396,2016-07-01,2016-07-06,Standard Class,david-1310,David Johnson,Home Office,United States,Birmingham,Alabama,60003,South,OFF-PAPE-9114,Office Supplies,Paper,"Xerox Copy Paper Deluxe, Black",51.12,3,0,21.47
835,US-2017-000397,2017-10-08,2017-10-08,Same Day,john-1246,John Wright,Consumer,United States,Boise,Idaho,99181,West,OFF-ENVE-1733,Office Supplies,Envelopes,"Jiffy Envelope Steel, Black",22.1,3,0.4,3.58
836,US-2017-000397,2017-10-08,2017-10-08,Same Day,john-1246,John Wright,Consumer,United States,Boise,Idaho,34838,West,OFF-LABE-7704,Office Supplies,Labels,"Dax Label Eco, White",21.18,2,0,9.53
837,US-2017-000397,2017-10-08,2017-10-08,Same Day,john-1246,John Wright,Consumer,United States,Boise,Idaho,24993,West,TEC-MACH-7479,Technology,Machines,"Canon Printer, Black",3055.44,4,0,152.77
838,US-2017-000397,2017-10-08,2017-10-08,Same Day,john-1246,John Wright,Consumer,United States,Boise,Idaho,43620,West,FUR-TABL-2089,Furniture,Tables,"BPI Table Classic, Black",298.48,1,0.5,-240.28
839,US-2017-000398,2017-01-16,2017-01-21,Standard Class,linda-1293,Linda Lewis,Consumer,United States,Madison,Wisconsin,60865,Central,OFF-BIND-4289,Office Supplies,Binders,"Avery Binder Classic, Black",351.26,14,0,133.48
840,US-2017-000399,2017-05-27,2017-05-30,Second Class,john-1630,John Clark,Corporate,United States,Baton Rouge,Louisiana,42874,South,FUR-CHAI-4447,Furniture,Chairs,"Harbour Creations Chair Deluxe, White",326.57,1,0,65.31
841,US-2017-000399,2017-05-27,2017-05-30,Second Class,john-1630,John Clark,Corporate,United States,Baton Rouge,Louisiana,76270,South,OFF-ART-4287,Office Supplies,Art,"Sanford Sketch Book Classic, Multicolor",105.76,8,0.5,14.28
842,US-2014-000400,2014-07-05,2014-07-10,Standard Class,mark-1199,Mark Davis,Corporate,United States,Baltimore,Maryland,99754,East,OFF-ENVE-3639,Office Supplies,Envelopes,"Southworth Envelope Eco, Black",150.5,10,0,67.72
843,US-2014-000400,2014-07-05,2014-07-10,Standard Class,mark-1199,Mark Davis,Corporate,United States,Baltimore,Maryland,99695,East,FUR-FURN-3783,Furniture,Furnishings,"Tenex Furnishing, Multicolor",163.49,4,0.4,9.16
844,US-2017-000401,2017-04-13,2017-04-18,Standard Class,thomas-1229,Thomas Taylor,Consumer,United States,Las Vegas,Nevada,74299,West,TEC-MACH-5627,Technology,Machines,"Zebra Printer Steel, White",5235.04,8,0,261.75
845,US-2016-000402,2016-10-07,2016-10-09,First Class,michael-1651,Michael Wilson,Corporate,United States,Des Moines,Iowa,12745,Central,OFF-STOR-5699,Office Supplies,Storage,"Iceberg Storage Bin 200 Series, White",1382.0,10,0,276.4
846,US-2017-000403,2017-12-17,2017-12-19,First Class,lisa-1641,Lisa Jones,Corporate,United States,Portland,Oregon,27448,West,TEC-ACCE-8272,Technology,Accessories,"Kensington Headset Classic, White",94.27,1,0.1,28.19
847,US-2017-000403,2017-12-17,2017-12-19,First Class,lisa-1641,Lisa Jones,Corporate,United States,Portland,Oregon,70736,West,TEC-PHON-4554,Technology,Phones,"Samsung Phone Deluxe, Gray",2052.09,9,0,697.71
848,US-2015-000404,2015-04-04,2015-04-09,Standard Class,mary-1111,Mary Martin,Consumer,United States,Sioux Falls,South Dakota,77830,Central,TEC-ACCE-4558,Technology,Accessories,"Logitech Headset Deluxe, Black",408.81,7,0.1,122.23
849,US-2015-000404,2015-04-04,2015-04-09,Standard Class,mary-1111,Mary Martin,Consumer,United States,Sioux Falls,South Dakota,30429,Central,TEC-ACCE-1390,Technology,Accessories,"Belkin Headset Classic, White",268.43,3,0.1,80.26
850,US-2015-000404,2015-04-04,2015-04-09,Standard Class,mary-1111,Mary Martin,Consumer,United States,Sioux Falls,South Dakota,27113,Central,OFF-SUPP-3468,Office Supplies,Supplies,"Novimex Supply Kit Deluxe, Black",85.69,2,0.3,-10.28
851,US-2014-000405,2014-04-29,2014-05-04,Standard Class,mark-1066,Mark Lee,Corporate,United States,Miami,Florida,91689,South,FUR-CHAI-6133,Furniture,Chairs,"SAFCO Chair 100 Series, White",1513.04,4,0,302.61
852,US-2014-000405,2014-04-29,2014-05-04,Standard Class,mark-1066,Mark Lee,Corporate,United States,Miami,Florida,83648,South,OFF-PAPE-8783,Office Supplies,Paper,"Mead Copy Paper Classic, Black",17.11,1,0,7.19
853,US-2014-000405,2014-04-29,2014-05-04,Standard Class,mark-1066,Mark Lee,Corporate,United States,Miami,Florida,92403,South,OFF-ART-7802,Office Supplies,Art,"Newell Sketch Book 200 Series, Multicolor",23.58,1,0.1,9.13
854,US-2014-000406,2014-12-12,2014-12-17,Standard Class,daniel-1040,Daniel Taylor,Home Office,United States,Grand Rapids,Michigan,98050,Central,FUR-BOOK-8224,Furniture,Bookcases,"Harbour Creations Bookcase Pro, White",387.74,7,0.7,-287.7
855,US-2014-000406,2014-12-12,2014-12-17,Standard Class,daniel-1040,Daniel Taylor,Home Office,United States,Grand Rapids,Michigan,97675,Central,OFF-STOR-7061,Office Supplies,Storage,"Tennsco Storage Bin 100 Series, Black",88.53,1,0,17.71
856,US-2017-000407,2017-05-04,2017-05-06,First Class,christopher-1506,Christopher Davis,Home Office,United States,Rochester,New York,13073,East,OFF-ART-4146,Office Supplies,Art,"Sanford Sketch Book Eco, Multicolor",15.96,2,0.7,0.14
857,US-2017-000407,2017-05-04,2017-05-06,First Class,christopher-1506,Christopher Davis,Home Office,United States,Rochester,New York,96075,East,TEC-MACH-1852,Technology,Machines,"Canon Printer 200 Series, Gray",743.74,1,0,37.19
858,US-2016-000408,2016-03-23,2016-03-25,First Class,mary-1564,Mary Davis,Consumer,United States,Dallas,Texas,14717,Central,FUR-BOOK-5959,Furniture,Bookcases,"Harbour Creations Bookcase, Black",1671.92,8,0,234.07
859,US-2016-000408,2016-03-23,2016-03-25,First Class,mary-1564,Mary Davis,Consumer,United States,Dallas,Texas,44287,Central,OFF-FAST-7009,Office Supplies,Fasteners,"Elite Fastener Pro, Gray",18.73,5,0.5,1.69
860,US-2016-000408,2016-03-23,2016-03-25,First Class,mary-1564,Mary Davis,Consumer,United States,Dallas,Texas,97324,Central,OFF-BIND-5369,Office Supplies,Binders,"GBC Binder Eco, Black",55.98,2,0.1,12.2
861,US-2016-000408,2016-03-23,2016-03-25,First Class,mary-1564,Mary Davis,Consumer,United States,Dallas,Texas,41057,Central,OFF-PAPE-1376,Office Supplies,Paper,"Mead Copy Paper 100 Series, Gray",21.42,1,0,9.0
862,US-2014-000409,2014-02-14,2014-02-19,Standard Class,william-1349,William White,Consumer,United States,Wilmington,Delaware,20638,East,TEC-COPI-2998,Technology,Copiers,"Brother Copier 100 Series, Black",591.77,1,0.4,72.2
863,US-2014-000409,2014-02-14,2014-02-19,Standard Class,william-1349,William White,Consumer,United States,Wilmington,Delaware,60712,East,OFF-ART-1062,Office Supplies,Art,"Binney & Smith Sketch Book 100 Series, Multicolor",33.1,2,0.2,10.72
864,US-2016-000410,2016-04-16,2016-04-21,Standard Class,mary-1507,Mary Walker,Corporate,United States,Burlington,Vermont,28861,East,FUR-CHAI-9316,Furniture,Chairs,"Office Star Chair 200 Series, Black",275.54,1,0,55.11
865,US-2016-000410,2016-04-16,2016-04-21,Standard Class,mary-1507,Mary Walker,Corporate,United States,Burlington,Vermont,87636,East,OFF-BIND-4083,Office Supplies,Binders,"Avery Binder 100 Series, Black",28.49,1,0.1,6.21
866,US-2016-000410,2016-04-16,2016-04-21,Standard Class,mary-1507,Mary Walker,Corporate,United States,Burlington,Vermont,41559,East,OFF-LABE-9301,Office Supplies,Labels,"Novimex Label Steel, White",11.92,1,0,5.36
867,US-2017-000411,2017-11-25,2017-11-30,Standard Class,steven-1165,Steven Young,Home Office,United States,Philadelphia,Pennsylvania,57380,East,FUR-CHAI-2309,Furniture,Chairs,"Harbour Creations Chair Steel, Gray",848.78,2,0,169.76
868,US-2015-000412,2015-11-25,2015-11-30,Standard Class,ashley-1500,Ashley Young,Consumer,United States,St. Louis,Missouri,62854,Central,OFF-STOR-8563,Office Supplies,Storage,"Deflect-O Storage Bin Classic, Black",226.3,5,0.5,-66.76
869,US-2016-000413,2016-03-16,2016-03-18,First Class,kimberly-1394,Kimberly Miller,Home Office,United States,Jackson,Mississippi,34106,South,OFF-SUPP-6991,Office Supplies,Supplies,"Fiskars Supply Kit Steel, Black",188.06,5,0.1,11.28
870,US-2016-000413,2016-03-16,2016-03-18,First Class,kimberly-1394,Kimberly Miller,Home Office,United States,Jackson,Mississippi,75186,South,OFF-BIND-7410,Office Supplies,Binders,"Avery Binder, Black",24.77,1,0,9.41
871,US-2016-000413,2016-03-16,2016-03-18,First Class,kimberly-1394,Kimberly Miller,Home Office,United States,Jackson,Mississippi,30949,South,OFF-SUPP-5549,Office Supplies,Supplies,"Fiskars Supply Kit Eco, Black",43.27,2,0.5,-12.98
872,US-2015-000414,2015-11-01,2015-11-04,Second Class,linda-1331,Linda Garcia,Corporate,United States,Albuquerque,New Mexico,54379,West,TEC-PHON-7821,Technology,Phones,"Cisco Phone Deluxe, Black",1660.77,10,0.1,415.19
873,US-2016-000415,2016-02-13,2016-02-18,Standard Class,andrew-1132,Andrew Jones,Consumer,United States,Fargo,North Dakota,50965,Central,OFF-APPL-2034,Office Supplies,Appliances,"Honeywell Appliance Classic, Black",159.53,1,0.1,30.31
874,US-2016-000415,2016-02-13,2016-02-18,Standard Class,andrew-1132,Andrew Jones,Consumer,United States,Fargo,North Dakota,85010,Central,TEC-MACH-6424,Technology,Machines,"Canon Printer Pro, Gray",7583.92,10,0.2,-1668.46
875,US-2017-000416,2017-11-29,2017-12-01,First Class,ashley-1607,Ashley Walker,Home Office,United States,Wilmington,Delaware,44867,East,TEC-MACH-9371,Technology,Machines,"Cubify Printer Pro, White",547.14,1,0,27.36
876,US-2014-000417,2014-07-12,2014-07-17,Standard Class,elizabeth-1197,Elizabeth Martin,Corporate,United States,Louisville,Kentucky,29153,South,TEC-MACH-1050,Technology,Machines,"Epson Printer Deluxe, Black",3853.75,5,0,192.69
877,US-2014-000417,2014-07-12,2014-07-17,Standard Class,elizabeth-1197,Elizabeth Martin,Corporate,United States,Louisville,Kentucky,25777,South,OFF-FAST-6147,Office Supplies,Fasteners,"Staples Fastener Classic, Gray",26.86,5,0.1,10.15
878,US-2014-000417,2014-07-12,2014-07-17,Standard Class,elizabeth-1197,Elizabeth Martin,Corporate,United States,Louisville,Kentucky,11431,South,OFF-LABE-9577,Office Supplies,Labels,"Avery Label Deluxe, White",33.65,5,0,15.14
879,US-2015-000418,2015-08-13,2015-08-16,Second Class,nancy-1303,Nancy Hall,Corporate,United States,New York City,New York,51169,East,FUR-FURN-3418,Furniture,Furnishings,"Newell Furnishing Classic, Multicolor",126.72,2,0,48.15
880,US-2015-000418,2015-08-13,2015-08-16,Second Class,nancy-1303,Nancy Hall,Corporate,United States,New York City,New York,86872,East,FUR-TABL-5521,Furniture,Tables,"Bretford Table Classic, Black",1565.01,3,0,-203.45
881,US-2015-000418,2015-08-13,2015-08-16,Second Class,nancy-1303,Nancy Hall,Corporate,United States,New York City,New York,59156,East,OFF-APPL-3030,Office Supplies,Appliances,"Honeywell Appliance, Black",107.75,1,0.3,1.08
882,US-2016-000419,2016-11-18,2016-11-21,Second Class,mary-1334,Mary Davis,Consumer,United States,Wilmington,Delaware,23403,East,FUR-CHAI-3160,Furniture,Chairs,"Harbour Creations Chair, Black",2604.64,8,0,520.93
883,US-2017-000420,2017-11-30,2017-12-05,Standard Class,daniel-1422,Daniel Clark,Corporate,United States,Baltimore,Maryland,39806,East,TEC-PHON-3539,Technology,Phones,"Cisco Phone Steel, White",201.91,1,0.3,14.13
884,US-2017-000420,2017-11-30,2017-12-05,Standard Class,daniel-1422,Daniel Clark,Corporate,United States,Baltimore,Maryland,40496,East,OFF-ENVE-1859,Office Supplies,Envelopes,"Ames Envelope, Gray",36.78,2,0,16.55
885,US-2014-000421,2014-11-26,2014-12-01,Standard Class,kimberly-1396,Kimberly Hall,Consumer,United States,Reno,Nevada,20568,West,TEC-MACH-2113,Technology,Machines,"Cubify Printer Steel, Black",1998.36,3,0,99.92
886,US-2014-000421,2014-11-26,2014-12-01,Standard Class,kimberly-1396,Kimberly Hall,Consumer,United States,Reno,Nevada,91631,West,OFF-STOR-7507,Office Supplies,Storage,"Carina Storage Bin 200 Series, Black",146.05,2,0.4,-28.63
887,US-2014-000421,2014-11-26,2014-12-01,Standard Class,kimberly-1396,Kimberly Hall,Consumer,United States,Reno,Nevada,44124,West,OFF-LABE-9370,Office Supplies,Labels,"Smead Label Pro, Black",72.3,6,0,32.53
888,US-2017-000422,2017-04-15,2017-04-17,First Class,daniel-1115,Daniel White,Consumer,United States,San Antonio,Texas,92067,Central,OFF-BIND-4511,Office Supplies,Binders,"Wilson Jones Binder Eco, Gray",23.26,1,0,8.84
889,US-2017-000422,2017-04-15,2017-04-17,First Class,daniel-1115,Daniel White,Consumer,United States,San Antonio,Texas,60931,Central,OFF-ENVE-4552,Office Supplies,Envelopes,"Southworth Envelope Eco, White",15.17,1,0,6.83
890,US-2017-000422,2017-04-15,2017-04-17,First Class,daniel-1115,Daniel White,Consumer,United States,San Antonio,Texas,97429,Central,OFF-PAPE-3707,Office Supplies,Paper,"Georgia Pacific Copy Paper Steel, White",50.98,3,0.2,13.15
891,US-2017-000423,2017-07-24,2017-07-26,First Class,sandra-1631,Sandra Clark,Home Office,United States,Chicago,Illinois,94643,Central,FUR-BOOK-5971,Furniture,Bookcases,"Tennsco Bookcase, Black",921.12,4,0,128.96
892,US-2017-000423,2017-07-24,2017-07-26,First Class,sandra-1631,Sandra Clark,Home Office,United States,Chicago,Illinois,14587,Central,OFF-BIND-2246,Office Supplies,Binders,"GBC Binder Pro, Black",81.99,3,0,31.16
893,US-2017-000424,2017-09-09,2017-09-14,Standard Class,ashley-1269,Ashley Brown,Corporate,United States,Des Moines,Iowa,45801,Central,FUR-BOOK-1235,Furniture,Bookcases,"Lesro Bookcase 200 Series, Black",422.71,4,0.1,5.92
894,US-2017-000424,2017-09-09,2017-09-14,Standard Class,ashley-1269,Ashley Brown,Corporate,United States,Des Moines,Iowa,13919,Central,OFF-FAST-2036,Office Supplies,Fasteners,"OIC Fastener Classic, White",9.13,1,0.1,3.45
895,US-2016-000425,2016-04-03,2016-04-06,Second Class,richard-1013,Richard Brown,Consumer,United States,Portland,Maine,10256,East,OFF-FAST-4321,Office Supplies,Fasteners,"Staples Fastener Classic, White",10.0,1,0,4.5
896,US-2016-000425,2016-04-03,2016-04-06,Second Class,richard-1013,Richard Brown,Consumer,United States,Portland,Maine,21589,East,FUR-CHAI-9004,Furniture,Chairs,"Harbour Creations Chair Steel, Gray",1131.6,4,0,226.32
897,US-2016-000425,2016-04-03,2016-04-06,Second Class,richard-1013,Richard Brown,Consumer,United States,Portland,Maine,93797,East,OFF-STOR-9922,Office Supplies,Storage,"Deflect-O Storage Bin Classic, Black",230.22,3,0,46.04
898,US-2016-000425,2016-04-03,2016-04-06,Second Class,richard-1013,Richard Brown,Consumer,United States,Portland,Maine,29351,East,OFF-STOR-7582,Office Supplies,Storage,"Deflect-O Storage Bin 200 Series, Black",1095.74,12,0.2,2.19
899,US-2015-000426,2015-11-11,2015-11-16,Standard Class,lisa-1616,Lisa Garcia,Consumer,United States,Nashville,Tennessee,92929,South,TEC-COPI-1700,Technology,Copiers,"Sharp Copier 200 Series, Black",8081.6,8,0,3313.46
900,US-2015-000426,2015-11-11,2015-11-16,Standard Class,lisa-1616,Lisa Garcia,Consumer,United States,Nashville,Tennessee,64917,South,OFF-ART-4372,Office Supplies,Art,"Prang Sketch Book 200 Series, Multicolor",108.55,5,0,48.85
901,US-2016-000427,2016-08-22,2016-08-25,Second Class,karen-1563,Karen Martin,Corporate,United States,Boise,Idaho,85632,West,OFF-PAPE-6332,Office Supplies,Paper,"Georgia Pacific Copy Paper 100 Series, Gray",26.84,2,0,11.27
902,US-2016-000427,2016-08-22,2016-08-25,Second Class,karen-1563,Karen Martin,Corporate,United States,Boise,Idaho,34685,West,OFF-STOR-4699,Office Supplies,Storage,"Deflect-O Storage Bin 100 Series, White",409.46,6,0.4,-80.25
903,US-2016-000427,2016-08-22,2016-08-25,Second Class,karen-1563,Karen Martin,Corporate,United States,Boise,Idaho,37427,West,FUR-BOOK-9113,Furniture,Bookcases,"Harbour Creations Bookcase 100 Series, Black",242.7,1,0,33.98
904,US-2016-000428,2016-07-11,2016-07-16,Standard Class,ashley-1195,Ashley Scott,Home Office,United States,New York City,New York,56861,East,OFF-ART-5152,Office Supplies,Art,"Binney & Smith Sketch Book 100 Series, Multicolor",41.78,2,0,18.8
905,US-2016-000429,2016-12-07,2016-12-12,Standard Class,mary-1611,Mary Moore,Consumer,United States,St. Paul,Minnesota,60300,Central,TEC-ACCE-1686,Technology,Accessories,"Verbatim Headset Classic, Gray",188.86,2,0,71.77
906,US-2017-000430,2017-04-02,2017-04-07,Standard Class,daniel-1258,Daniel Miller,Consumer,United States,Sioux Falls,South Dakota,50608,Central,FUR-TABL-6527,Furniture,Tables,"Lesro Table Steel, Black",6542.64,12,0,-850.54
907,US-2017-000430,2017-04-02,2017-04-07,Standard Class,daniel-1258,Daniel Miller,Consumer,United States,Sioux Falls,South Dakota,68253,Central,TEC-COPI-2555,Technology,Copiers,"Hewlett-Packard Copier Steel, Black",562.21,1,0.5,28.11
908,US-2017-000430,2017-04-02,2017-04-07,Standard Class,daniel-1258,Daniel Miller,Consumer,United States,Sioux Falls,South Dakota,80211,Central,FUR-FURN-8588,Furniture,Furnishings,"Sauder Furnishing 200 Series, Multicolor",44.66,1,0.1,13.35
909,US-2016-000431,2016-11-27,2016-12-02,Standard Class,karen-1599,Karen Moore,Corporate,United States,Cincinnati,Ohio,36100,Central,TEC-COPI-1652,Technology,Copiers,"Brother Copier 200 Series, Black",692.04,1,0.3,134.26
910,US-2016-000432,2016-04-24,2016-04-27,Second Class,kimberly-1396,Kimberly Hall,Consumer,United States,Washington,District of Columbia,25217,East,OFF-ART-9083,Office Supplies,Art,"Newell Sketch Book Pro, Multicolor",23.78,1,0,10.7
911,US-2014-000433,2014-09-20,2014-09-25,Standard Class,steven-1758,Steven Thompson,Consumer,United States,Burlington,Vermont,18543,East,TEC-ACCE-9904,Technology,Accessories,"Logitech Headset Pro, Black",199.34,2,0,75.75
912,US-2014-000433,2014-09-20,2014-09-25,Standard Class,steven-1758,Steven Thompson,Consumer,United States,Burlington,Vermont,28026,East,FUR-FURN-8776,Furniture,Furnishings,"Newell Furnishing Pro, Multicolor",107.21,2,0.4,6.0
913,US-2014-000434,2014-10-27,2014-11-01,Standard Class,william-1584,William Davis,Consumer,United States,Richmond,Virginia,40442,South,OFF-STOR-8829,Office Supplies,Storage,"Carina Storage Bin Eco, Black",465.8,5,0.1,47.05
914,US-2014-000434,2014-10-27,2014-11-01,Standard Class,william-1584,William Davis,Consumer,United States,Richmond,Virginia,11595,South,OFF-BIND-3182,Office Supplies,Binders,"Wilson Jones Binder Eco, White",33.85,1,0,12.86
915,US-2014-000434,2014-10-27,2014-11-01,Standard Class,william-1584,William Davis,Consumer,United States,Richmond,Virginia,37992,South,FUR-TABL-9692,Furniture,Tables,"Chromcraft Table Eco, Black",3111.11,7,0.3,-1664.44
916,US-2014-000434,2014-10-27,2014-11-01,Standard Class,william-1584,William Davis,Consumer,United States,Richmond,Virginia,92187,South,OFF-BIND-8843,Office Supplies,Binders,"GBC Binder Classic, Black",34.67,1,0.1,7.56
917,US-2014-000435,2014-12-12,2014-12-17,Standard Class,sarah-1522,Sarah Moore,Home Office,United States,Atlanta,Georgia,44403,South,FUR-FURN-5047,Furniture,Furnishings,"Sauder Furnishing 200 Series, Multicolor",77.28,3,0.5,-1.93
918,US-2014-000435,2014-12-12,2014-12-17,Standard Class,sarah-1522,Sarah Moore,Home Office,United States,Atlanta,Georgia,58980,South,TEC-ACCE-1703,Technology,Accessories,"Logitech Headset Steel, Gray",109.57,1,0.1,32.76
919,US-2014-000435,2014-12-12,2014-12-17,Standard Class,sarah-1522,Sarah Moore,Home Office,United States,Atlanta,Georgia,93276,South,OFF-SUPP-3086,Office Supplies,Supplies,"Harbour Creations Supply Kit Deluxe, Black",219.87,9,0.3,-26.38
920,US-2014-000435,2014-12-12,2014-12-17,Standard Class,sarah-1522,Sarah Moore,Home Office,United States,Atlanta,Georgia,14052,South,OFF-ART-9145,Office Supplies,Art,"Newell Sketch Book Eco, Multicolor",108.5,5,0,48.82
921,US-2017-000436,2017-04-18,2017-04-23,Standard Class,mark-1284,Mark Moore,Corporate,United States,Columbia,South Carolina,83425,South,OFF-PAPE-6048,Office Supplies,Paper,"Wausau Copy Paper Pro, White",33.03,2,0.1,11.2
922,US-2017-000436,2017-04-18,2017-04-23,Standard Class,mark-1284,Mark Moore,Corporate,United States,Columbia,South Carolina,18249,South,OFF-APPL-2490,Office Supplies,Appliances,"GE Appliance Pro, Gray",182.59,2,0.1,34.69
923,US-2017-000436,2017-04-18,2017-04-23,Standard Class,mark-1284,Mark Moore,Corporate,United States,Columbia,South Carolina,50154,South,OFF-FAST-5734,Office Supplies,Fasteners,"Staples Fastener Eco, White",66.72,8,0,30.02
924,US-2016-000437,2016-12-24,2016-12-27,Second Class,andrew-1612,Andrew King,Consumer,United States,Little Rock,Arkansas,78173,South,OFF-APPL-6922,Office Supplies,Appliances,"Honeywell Appliance Deluxe, Gray",200.45,1,0,56.13
925,US-2016-000437,2016-12-24,2016-12-27,Second Class,andrew-1612,Andrew King,Consumer,United States,Little Rock,Arkansas,94867,South,OFF-ART-5047,Office Supplies,Art,"Binney & Smith Sketch Book Eco, Multicolor",24.26,1,0,10.92
926,US-2016-000437,2016-12-24,2016-12-27,Second Class,andrew-1612,Andrew King,Consumer,United States,Little Rock,Arkansas,80440,South,TEC-MACH-7416,Technology,Machines,"Canon Printer Deluxe, Black",334.0,1,0.1,-28.39
927,US-2016-000437,2016-12-24,2016-12-27,Second Class,andrew-1612,Andrew King,Consumer,United States,Little Rock,Arkansas,34764,South,OFF-PAPE-2180,Office Supplies,Paper,"Southworth Copy Paper Eco, Black",223.9,10,0,94.04
928,US-2017-000438,2017-06-02,2017-06-07,Standard Class,christopher-1506,Christopher Davis,Home Office,United States,Des Moines,Iowa,33738,Central,OFF-FAST-9020,Office Supplies,Fasteners,"OIC Fastener Steel, White",7.5,2,0,3.38
929,US-2017-000438,2017-06-02,2017-06-07,Standard Class,christopher-1506,Christopher Davis,Home Office,United States,Des Moines,Iowa,65479,Central,FUR-TABL-1672,Furniture,Tables,"Bretford Table, White",550.39,2,0.4,-368.76
930,US-2016-000439,2016-08-11,2016-08-16,Standard Class,thomas-1345,Thomas Lewis,Consumer,United States,Wilmington,Delaware,38820,East,OFF-ENVE-6792,Office Supplies,Envelopes,"Southworth Envelope Eco, White",38.72,2,0,17.42
931,US-2015-000440,2015-12-13,2015-12-18,Standard Class,nancy-1017,Nancy Martinez,Home Office,United States,Charlotte,North Carolina,38881,South,OFF-FAST-2567,Office Supplies,Fasteners,"Elite Fastener 100 Series, Black",10.97,2,0.4,1.78
932,US-2015-000440,2015-12-13,2015-12-18,Standard Class,nancy-1017,Nancy Martinez,Home Office,United States,Charlotte,North Carolina,68480,South,OFF-FAST-4912,Office Supplies,Fasteners,"OIC Fastener, White",49.18,6,0.3,11.51
933,US-2015-000441,2015-04-04,2015-04-09,Standard Class,daniel-1083,Daniel Thompson,Consumer,United States,Jackson,Mississippi,52216,South,OFF-SUPP-1377,Office Supplies,Supplies,"Novimex Supply Kit Steel, White",173.56,7,0.1,10.41
934,US-2015-000441,2015-04-04,2015-04-09,Standard Class,daniel-1083,Daniel Thompson,Consumer,United States,Jackson,Mississippi,99559,South,FUR-BOOK-8244,Furniture,Bookcases,"Lesro Bookcase Steel, White",771.62,4,0.1,10.8
935,US-2015-000441,2015-04-04,2015-04-09,Standard Class,daniel-1083,Daniel Thompson,Consumer,United States,Jackson,Mississippi,59735,South,OFF-SUPP-4393,Office Supplies,Supplies,"Fiskars Supply Kit Steel, Black",25.58,1,0.4,-5.37
936,US-2016-000442,2016-09-22,2016-09-25,Second Class,jennifer-1024,Jennifer Wilson,Consumer,United States,Billings,Montana,65593,West,FUR-BOOK-6890,Furniture,Bookcases,"Lesro Bookcase Pro, Black",451.78,2,0.2,-50.6
937,US-2014-000443,2014-08-27,2014-08-29,First Class,susan-1234,Susan Martinez,Corporate,United States,Lexington,Kentucky,57786,South,OFF-ART-9473,Office Supplies,Art,"Newell Sketch Book Deluxe, Multicolor",22.91,3,0.7,0.21
938,US-2014-000444,2014-05-30,2014-06-02,Second Class,ashley-1724,Ashley Johnson,Consumer,United States,Charlotte,North Carolina,34383,South,OFF-FAST-8423,Office Supplies,Fasteners,"OIC Fastener Eco, Black",5.44,1,0,2.45
939,US-2014-000444,2014-05-30,2014-06-02,Second Class,ashley-1724,Ashley Johnson,Consumer,United States,Charlotte,North Carolina,33062,South,OFF-ENVE-3730,Office Supplies,Envelopes,"Quality Park Envelope Eco, White",14.6,1,0.2,4.47
940,US-2016-000445,2016-02-06,2016-02-11,Standard Class,nancy-1017,Nancy Martinez,Home Office,United States,Boston,Massachusetts,33452,East,OFF-ART-8578,Office Supplies,Art,"Prang Sketch Book 100 Series, Multicolor",48.54,2,0,21.84
941,US-2015-000446,2015-05-25,2015-05-30,Standard Class,william-1175,William Taylor,Corporate,United States,Louisville,Kentucky,46606,South,OFF-SUPP-1792,Office Supplies,Supplies,"Fiskars Supply Kit 200 Series, Black",274.14,6,0,41.12
942,US-2015-000446,2015-05-25,2015-05-30,Standard Class,william-1175,William Taylor,Corporate,United States,Louisville,Kentucky,15541,South,TEC-COPI-3869,Technology,Copiers,"Hewlett-Packard Copier Classic, Gray",1053.89,1,0.1,356.21
943,US-2015-000446,2015-05-25,2015-05-30,Standard Class,william-1175,William Taylor,Corporate,United States,Louisville,Kentucky,82131,South,FUR-FURN-1009,Furniture,Furnishings,"Tenex Furnishing 200 Series, Multicolor",41.94,1,0.2,9.14
944,US-2015-000446,2015-05-25,2015-05-30,Standard Class,william-1175,William Taylor,Corporate,United States,Louisville,Kentucky,63111,South,OFF-SUPP-9514,Office Supplies,Supplies,"Novimex Supply Kit Classic, Black",103.03,3,0.2,-3.09
945,US-2015-000447,2015-11-21,2015-11-26,Standard Class,mark-1618,Mark Lopez,Corporate,United States,Jackson,Mississippi,28330,South,OFF-PAPE-1262,Office Supplies,Paper,"Georgia Pacific Copy Paper Deluxe, Black",81.05,5,0.1,27.48
946,US-2015-000447,2015-11-21,2015-11-26,Standard Class,mark-1618,Mark Lopez,Corporate,United States,Jackson,Mississippi,73803,South,OFF-LABE-3331,Office Supplies,Labels,"Harbour Creations Label Deluxe, Black",9.11,1,0,4.1
947,US-2015-000448,2015-11-26,2015-12-01,Standard Class,andrew-1133,Andrew Brown,Corporate,United States,Jackson,Mississippi,48529,South,FUR-TABL-1870,Furniture,Tables,"Bretford Table Pro, Black",5139.68,8,0,-668.16
948,US-2015-000449,2015-11-03,2015-11-08,Standard Class,betty-1488,Betty Miller,Corporate,United States,San Antonio,Texas,13236,Central,OFF-LABE-1181,Office Supplies,Labels,"Novimex Label 200 Series, White",34.04,4,0,15.32
949,US-2015-000450,2015-11-26,2015-12-01,Standard Class,mary-1342,Mary Garcia,Corporate,United States,Wilmington,Delaware,76316,East,OFF-STOR-8182,Office Supplies,Storage,"Fellowes Storage Bin 100 Series, White",130.85,2,0.2,0.26
950,US-2017-000451,2017-10-17,2017-10-20,Second Class,sandra-1676,Sandra White,Corporate,United States,Albuquerque,New Mexico,11588,West,OFF-APPL-2526,Office Supplies,Appliances,"Holmes Appliance Deluxe, White",133.04,1,0,37.25
951,US-2017-000451,2017-10-17,2017-10-20,Second Class,sandra-1676,Sandra White,Corporate,United States,Albuquerque,New Mexico,37606,West,OFF-APPL-4172,Office Supplies,Appliances,"Holmes Appliance Steel, Black",1015.35,5,0,284.3
952,US-2014-000452,2014-01-06,2014-01-09,Second Class,david-1038,David Jones,Consumer,United States,Memphis,Tennessee,54924,South,OFF-ART-2310,Office Supplies,Art,"BIC Sketch Book 100 Series, Multicolor",56.62,3,0.3,14.78
953,US-2017-000453,2017-04-24,2017-04-29,Standard Class,kimberly-1022,Kimberly Brown,Consumer,United States,Little Rock,Arkansas,38699,South,OFF-LABE-1840,Office Supplies,Labels,"Harbour Creations Label Steel, White",79.02,6,0,35.56
954,US-2017-000453,2017-04-24,2017-04-29,Standard Class,kimberly-1022,Kimberly Brown,Consumer,United States,Little Rock,Arkansas,84262,South,OFF-ENVE-2615,Office Supplies,Envelopes,"Quality Park Envelope 200 Series, Gray",30.16,2,0,13.57
955,US-2017-000453,2017-04-24,2017-04-29,Standard Class,kimberly-1022,Kimberly Brown,Consumer,United States,Little Rock,Arkansas,17459,South,OFF-PAPE-4973,Office Supplies,Paper,"Wausau Copy Paper 100 Series, Black",38.64,2,0,16.23
956,US-2017-000453,2017-04-24,2017-04-29,Standard Class,kimberly-1022,Kimberly Brown,Consumer,United States,Little Rock,Arkansas,58547,South,TEC-ACCE-3523,Technology,Accessories,"Kensington Headset Steel, Black",1114.08,11,0,423.35
957,US-2014-000454,2014-10-22,2014-10-27,Standard Class,christopher-1503,Christopher Brown,Corporate,United States,Charleston,South Carolina,11113,South,OFF-LABE-6506,Office Supplies,Labels,"Dax Label 200 Series, Black",11.21,1,0,5.04
958,US-2014-000454,2014-10-22,2014-10-27,Standard Class,christopher-1503,Christopher Brown,Corporate,United States,Charleston,South Carolina,29909,South,OFF-APPL-9071,Office Supplies,Appliances,"Kitchex Appliance Steel, Gray",837.86,5,0.1,159.19
959,US-2014-000454,2014-10-22,2014-10-27,Standard Class,christopher-1503,Christopher Brown,Corporate,United States,Charleston,South Carolina,56826,South,FUR-CHAI-3909,Furniture,Chairs,"HON Chair Classic, Black",227.31,1,0.4,-60.92
960,US-2016-000455,2016-12-12,2016-12-17,Standard Class,matthew-1169,Matthew Martin,Consumer,United States,St. Paul,Minnesota,74273,Central,FUR-FURN-4149,Furniture,Furnishings,"Eldon Furnishing, Multicolor",152.07,5,0.4,8.52
961,US-2016-000455,2016-12-12,2016-12-17,Standard Class,matthew-1169,Matthew Martin,Consumer,United States,St. Paul,Minnesota,30630,Central,FUR-TABL-9619,Furniture,Tables,"Bretford Table Eco, Black",1167.12,3,0.3,-624.41
962,US-2016-000455,2016-12-12,2016-12-17,Standard Class,matthew-1169,Matthew Martin,Consumer,United States,St. Paul,Minnesota,71953,Central,TEC-PHON-4666,Technology,Phones,"Apple Phone Classic, White",1538.95,6,0.1,384.74
963,US-2016-000455,2016-12-12,2016-12-17,Standard Class,matthew-1169,Matthew Martin,Consumer,United States,St. Paul,Minnesota,97328,Central,TEC-COPI-5811,Technology,Copiers,"Brother Copier Eco, Gray",1706.67,2,0.3,331.09
964,US-2015-000456,2015-09-23,2015-09-28,Standard Class,susan-1152,Susan Hall,Corporate,United States,Albuquerque,New Mexico,53612,West,FUR-TABL-8355,Furniture,Tables,"BPI Table 100 Series, Black",1602.32,4,0,-208.3
965,US-2014-000457,2014-04-26,2014-05-01,Standard Class,sandra-1196,Sandra Garcia,Corporate,United States,Portland,Oregon,52849,West,OFF-FAST-9152,Office Supplies,Fasteners,"Elite Fastener 200 Series, Black",98.3,10,0,44.23
966,US-2014-000457,2014-04-26,2014-05-01,Standard Class,sandra-1196,Sandra Garcia,Corporate,United States,Portland,Oregon,53851,West,TEC-ACCE-1121,Technology,Accessories,"SanDisk Headset 200 Series, White",60.01,1,0,22.8
967,US-2014-000457,2014-04-26,2014-05-01,Standard Class,sandra-1196,Sandra Garcia,Corporate,United States,Portland,Oregon,11210,West,OFF-APPL-4932,Office Supplies,Appliances,"Eldon Appliance 200 Series, White",182.18,1,0,51.01
968,US-2017-000458,2017-05-20,2017-05-23,Second Class,sandra-1002,Sandra Brown,Corporate,United States,Aurora,Illinois,61209,Central,OFF-BIND-6447,Office Supplies,Binders,"Wilson Jones Binder 200 Series, Gray",126.84,4,0,48.2
969,US-2017-000458,2017-05-20,2017-05-23,Second Class,sandra-1002,Sandra Brown,Corporate,United States,Aurora,Illinois,69827,Central,TEC-PHON-8126,Technology,Phones,"Plantronics Phone Deluxe, Gray",308.82,1,0,105.0
970,US-2017-000458,2017-05-20,2017-05-23,Second Class,sandra-1002,Sandra Brown,Corporate,United States,Aurora,Illinois,72196,Central,FUR-CHAI-1293,Furniture,Chairs,"SAFCO Chair Pro, Black",717.53,3,0.2,-24.4
971,US-2017-000458,2017-05-20,2017-05-23,Second Class,sandra-1002,Sandra Brown,Corporate,United States,Aurora,Illinois,97613,Central,TEC-ACCE-6163,Technology,Accessories,"Kensington Headset Deluxe, White",98.05,1,0.3,13.43
972,US-2017-000459,2017-09-15,2017-09-20,Standard Class,nancy-1271,Nancy Taylor,Corporate,United States,San Francisco,California,45866,West,TEC-COPI-1036,Technology,Copiers,"Hewlett-Packard Copier Steel, Black",4592.49,10,0.3,890.94
973,US-2017-000459,2017-09-15,2017-09-20,Standard Class,nancy-1271,Nancy Taylor,Corporate,United States,San Francisco,California,40781,West,TEC-ACCE-1838,Technology,Accessories,"Logitech Headset Eco, Black",183.31,3,0.2,39.96
974,US-2017-000459,2017-09-15,2017-09-20,Standard Class,nancy-1271,Nancy Taylor,Corporate,United States,San Francisco,California,94784,West,OFF-SUPP-3903,Office Supplies,Supplies,"Novimex Supply Kit Pro, White",126.99,3,0,19.05
975,US-2017-000459,2017-09-15,2017-09-20,Standard Class,nancy-1271,Nancy Taylor,Corporate,United States,San Francisco,California,64471,West,OFF-ENVE-2629,Office Supplies,Envelopes,"Quality Park Envelope, Black",49.57,4,0.1,18.74
976,US-2017-000460,2017-04-09,2017-04-14,Standard Class,daniel-1555,Daniel White,Consumer,United States,Cheyenne,Wyoming,24860,West,FUR-TABL-2081,Furniture,Tables,"Bevis Table Deluxe, Gray",2854.66,9,0.5,-2298.0
977,US-2017-000461,2017-04-09,2017-04-14,Standard Class,anthony-1512,Anthony Green,Consumer,United States,Sioux Falls,South Dakota,91310,Central,OFF-FAST-2507,Office Supplies,Fasteners,"OIC Fastener Pro, Black",17.23,2,0.2,5.27
978,US-2017-000461,2017-04-09,2017-04-14,Standard Class,anthony-1512,Anthony Green,Consumer,United States,Sioux Falls,South Dakota,80099,Central,FUR-FURN-3388,Furniture,Furnishings,"Eldon Furnishing 200 Series, Multicolor",93.98,1,0.1,28.1
979,US-2017-000462,2017-03-31,2017-04-05,Standard Class,mary-1348,Mary Scott,Consumer,United States,Montgomery,Alabama,96118,South,OFF-SUPP-4115,Office Supplies,Supplies,"Fiskars Supply Kit 200 Series, White",86.9,3,0.2,-2.61
980,US-2017-000462,2017-03-31,2017-04-05,Standard Class,mary-1348,Mary Scott,Consumer,United States,Montgomery,Alabama,14769,South,TEC-MACH-7345,Technology,Machines,"Zebra Printer Classic, Black",160.43,1,0.4,-78.61
981,US-2016-000463,2016-03-17,2016-03-19,First Class,mary-1363,Mary Moore,Consumer,United States,Rochester,New York,27796,East,TEC-ACCE-8593,Technology,Accessories,"Logitech Headset Pro, Black",482.58,6,0,183.38
982,US-2016-000463,2016-03-17,2016-03-19,First Class,mary-1363,Mary Moore,Consumer,United States,Rochester,New York,50903,East,TEC-MACH-2962,Technology,Machines,"Panasonic Printer Pro, White",3131.34,6,0,156.57
983,US-2014-000464,2014-05-08,2014-05-11,Second Class,patricia-1307,Patricia King,Consumer,United States,Boise,Idaho,13428,West,OFF-APPL-7750,Office Supplies,Appliances,"Honeywell Appliance Pro, Gray",111.93,1,0,31.34
984,US-2014-000464,2014-05-08,2014-05-11,Second Class,patricia-1307,Patricia King,Consumer,United States,Boise,Idaho,57518,West,OFF-LABE-2524,Office Supplies,Labels,"Smead Label 200 Series, Gray",25.31,3,0.3,5.92
985,US-2014-000464,2014-05-08,2014-05-11,Second Class,patricia-1307,Patricia King,Consumer,United States,Boise,Idaho,16433,West,FUR-TABL-6468,Furniture,Tables,"Bevis Table Eco, Black",356.25,1,0,-46.31
986,US-2016-000465,2016-07-24,2016-07-26,First Class,lisa-1413,Lisa Williams,Consumer,United States,Austin,Texas,24003,Central,OFF-PAPE-3242,Office Supplies,Paper,"Wausau Copy Paper, Black",126.2,9,0.1,42.78
987,US-2016-000465,2016-07-24,2016-07-26,First Class,lisa-1413,Lisa Williams,Consumer,United States,Austin,Texas,42451,Central,TEC-MACH-6916,Technology,Machines,"Cubify Printer Classic, Black",477.14,1,0.4,-233.8
988,US-2014-000466,2014-08-12,2014-08-15,Second Class,andrew-1664,Andrew Wilson,Home Office,United States,Portland,Maine,45824,East,OFF-BIND-9350,Office Supplies,Binders,"Wilson Jones Binder 200 Series, Black",72.49,2,0.1,15.8
989,US-2016-000467,2016-10-08,2016-10-13,Standard Class,susan-1540,Susan Brown,Corporate,United States,Madison,Wisconsin,75232,Central,TEC-ACCE-5413,Technology,Accessories,"Verbatim Headset Eco, Black",659.29,6,0.1,197.13
990,US-2016-000467,2016-10-08,2016-10-13,Standard Class,susan-1540,Susan Brown,Corporate,United States,Madison,Wisconsin,86049,Central,FUR-BOOK-4132,Furniture,Bookcases,"O'Donnell Bookcase Steel, Gray",512.46,3,0.3,-121.97
991,US-2016-000467,2016-10-08,2016-10-13,Standard Class,susan-1540,Susan Brown,Corporate,United States,Madison,Wisconsin,38592,Central,FUR-TABL-1658,Furniture,Tables,"BPI Table 200 Series, Black",519.14,1,0,-67.49
992,US-2016-000467,2016-10-08,2016-10-13,Standard Class,susan-1540,Susan Brown,Corporate,United States,Madison,Wisconsin,37045,Central,OFF-FAST-4443,Office Supplies,Fasteners,"OIC Fastener, Gray",9.22,1,0,4.15
993,US-2016-000468,2016-03-09,2016-03-14,Standard Class,emily-1663,Emily Davis,Corporate,United States,Cleveland,Ohio,41821,Central,TEC-PHON-4302,Technology,Phones,"Panasonic Phone Classic, White",269.69,2,0.5,-29.67
994,US-2016-000468,2016-03-09,2016-03-14,Standard Class,emily-1663,Emily Davis,Corporate,United States,Cleveland,Ohio,18049,Central,TEC-MACH-8167,Technology,Machines,"Panasonic Printer Eco, Black",806.83,1,0,40.34
995,US-2015-000469,2015-03-19,2015-03-24,Standard Class,anthony-1294,Anthony Jackson,Consumer,United States,Savannah,Georgia,72500,South,FUR-BOOK-8445,Furniture,Bookcases,"Lesro Bookcase 100 Series, Black",428.97,3,0,60.06
996,US-2015-000469,2015-03-19,2015-03-24,Standard Class,anthony-1294,Anthony Jackson,Consumer,United States,Savannah,Georgia,40727,South,OFF-SUPP-8870,Office Supplies,Supplies,"Elite Supply Kit 200 Series, Black",397.84,8,0,59.68
997,US-2016-000470,2016-11-17,2016-11-22,Standard Class,mary-1564,Mary Davis,Consumer,United States,Indianapolis,Indiana,24041,Central,TEC-PHON-5453,Technology,Phones,"Panasonic Phone 100 Series, Gray",112.17,1,0.5,-12.34
998,US-2016-000470,2016-11-17,2016-11-22,Standard Class,mary-1564,Mary Davis,Consumer,United States,Indianapolis,Indiana,79458,Central,OFF-ENVE-5002,Office Supplies,Envelopes,"Jiffy Envelope Eco, Gray",26.33,2,0.1,9.95
999,US-2016-000470,2016-11-17,2016-11-22,Standard Class,mary-1564,Mary Davis,Consumer,United States,Indianapolis,Indiana,84443,Central,OFF-ART-3442,Office Supplies,Art,"BIC Sketch Book, Multicolor",166.86,10,0.1,64.57
1000,US-2017-000471,2017-01-17,2017-01-20,Second Class,matthew-1204,Matthew Thompson,Consumer,United States,Reno,Nevada,56778,West,OFF-STOR-8730,Office Supplies,Storage,"Fellowes Storage Bin Steel, Gray",86.29,1,0.3,-8.37
1001,US-2017-000471,2017-01-17,2017-01-20,Second Class,matthew-1204,Matthew Thompson,Consumer,United States,Reno,Nevada,27957,West,TEC-MACH-9079,Technology,Machines,"Epson Printer Pro, Black",6066.36,10,0.1,-515.64
1002,US-2017-000471,2017-01-17,2017-01-20,Second Class,matthew-1204,Matthew Thompson,Consumer,United States,Reno,Nevada,23450,West,OFF-ENVE-4358,Office Supplies,Envelopes,"Quality Park Envelope, Black",22.61,2,0.2,6.92
1003,US-2017-000471,2017-01-17,2017-01-20,Second Class,matthew-1204,Matthew Thompson,Consumer,United States,Reno,Nevada,46755,West,TEC-COPI-4514,Technology,Copiers,"Hewlett-Packard Copier Deluxe, Black",882.03,1,0,361.63
1004,US-2017-000472,2017-09-03,2017-09-08,Standard Class,thomas-1242,Thomas Green,Consumer,United States,Wilmington,Delaware,74167,East,OFF-ENVE-5539,Office Supplies,Envelopes,"Ames Envelope Classic, Gray",83.56,4,0,37.6
1005,US-2017-000473,2017-06-08,2017-06-13,Standard Class,john-1421,John Davis,Corporate,United States,Baltimore,Maryland,84935,East,OFF-FAST-6717,Office Supplies,Fasteners,"OIC Fastener Steel, Gray",6.4,2,0.7,-0.35
1006,US-2017-000473,2017-06-08,2017-06-13,Standard Class,john-1421,John Davis,Corporate,United States,Baltimore,Maryland,37404,East,FUR-BOOK-3819,Furniture,Bookcases,"Tennsco Bookcase Deluxe, White",275.0,1,0,38.5
1007,US-2015-000474,2015-03-09,2015-03-14,Standard Class,andrew-1062,Andrew King,Corporate,United States,Boise,Idaho,32463,West,FUR-TABL-5908,Furniture,Tables,"BPI Table Pro, White",1533.54,3,0,-199.36
1008,US-2015-000475,2015-11-30,2015-12-05,Standard Class,ashley-1700,Ashley Jones,Consumer,United States,Jackson,Mississippi,31783,South,FUR-FURN-2776,Furniture,Furnishings,"Howard Miller Furnishing Steel, Multicolor",111.89,2,0.1,33.46
1009,US-2017-000476,2017-11-09,2017-11-14,Standard Class,john-1625,John Green,Consumer,United States,Tulsa,Oklahoma,26618,Central,FUR-BOOK-5842,Furniture,Bookcases,"Sauder Bookcase Steel, Black",589.0,2,0,82.46
1010,US-2017-000476,2017-11-09,2017-11-14,Standard Class,john-1625,John Green,Consumer,United States,Tulsa,Oklahoma,27724,Central,FUR-CHAI-8853,Furniture,Chairs,"Global Value Chair 100 Series, Black",616.01,3,0.2,-20.94
1011,US-2014-000477,2014-06-10,2014-06-12,First Class,nancy-1237,Nancy Young,Corporate,United States,Detroit,Michigan,33372,Central,FUR-FURN-6556,Furniture,Furnishings,"Howard Miller Furnishing 100 Series, Multicolor",143.95,2,0.1,43.04
1012,US-2014-000477,2014-06-10,2014-06-12,First Class,nancy-1237,Nancy Young,Corporate,United States,Detroit,Michigan,21716,Central,FUR-CHAI-4363,Furniture,Chairs,"Office Star Chair Classic, Black",1576.66,5,0.1,130.86
1013,US-2015-000478,2015-09-16,2015-09-21,Standard Class,linda-1282,Linda King,Home Office,United States,Baltimore,Maryland,34959,East,FUR-BOOK-2370,Furniture,Bookcases,"O'Donnell Bookcase, Black",927.4,4,0,129.84
1014,US-2016-000479,2016-11-19,2016-11-22,Second Class,mary-1645,Mary Taylor,Consumer,United States,Washington,District of Columbia,29392,East,OFF-PAPE-9257,Office Supplies,Paper,"Georgia Pacific Copy Paper 100 Series, Gray",13.09,1,0,5.5
1015,US-2016-000479,2016-11-19,2016-11-22,Second Class,mary-1645,Mary Taylor,Consumer,United States,Washington,District of Columbia,51172,East,TEC-MACH-9556,Technology,Machines,"Canon Printer Classic, White",506.69,1,0.2,-111.47
1016,US-2016-000479,2016-11-19,2016-11-22,Second Class,mary-1645,Mary Taylor,Consumer,United States,Washington,District of Columbia,10367,East,OFF-SUPP-9309,Office Supplies,Supplies,"Harbour Creations Supply Kit, Black",30.02,1,0.1,1.8
1017,US-2016-000479,2016-11-19,2016-11-22,Second Class,mary-1645,Mary Taylor,Consumer,United States,Washington,District of Columbia,26115,East,OFF-FAST-6658,Office Supplies,Fasteners,"Advantus Fastener Steel, White",35.28,4,0,15.88
1018,US-2015-000480,2015-05-10,2015-05-10,Same Day,susan-1275,Susan Harris,Home Office,United States,Indianapolis,Indiana,91923,Central,FUR-CHAI-3789,Furniture,Chairs,"SAFCO Chair Eco, White",287.7,1,0.2,-9.78
1019,US-2015-000480,2015-05-10,2015-05-10,Same Day,susan-1275,Susan Harris,Home Office,United States,Indianapolis,Indiana,12228,Central,TEC-MACH-4406,Technology,Machines,"Cubify Printer Steel, Black",1517.76,3,0,75.89
1020,US-2016-000481,2016-06-20,2016-06-22,First Class,andrew-1062,Andrew King,Corporate,United States,Louisville,Kentucky,94382,South,OFF-FAST-9671,Office Supplies,Fasteners,"Harbour Creations Fastener 100 Series, White",15.1,4,0.5,1.36
1021,US-2016-000481,2016-06-20,2016-06-22,First Class,andrew-1062,Andrew King,Corporate,United States,Louisville,Kentucky,34601,South,OFF-ART-9166,Office Supplies,Art,"Prang Sketch Book Classic, Multicolor",123.31,7,0.2,39.95
1022,US-2016-000481,2016-06-20,2016-06-22,First Class,andrew-1062,Andrew King,Corporate,United States,Louisville,Kentucky,62440,South,TEC-PHON-5387,Technology,Phones,"Apple Phone Steel, Black",823.98,3,0,280.15
1023,US-2016-000482,2016-10-15,2016-10-20,Standard Class,sarah-1174,Sarah Wilson,Corporate,United States,Fargo,North Dakota,70551,Central,OFF-ENVE-7033,Office Supplies,Envelopes,"Quality Park Envelope 200 Series, Gray",40.44,2,0,18.2
1024,US-2015-000483,2015-12-22,2015-12-27,Standard Class,linda-1382,Linda Moore,Corporate,United States,Milwaukee,Wisconsin,97644,Central,OFF-STOR-5814,Office Supplies,Storage,"Tennsco Storage Bin 200 Series, Black",611.33,6,0.2,1.22
1025,US-2015-000483,2015-12-22,2015-12-27,Standard Class,linda-1382,Linda Moore,Corporate,United States,Milwaukee,Wisconsin,79515,Central,FUR-FURN-6041,Furniture,Furnishings,"Tenex Furnishing Steel, Multicolor",121.73,2,0.1,36.4
1026,US-2015-000483,2015-12-22,2015-12-27,Standard Class,linda-1382,Linda Moore,Corporate,United States,Milwaukee,Wisconsin,33391,Central,TEC-PHON-2785,Technology,Phones,"Apple Phone Deluxe, Black",565.98,2,0,192.43
1027,US-2017-000484,2017-06-24,2017-06-27,Second Class,john-1742,John Wright,Consumer,United States,Grand Rapids,Michigan,35472,Central,OFF-PAPE-1942,Office Supplies,Paper,"Xerox Copy Paper Eco, White",14.15,1,0.3,2.5
1028,US-2017-000484,2017-06-24,2017-06-27,Second Class,john-1742,John Wright,Consumer,United States,Grand Rapids,Michigan,23393,Central,TEC-PHON-3001,Technology,Phones,"Panasonic Phone Pro, Black",376.5,1,0,128.01
1029,US-2017-000484,2017-06-24,2017-06-27,Second Class,john-1742,John Wright,Consumer,United States,Grand Rapids,Michigan,36034,Central,FUR-FURN-9621,Furniture,Furnishings,"Eldon Furnishing Classic, Multicolor",151.44,2,0,57.55
1030,US-2015-000485,2015-05-18,2015-05-23,Standard Class,sandra-1695,Sandra Hall,Consumer,United States,Cambridge,Massachusetts,90200,East,OFF-PAPE-7662,Office Supplies,Paper,"Southworth Copy Paper, Gray",99.54,10,0.4,9.56
1031,US-2015-000485,2015-05-18,2015-05-23,Standard Class,sandra-1695,Sandra Hall,Consumer,United States,Cambridge,Massachusetts,78744,East,TEC-PHON-7378,Technology,Phones,"Cisco Phone Pro, Black",2382.0,10,0.2,381.12
1032,US-2017-000486,2017-09-01,2017-09-01,Same Day,jennifer-1189,Jennifer White,Corporate,United States,Newark,New Jersey,59453,East,FUR-TABL-2835,Furniture,Tables,"Bretford Table Steel, Gray",674.9,2,0,-87.74
1033,US-2016-000487,2016-12-29,2016-12-31,First Class,william-1624,William Williams,Corporate,United States,Portland,Oregon,13458,West,FUR-FURN-2783,Furniture,Furnishings,"Eldon Furnishing Eco, Multicolor",144.68,2,0,54.98
1034,US-2016-000488,2016-01-15,2016-01-18,Second Class,michael-1740,Michael White,Consumer,United States,Charlotte,North Carolina,22089,South,FUR-FURN-5505,Furniture,Furnishings,"Howard Miller Furnishing Classic, Multicolor",85.31,1,0,32.42
1035,US-2016-000488,2016-01-15,2016-01-18,Second Class,michael-1740,Michael White,Consumer,United States,Charlotte,North Carolina,54236,South,OFF-FAST-3130,Office Supplies,Fasteners,"OIC Fastener Eco, White",33.09,4,0.2,10.13
1036,US-2017-000489,2017-08-13,2017-08-18,Standard Class,mark-1208,Mark Scott,Consumer,United States,Baton Rouge,Louisiana,33005,South,FUR-BOOK-8465,Furniture,Bookcases,"Lesro Bookcase 200 Series, Black",1375.11,9,0,192.52
1037,US-2017-000489,2017-08-13,2017-08-18,Standard Class,mark-1208,Mark Scott,Consumer,United States,Baton Rouge,Louisiana,92101,South,OFF-BIND-6829,Office Supplies,Binders,"Cardinal Binder Pro, Black",43.46,2,0,16.51
1038,US-2017-000490,2017-06-25,2017-06-30,Standard Class,richard-1041,Richard Wilson,Consumer,United States,Columbus,Ohio,82128,Central,TEC-PHON-6613,Technology,Phones,"Cisco Phone Deluxe, Black",400.37,2,0.1,100.09
1039,US-2017-000490,2017-06-25,2017-06-30,Standard Class,richard-1041,Richard Wilson,Consumer,United States,Columbus,Ohio,58571,Central,TEC-PHON-1755,Technology,Phones,"Samsung Phone Steel, Black",658.65,3,0,223.94
1040,US-2016-000491,2016-09-29,2016-10-01,First Class,steven-1377,Steven Green,Consumer,United States,Portland,Maine,88362,East,OFF-ART-5181,Office Supplies,Art,"Binney & Smith Sketch Book Classic, Multicolor",61.08,3,0,27.49
1041,US-2016-000492,2016-08-19,2016-08-24,Standard Class,steven-1672,Steven Jones,Corporate,United States,Madison,Wisconsin,50580,Central,OFF-APPL-7293,Office Supplies,Appliances,"Kitchex Appliance Pro, Gray",116.42,1,0.2,11.64
1042,US-2016-000492,2016-08-19,2016-08-24,Standard Class,steven-1672,Steven Jones,Corporate,United States,Madison,Wisconsin,48592,Central,OFF-BIND-2775,Office Supplies,Binders,"Wilson Jones Binder Deluxe, Black",90.82,5,0.3,-9.63
1043,US-2017-000493,2017-11-17,2017-11-17,Same Day,elizabeth-1637,Elizabeth Wright,Corporate,United States,Cheyenne,Wyoming,39899,West,OFF-SUPP-7843,Office Supplies,Supplies,"Acme Supply Kit Classic, White",44.96,2,0.5,-13.49
1044,US-2017-000493,2017-11-17,2017-11-17,Same Day,elizabeth-1637,Elizabeth Wright,Corporate,United States,Cheyenne,Wyoming,78185,West,TEC-PHON-6337,Technology,Phones,"Plantronics Phone Deluxe, Gray",194.56,1,0,66.15
1045,US-2017-000494,2017-08-27,2017-09-01,Standard Class,anthony-1145,Anthony Scott,Consumer,United States,Cheyenne,Wyoming,63337,West,OFF-APPL-9921,Office Supplies,Appliances,"GE Appliance Pro, White",182.92,1,0,51.22
1046,US-2017-000494,2017-08-27,2017-09-01,Standard Class,anthony-1145,Anthony Scott,Consumer,United States,Cheyenne,Wyoming,99873,West,FUR-FURN-8895,Furniture,Furnishings,"Howard Miller Furnishing, Multicolor",276.1,5,0,104.92
1047,US-2017-000495,2017-05-28,2017-05-30,First Class,emily-1344,Emily Martinez,Consumer,United States,Cleveland,Ohio,31528,Central,OFF-SUPP-4942,Office Supplies,Supplies,"Novimex Supply Kit 200 Series, Gray",176.78,6,0.3,-21.21
1048,US-2017-000495,2017-05-28,2017-05-30,First Class,emily-1344,Emily Martinez,Consumer,United States,Cleveland,Ohio,61025,Central,TEC-MACH-1106,Technology,Machines,"Epson Printer, Gray",1636.76,3,0.4,-802.01
1049,US-2017-000495,2017-05-28,2017-05-30,First Class,emily-1344,Emily Martinez,Consumer,United States,Cleveland,Ohio,53889,Central,FUR-FURN-7343,Furniture,Furnishings,"Eldon Furnishing 100 Series, Multicolor",126.53,2,0.3,17.33
1050,US-2015-000496,2015-12-01,2015-12-06,Standard Class,emily-1663,Emily Davis,Corporate,United States,Louisville,Kentucky,68107,South,OFF-PAPE-7681,Office Supplies,Paper,"Xerox Copy Paper Classic, Gray",28.94,2,0.3,5.12
1051,US-2015-000496,2015-12-01,2015-12-06,Standard Class,emily-1663,Emily Davis,Corporate,United States,Louisville,Kentucky,46897,South,TEC-ACCE-7035,Technology,Accessories,"Belkin Headset, Black",131.86,1,0,50.11
1052,US-2015-000497,2015-12-23,2015-12-26,Second Class,robert-1459,Robert Jones,Corporate,United States,Grand Rapids,Michigan,74500,Central,OFF-APPL-6645,Office Supplies,Appliances,"Kitchex Appliance 200 Series, Black",719.0,5,0.2,71.9
1053,US-2015-000497,2015-12-23,2015-12-26,Second Class,robert-1459,Robert Jones,Corporate,United States,Grand Rapids,Michigan,98426,Central,TEC-MACH-3637,Technology,Machines,"Panasonic Printer, Gray",312.54,1,0.5,-195.34
1054,US-2016-000498,2016-06-30,2016-07-05,Standard Class,mark-1199,Mark Davis,Corporate,United States,Boston,Massachusetts,71236,East,OFF-APPL-3805,Office Supplies,Appliances,"Honeywell Appliance Pro, Black",1334.96,8,0,373.79
1055,US-2016-000499,2016-07-14,2016-07-17,Second Class,ashley-1010,Ashley Garcia,Corporate,United States,Newark,New Jersey,51649,East,OFF-ART-2845,Office Supplies,Art,"Binney & Smith Sketch Book Steel, Multicolor",4.21,1,0.7,0.04
1056,US-2014-000500,2014-11-17,2014-11-22,Standard Class,andrew-1587,Andrew Hall,Consumer,United States,Eugene,Oregon,32112,West,FUR-FURN-6031,Furniture,Furnishings,"Sauder Furnishing Eco, Multicolor",83.55,1,0,31.75
1057,US-2017-000501,2017-08-02,2017-08-07,Standard Class,patricia-1144,Patricia Williams,Home Office,United States,Columbia,South Carolina,24193,South,FUR-TABL-5665,Furniture,Tables,"Lesro Table Eco, White",479.96,1,0,-62.39
1058,US-2017-000501,2017-08-02,2017-08-07,Standard Class,patricia-1144,Patricia Williams,Home Office,United States,Columbia,South Carolina,31166,South,OFF-APPL-9411,Office Supplies,Appliances,"GE Appliance Classic, Black",192.82,1,0,53.99
1059,US-2017-000501,2017-08-02,2017-08-07,Standard Class,patricia-1144,Patricia Williams,Home Office,United States,Columbia,South Carolina,85042,South,FUR-FURN-2676,Furniture,Furnishings,"Tenex Furnishing 200 Series, Multicolor",202.56,3,0,76.97
1060,US-2017-000501,2017-08-02,2017-08-07,Standard Class,patricia-1144,Patricia Williams,Home Office,United States,Columbia,South Carolina,41855,South,OFF-PAPE-4831,Office Supplies,Paper,"Georgia Pacific Copy Paper Classic, Gray",18.98,1,0.3,3.36
1061,US-2015-000502,2015-09-11,2015-09-11,Same Day,susan-1234,Susan Martinez,Corporate,United States,Portland,Maine,77932,East,TEC-ACCE-8431,Technology,Accessories,"Kensington Headset 100 Series, Black",73.42,1,0.4,4.11
1062,US-2017-000503,2017-04-26,2017-05-01,Standard Class,mary-1015,Mary Walker,Consumer,United States,New Orleans,Louisiana,61559,South,OFF-ART-6722,Office Supplies,Art,"Newell Sketch Book Deluxe, Multicolor",17.65,1,0,7.94
1063,US-2014-000504,2014-03-04,2014-03-09,Standard Class,william-1458,William Young,Consumer,United States,Springfield,Illinois,87880,Central,FUR-FURN-2191,Furniture,Furnishings,"Sauder Furnishing 200 Series, Multicolor",497.04,12,0.5,-12.43
1064,US-2014-000504,2014-03-04,2014-03-09,Standard Class,william-1458,William Young,Consumer,United States,Springfield,Illinois,81661,Central,FUR-CHAI-4853,Furniture,Chairs,"Harbour Creations Chair Eco, Black",1169.43,3,0,233.89
1065,US-2016-000505,2016-07-25,2016-07-30,Standard Class,sarah-1086,Sarah Wilson,Consumer,United States,Madison,Wisconsin,35689,Central,TEC-COPI-2501,Technology,Copiers,"Canon Copier Classic, Black",1058.71,1,0,434.07
1066,US-2016-000505,2016-07-25,2016-07-30,Standard Class,sarah-1086,Sarah Wilson,Consumer,United States,Madison,Wisconsin,90482,Central,OFF-ART-5503,Office Supplies,Art,"Binney & Smith Sketch Book Classic, Multicolor",38.0,2,0,17.1
1067,US-2017-000506,2017-12-01,2017-12-06,Standard Class,matthew-1544,Matthew Lee,Consumer,United States,Omaha,Nebraska,94320,Central,TEC-ACCE-3521,Technology,Accessories,"Verbatim Headset Classic, White",259.2,2,0,98.5
1068,US-2017-000506,2017-12-01,2017-12-06,Standard Class,matthew-1544,Matthew Lee,Consumer,United States,Omaha,Nebraska,45302,Central,OFF-PAPE-7530,Office Supplies,Paper,"Mead Copy Paper, Gray",149.95,5,0,62.98
1069,US-2017-000506,2017-12-01,2017-12-06,Standard Class,matthew-1544,Matthew Lee,Consumer,United States,Omaha,Nebraska,81011,Central,FUR-BOOK-7241,Furniture,Bookcases,"Tennsco Bookcase Steel, White",554.18,2,0,77.59
1070,US-2017-000507,2017-07-19,2017-07-24,Standard Class,richard-1186,Richard Lewis,Consumer,United States,Fargo,North Dakota,85505,Central,OFF-APPL-4042,Office Supplies,Appliances,"Honeywell Appliance Eco, Gray",169.86,1,0.1,32.27
1071,US-2017-000507,2017-07-19,2017-07-24,Standard Class,richard-1186,Richard Lewis,Consumer,United States,Fargo,North Dakota,99715,Central,OFF-FAST-4187,Office Supplies,Fasteners,"Elite Fastener Deluxe, Gray",21.22,2,0,9.55
1072,US-2016-000508,2016-12-29,2017-01-03,Standard Class,emily-1545,Emily Clark,Home Office,United States,Baltimore,Maryland,89684,East,OFF-SUPP-7613,Office Supplies,Supplies,"Fiskars Supply Kit 200 Series, White",204.36,4,0,30.65
1073,US-2016-000508,2016-12-29,2017-01-03,Standard Class,emily-1545,Emily Clark,Home Office,United States,Baltimore,Maryland,78018,East,OFF-STOR-9265,Office Supplies,Storage,"Fellowes Storage Bin Deluxe, Black",330.3,4,0.1,33.36
1074,US-2016-000508,2016-12-29,2017-01-03,Standard Class,emily-1545,Emily Clark,Home Office,United States,Baltimore,Maryland,44303,East,OFF-FAST-1256,Office Supplies,Fasteners,"Elite Fastener Pro, Gray",46.65,5,0,20.99
1075,US-2016-000508,2016-12-29,2017-01-03,Standard Class,emily-1545,Emily Clark,Home Office,United States,Baltimore,Maryland,24837,East,OFF-ENVE-6023,Office Supplies,Envelopes,"Ames Envelope Deluxe, White",17.95,3,0.4,2.91
1076,US-2015-000509,2015-01-13,2015-01-18,Standard Class,thomas-1721,Thomas Johnson,Corporate,United States,Baltimore,Maryland,52961,East,OFF-STOR-6039,Office Supplies,Storage,"Iceberg Storage Bin Steel, Black",92.88,1,0,18.58
1077,US-2015-000510,2015-03-17,2015-03-19,First Class,daniel-1177,Daniel Miller,Consumer,United States,New Orleans,Louisiana,29620,South,TEC-PHON-7983,Technology,Phones,"Apple Phone Deluxe, Black",156.57,1,0.5,-17.22
1078,US-2015-000510,2015-03-17,2015-03-19,First Class,daniel-1177,Daniel Miller,Consumer,United States,New Orleans,Louisiana,25993,South,FUR-TABL-1576,Furniture,Tables,"Bretford Table 100 Series, White",890.66,2,0.1,-236.02
1079,US-2016-000511,2016-07-07,2016-07-10,Second Class,james-1171,James Brown,Home Office,United States,Grand Rapids,Michigan,26895,Central,OFF-FAST-7913,Office Supplies,Fasteners,"Harbour Creations Fastener Pro, Gray",8.37,1,0,3.77
1080,US-2016-000511,2016-07-07,2016-07-10,Second Class,james-1171,James Brown,Home Office,United States,Grand Rapids,Michigan,10821,Central,OFF-LABE-2359,Office Supplies,Labels,"Novimex Label 100 Series, White",8.46,1,0,3.81
1081,US-2017-000512,2017-08-22,2017-08-27,Standard Class,daniel-1314,Daniel Martinez,Consumer,United States,New Orleans,Louisiana,54556,South,FUR-FURN-2896,Furniture,Furnishings,"Howard Miller Furnishing 200 Series, Multicolor",369.75,5,0,140.5
1082,US-2017-000512,2017-08-22,2017-08-27,Standard Class,daniel-1314,Daniel Martinez,Consumer,United States,New Orleans,Louisiana,78133,South,TEC-MACH-7974,Technology,Machines,"Cubify Printer Deluxe, White",582.0,1,0,29.1
1083,US-2017-000512,2017-08-22,2017-08-27,Standard Class,daniel-1314,Daniel Martinez,Consumer,United States,New Orleans,Louisiana,39110,South,TEC-PHON-7321,Technology,Phones,"Plantronics Phone Steel, Gray",54.84,2,0.8,-20.84
1084,US-2015-000513,2015-08-04,2015-08-06,First Class,james-1006,James Lee,Consumer,United States,Grand Rapids,Michigan,38632,Central,OFF-ART-4426,Office Supplies,Art,"Sanford Sketch Book Eco, Multicolor",198.18,9,0,89.18
1085,US-2015-000513,2015-08-04,2015-08-06,First Class,james-1006,James Lee,Consumer,United States,Grand Rapids,Michigan,94561,Central,OFF-ART-3190,Office Supplies,Art,"Prang Sketch Book 100 Series, Multicolor",24.99,1,0,11.25
1086,US-2015-000513,2015-08-04,2015-08-06,First Class,james-1006,James Lee,Consumer,United States,Grand Rapids,Michigan,42080,Central,FUR-BOOK-1966,Furniture,Bookcases,"Tennsco Bookcase 100 Series, Black",221.89,1,0,31.06
1087,US-2015-000513,2015-08-04,2015-08-06,First Class,james-1006,James Lee,Consumer,United States,Grand Rapids,Michigan,62957,Central,TEC-ACCE-3623,Technology,Accessories,"SanDisk Headset Classic, Black",142.38,2,0.2,31.04
1088,US-2016-000514,2016-06-11,2016-06-13,First Class,daniel-1466,Daniel Anderson,Home Office,United States,Richmond,Virginia,14286,South,OFF-PAPE-5352,Office Supplies,Paper,"Wausau Copy Paper Pro, Black",30.86,2,0.3,5.46
1089,US-2016-000514,2016-06-11,2016-06-13,First Class,daniel-1466,Daniel Anderson,Home Office,United States,Richmond,Virginia,23403,South,OFF-PAPE-9371,Office Supplies,Paper,"Southworth Copy Paper 100 Series, Gray",54.84,4,0,23.03
1090,US-2015-000515,2015-09-22,2015-09-25,Second Class,david-1590,David Miller,Consumer,United States,Portland,Maine,31832,East,FUR-TABL-2234,Furniture,Tables,"Lesro Table Pro, White",1168.26,2,0,-151.87
1091,US-2015-000515,2015-09-22,2015-09-25,Second Class,david-1590,David Miller,Consumer,United States,Portland,Maine,94490,East,OFF-PAPE-9850,Office Supplies,Paper,"Wausau Copy Paper Deluxe, Black",33.06,2,0,13.89
1092,US-2015-000515,2015-09-22,2015-09-25,Second Class,david-1590,David Miller,Consumer,United States,Portland,Maine,44215,East,TEC-COPI-3647,Technology,Copiers,"Sharp Copier Deluxe, White",8848.6,9,0.1,2990.83
1093,US-2017-000516,2017-11-09,2017-11-14,Standard Class,betty-1732,Betty Moore,Home Office,United States,Hartford,Connecticut,79075,East,TEC-COPI-3856,Technology,Copiers,"Canon Copier 200 Series, Black",681.13,1,0.1,230.22
1094,US-2017-000516,2017-11-09,2017-11-14,Standard Class,betty-1732,Betty Moore,Home Office,United States,Hartford,Connecticut,78020,East,TEC-MACH-9033,Technology,Machines,"Cubify Printer Deluxe, Gray",398.25,1,0.5,-248.91
1095,US-2015-000517,2015-05-21,2015-05-24,Second Class,richard-1691,Richard Wilson,Consumer,United States,Chicago,Illinois,71028,Central,FUR-CHAI-3838,Furniture,Chairs,"Harbour Creations Chair Deluxe, Black",227.94,1,0.3,-34.42
1096,US-2015-000517,2015-05-21,2015-05-24,Second Class,richard-1691,Richard Wilson,Consumer,United States,Chicago,Illinois,97471,Central,TEC-PHON-6723,Technology,Phones,"Plantronics Phone Classic, Gray",501.12,4,0.3,35.08
1097,US-2016-000518,2016-06-05,2016-06-07,First Class,daniel-1652,Daniel Moore,Consumer,United States,Sioux Falls,South Dakota,52040,Central,FUR-CHAI-5556,Furniture,Chairs,"Global Value Chair, White",639.81,2,0.2,-21.75
1098,US-2016-000518,2016-06-05,2016-06-07,First Class,daniel-1652,Daniel Moore,Consumer,United States,Sioux Falls,South Dakota,22265,Central,FUR-TABL-6683,Furniture,Tables,"Lesro Table 100 Series, White",438.29,1,0.2,-175.32
1099,US-2016-000518,2016-06-05,2016-06-07,First Class,daniel-1652,Daniel Moore,Consumer,United States,Sioux Falls,South Dakota,17431,Central,FUR-BOOK-6705,Furniture,Bookcases,"Sauder Bookcase 200 Series, White",194.2,1,0,27.19
1100,US-2016-000519,2016-10-07,2016-10-07,Same Day,michael-1005,Michael Davis,Consumer,United States,Portland,Maine,25147,East,TEC-MACH-3378,Technology,Machines,"Cubify Printer 100 Series, Black",2137.03,3,0.2,-470.15
1101,US-2015-000520,2015-03-25,2015-03-30,Standard Class,andrew-1703,Andrew Johnson,Consumer,United States,Cheyenne,Wyoming,90939,West,OFF-APPL-2462,Office Supplies,Appliances,"Eldon Appliance 100 Series, Black",484.86,2,0,135.76
1102,US-2015-000520,2015-03-25,2015-03-30,Standard Class,andrew-1703,Andrew Johnson,Consumer,United States,Cheyenne,Wyoming,35946,West,FUR-CHAI-6618,Furniture,Chairs,"Office Star Chair 200 Series, Gray",830.08,4,0.5,-319.58
1103,US-2015-000520,2015-03-25,2015-03-30,Standard Class,andrew-1703,Andrew Johnson,Consumer,United States,Cheyenne,Wyoming,97182,West,OFF-BIND-4153,Office Supplies,Binders,"Avery Binder Eco, Black",19.18,1,0,7.29
1104,US-2015-000521,2015-07-20,2015-07-23,Second Class,michael-1291,Michael Williams,Consumer,United States,Rochester,New York,87517,East,OFF-APPL-6351,Office Supplies,Appliances,"Honeywell Appliance, White",162.26,1,0,45.43
1105,US-2015-000521,2015-07-20,2015-07-23,Second Class,michael-1291,Michael Williams,Consumer,United States,Rochester,New York,97419,East,OFF-BIND-7234,Office Supplies,Binders,"Cardinal Binder Pro, White",86.96,4,0,33.04
1106,US-2016-000522,2016-08-14,2016-08-16,First Class,thomas-1711,Thomas Scott,Home Office,United States,Providence,Rhode Island,52814,East,OFF-ENVE-3324,Office Supplies,Envelopes,"Quality Park Envelope 100 Series, Black",18.78,2,0,8.45
1107,US-2016-000522,2016-08-14,2016-08-16,First Class,thomas-1711,Thomas Scott,Home Office,United States,Providence,Rhode Island,13362,East,OFF-STOR-3135,Office Supplies,Storage,"Deflect-O Storage Bin Eco, Black",108.66,1,0.2,0.22
1108,US-2016-000522,2016-08-14,2016-08-16,First Class,thomas-1711,Thomas Scott,Home Office,United States,Providence,Rhode Island,83077,East,OFF-APPL-7921,Office Supplies,Appliances,"GE Appliance, Black",438.15,3,0,122.68
1109,US-2016-000523,2016-05-11,2016-05-16,Standard Class,anthony-1613,Anthony Williams,Consumer,United States,Wilmington,Delaware,24030,East,FUR-FURN-1366,Furniture,Furnishings,"Tenex Furnishing Steel, Multicolor",163.64,2,0.1,48.93
1110,US-2016-000523,2016-05-11,2016-05-16,Standard Class,anthony-1613,Anthony Williams,Consumer,United States,Wilmington,Delaware,47416,East,OFF-PAPE-3598,Office Supplies,Paper,"Wausau Copy Paper Eco, Gray",71.16,3,0,29.89
1111,US-2016-000523,2016-05-11,2016-05-16,Standard Class,anthony-1613,Anthony Williams,Consumer,United States,Wilmington,Delaware,93865,East,FUR-CHAI-3042,Furniture,Chairs,"Global Value Chair, Black",419.32,1,0.1,34.8
1112,US-2017-000524,2017-04-24,2017-04-26,First Class,michael-1291,Michael Williams,Consumer,United States,Little Rock,Arkansas,25534,South,FUR-TABL-8565,Furniture,Tables,"BPI Table Eco, Black",298.31,1,0.1,-79.05
1113,US-2014-000525,2014-05-08,2014-05-13,Standard Class,ashley-1754,Ashley Lee,Consumer,United States,Jackson,Mississippi,97844,South,FUR-FURN-7943,Furniture,Furnishings,"Tenex Furnishing 200 Series, Multicolor",73.0,2,0.3,10.0
1114,US-2014-000525,2014-05-08,2014-05-13,Standard Class,ashley-1754,Ashley Lee,Consumer,United States,Jackson,Mississippi,17970,South,OFF-STOR-3426,Office Supplies,Storage,"Deflect-O Storage Bin 100 Series, Gray",88.06,1,0,17.61
1115,US-2016-000526,2016-03-31,2016-04-05,Standard Class,mark-1043,Mark Johnson,Home Office,United States,Jackson,Mississippi,62510,South,OFF-ENVE-1783,Office Supplies,Envelopes,"Jiffy Envelope 100 Series, White",174.4,10,0,78.48
1116,US-2016-000527,2016-06-23,2016-06-28,Standard Class,daniel-1436,Daniel Martinez,Home Office,United States,Albuquerque,New Mexico,36263,West,OFF-BIND-6468,Office Supplies,Binders,"Avery Binder, Black",54.49,3,0.3,-5.78
1117,US-2016-000527,2016-06-23,2016-06-28,Standard Class,daniel-1436,Daniel Martinez,Home Office,United States,Albuquerque,New Mexico,41530,West,OFF-SUPP-5165,Office Supplies,Supplies,"Fiskars Supply Kit Classic, Gray",100.96,2,0,15.14
1118,US-2016-000528,2016-04-15,2016-04-20,Standard Class,robert-1272,Robert Martin,Corporate,United States,Columbia,South Carolina,26296,South,OFF-PAPE-2111,Office Supplies,Paper,"Mead Copy Paper, White",56.65,3,0.1,19.2
1119,US-2017-000529,2017-09-26,2017-10-01,Standard Class,john-1670,John Jones,Consumer,United States,Nashville,Tennessee,32561,South,FUR-FURN-1049,Furniture,Furnishings,"Sauder Furnishing Eco, Multicolor",58.06,1,0,22.06
1120,US-2017-000529,2017-09-26,2017-10-01,Standard Class,john-1670,John Jones,Consumer,United States,Nashville,Tennessee,89444,South,FUR-CHAI-5876,Furniture,Chairs,"SAFCO Chair, Gray",268.81,2,0.4,-72.04
1121,US-2017-000529,2017-09-26,2017-10-01,Standard Class,john-1670,John Jones,Consumer,United States,Nashville,Tennessee,82948,South,TEC-PHON-2066,Technology,Phones,"Cisco Phone Deluxe, Black",604.95,3,0,205.68
1122,US-2017-000529,2017-09-26,2017-10-01,Standard Class,john-1670,John Jones,Consumer,United States,Nashville,Tennessee,73573,South,OFF-LABE-7258,Office Supplies,Labels,"Avery Label Steel, White",7.56,2,0.5,0.68
1123,US-2016-000530,2016-04-21,2016-04-26,Standard Class,linda-1238,Linda Jackson,Consumer,United States,Virginia Beach,Virginia,66465,South,TEC-PHON-2866,Technology,Phones,"Plantronics Phone Eco, White",212.17,1,0,72.14
1124,US-2014-000531,2014-11-30,2014-12-02,First Class,elizabeth-1052,Elizabeth Taylor,Consumer,United States,Indianapolis,Indiana,97210,Central,OFF-ART-7729,Office Supplies,Art,"Binney & Smith Sketch Book 100 Series, Multicolor",11.66,1,0,5.25
1125,US-2014-000531,2014-11-30,2014-12-02,First Class,elizabeth-1052,Elizabeth Taylor,Consumer,United States,Indianapolis,Indiana,88050,Central,FUR-BOOK-9941,Furniture,Bookcases,"Tennsco Bookcase 100 Series, Gray",161.21,1,0.1,2.26
1126,US-2017-000532,2017-09-08,2017-09-10,First Class,david-1455,David King,Consumer,United States,Rochester,New York,28120,East,OFF-LABE-2156,Office Supplies,Labels,"Novimex Label, Gray",55.79,7,0,25.11
1127,US-2017-000532,2017-09-08,2017-09-10,First Class,david-1455,David King,Consumer,United States,Rochester,New York,76434,East,OFF-ART-6833,Office Supplies,Art,"Binney & Smith Sketch Book Classic, Multicolor",13.03,2,0.7,0.12
1128,US-2016-000533,2016-07-07,2016-07-12,Standard Class,betty-1026,Betty Harris,Consumer,United States,Nashville,Tennessee,62853,South,FUR-FURN-7230,Furniture,Furnishings,"Howard Miller Furnishing Deluxe, Multicolor",117.62,2,0,44.7
1129,US-2014-000534,2014-08-16,2014-08-19,Second Class,sarah-1511,Sarah Clark,Consumer,United States,Billings,Montana,16557,West,TEC-ACCE-8591,Technology,Accessories,"Verbatim Headset 200 Series, White",676.11,9,0.1,202.16
1130,US-2014-000534,2014-08-16,2014-08-19,Second Class,sarah-1511,Sarah Clark,Consumer,United States,Billings,Montana,65512,West,OFF-FAST-4757,Office Supplies,Fasteners,"OIC Fastener Pro, White",22.52,5,0.2,6.89
1131,US-2014-000535,2014-10-11,2014-10-16,Standard Class,christopher-1506,Christopher Davis,Home Office,United States,Manchester,New Hampshire,94041,East,OFF-ENVE-6800,Office Supplies,Envelopes,"Jiffy Envelope Steel, Black",70.31,9,0.1,26.58
1132,US-2016-000536,2016-01-02,2016-01-05,Second Class,richard-1046,Richard Anderson,Corporate,United States,Burlington,Vermont,29883,East,OFF-SUPP-5338,Office Supplies,Supplies,"Harbour Creations Supply Kit Deluxe, White",35.45,1,0,5.32
1133,US-2014-000537,2014-07-07,2014-07-12,Standard Class,thomas-1574,Thomas Green,Consumer,United States,Baltimore,Maryland,39099,East,OFF-STOR-7662,Office Supplies,Storage,"Carina Storage Bin Deluxe, Black",149.75,2,0.5,-44.18
1134,US-2015-000538,2015-06-25,2015-06-28,Second Class,karen-1713,Karen Wilson,Home Office,United States,Indianapolis,Indiana,88898,Central,OFF-APPL-8856,Office Supplies,Appliances,"Honeywell Appliance Steel, Black",1892.38,12,0.1,359.55
1135,US-2015-000538,2015-06-25,2015-06-28,Second Class,karen-1713,Karen Wilson,Home Office,United States,Indianapolis,Indiana,42544,Central,FUR-FURN-2038,Furniture,Furnishings,"Tenex Furnishing, Multicolor",120.24,1,0,45.69
1136,US-2015-000538,2015-06-25,2015-06-28,Second Class,karen-1713,Karen Wilson,Home Office,United States,Indianapolis,Indiana,10056,Central,OFF-STOR-4351,Office Supplies,Storage,"Carina Storage Bin 200 Series, White",103.3,1,0.2,0.21
1137,US-2014-000539,2014-05-20,2014-05-25,Standard Class,sarah-1569,Sarah Garcia,Consumer,United States,Indianapolis,Indiana,35330,Central,FUR-BOOK-5561,Furniture,Bookcases,"Sauder Bookcase Pro, White",156.22,1,0.1,2.19
1138,US-2014-000539,2014-05-20,2014-05-25,Standard Class,sarah-1569,Sarah Garcia,Consumer,United States,Indianapolis,Indiana,73471,Central,OFF-LABE-7822,Office Supplies,Labels,"Smead Label, Black",8.11,1,0.2,2.48
1139,US-2014-000539,2014-05-20,2014-05-25,Standard Class,sarah-1569,Sarah Garcia,Consumer,United States,Indianapolis,Indiana,80916,Central,FUR-FURN-5238,Furniture,Furnishings,"Sauder Furnishing 200 Series, Multicolor",157.92,3,0,60.01
1140,US-2016-000540,2016-07-22,2016-07-27,Standard Class,betty-1081,Betty Jackson,Consumer,United States,Tulsa,Oklahoma,90802,Central,FUR-TABL-4026,Furniture,Tables,"BPI Table Pro, Gray",3410.26,9,0.1,-903.72
1141,US-2016-000540,2016-07-22,2016-07-27,Standard Class,betty-1081,Betty Jackson,Consumer,United States,Tulsa,Oklahoma,52904,Central,OFF-ENVE-8214,Office Supplies,Envelopes,"Southworth Envelope Steel, Black",13.59,2,0.3,3.18
1142,US-2016-000540,2016-07-22,2016-07-27,Standard Class,betty-1081,Betty Jackson,Consumer,United States,Tulsa,Oklahoma,88527,Central,OFF-PAPE-6137,Office Supplies,Paper,"Mead Copy Paper Eco, White",15.52,1,0,6.52
1143,US-2016-000541,2016-12-28,2017-01-02,Standard Class,andrew-1703,Andrew Johnson,Consumer,United States,Wichita,Kansas,82777,Central,FUR-CHAI-2153,Furniture,Chairs,"SAFCO Chair 100 Series, Black",563.58,2,0.1,46.78
1144,US-2016-000541,2016-12-28,2017-01-02,Standard Class,andrew-1703,Andrew Johnson,Consumer,United States,Wichita,Kansas,23109,Central,OFF-SUPP-6150,Office Supplies,Supplies,"Fiskars Supply Kit Steel, Black",375.8,11,0.1,22.55
1145,US-2016-000541,2016-12-28,2017-01-02,Standard Class,andrew-1703,Andrew Johnson,Consumer,United States,Wichita,Kansas,95371,Central,TEC-PHON-6368,Technology,Phones,"Plantronics Phone Eco, Black",200.98,1,0.1,50.24
1146,US-2016-000541,2016-12-28,2017-01-02,Standard Class,andrew-1703,Andrew Johnson,Consumer,United States,Wichita,Kansas,59158,Central,OFF-LABE-9689,Office Supplies,Labels,"Dax Label Eco, White",7.25,1,0.4,1.17
1147,US-2017-000542,2017-01-01,2017-01-06,Standard Class,steven-1758,Steven Thompson,Consumer,United States,Manchester,New Hampshire,68078,East,OFF-PAPE-3651,Office Supplies,Paper,"Georgia Pacific Copy Paper Eco, Black",82.25,5,0,34.55
1148,US-2017-000542,2017-01-01,2017-01-06,Standard Class,steven-1758,Steven Thompson,Consumer,United States,Manchester,New Hampshire,76378,East,OFF-PAPE-8382,Office Supplies,Paper,"Mead Copy Paper, White",21.86,1,0,9.18
1149,US-2017-000543,2017-05-26,2017-05-31,Standard Class,andrew-1133,Andrew Brown,Corporate,United States,Boulder,Colorado,55486,West,OFF-SUPP-7860,Office Supplies,Supplies,"Fiskars Supply Kit 200 Series, Black",50.29,1,0.1,3.02
1150,US-2017-000543,2017-05-26,2017-05-31,Standard Class,andrew-1133,Andrew Brown,Corporate,United States,Boulder,Colorado,48550,West,OFF-ENVE-7971,Office Supplies,Envelopes,"Ames Envelope, Black",16.74,1,0,7.53
1151,US-2015-000544,2015-08-31,2015-09-05,Standard Class,lisa-1323,Lisa White,Corporate,United States,Wilmington,Delaware,79915,East,OFF-ART-2512,Office Supplies,Art,"Sanford Sketch Book 100 Series, Multicolor",13.82,1,0.5,1.87
1152,US-2017-000545,2017-12-23,2017-12-28,Standard Class,kimberly-1549,Kimberly Jones,Corporate,United States,Los Angeles,California,56972,West,OFF-SUPP-3094,Office Supplies,Supplies,"Harbour Creations Supply Kit Classic, Black",38.68,1,0.1,2.32
1153,US-2017-000545,2017-12-23,2017-12-28,Standard Class,kimberly-1549,Kimberly Jones,Corporate,United States,Los Angeles,California,65705,West,TEC-COPI-8309,Technology,Copiers,"Canon Copier Eco, Black",3608.39,4,0.1,1219.64
1154,US-2017-000546,2017-10-02,2017-10-05,Second Class,daniel-1541,Daniel Davis,Corporate,United States,Nashville,Tennessee,70451,South,OFF-PAPE-6664,Office Supplies,Paper,"Southworth Copy Paper Steel, Gray",56.81,6,0.1,19.26
1155,US-2017-000546,2017-10-02,2017-10-05,Second Class,daniel-1541,Daniel Davis,Corporate,United States,Nashville,Tennessee,52507,South,OFF-STOR-5337,Office Supplies,Storage,"Iceberg Storage Bin Pro, White",79.8,1,0,15.96
1156,US-2017-000546,2017-10-02,2017-10-05,Second Class,daniel-1541,Daniel Davis,Corporate,United States,Nashville,Tennessee,95567,South,OFF-FAST-1772,Office Supplies,Fasteners,"Staples Fastener Eco, Black",56.79,9,0,25.56
1157,US-2015-000547,2015-10-10,2015-10-15,Standard Class,james-1201,James Johnson,Consumer,United States,Philadelphia,Pennsylvania,94550,East,TEC-COPI-2390,Technology,Copiers,"Brother Copier Classic, Black",5702.76,8,0.1,1927.53
1158,US-2016-000548,2016-05-04,2016-05-07,Second Class,patricia-1568,Patricia Smith,Consumer,United States,Sioux Falls,South Dakota,60729,Central,TEC-MACH-9894,Technology,Machines,"Canon Printer, Black",3647.0,6,0.1,-310.0
1159,US-2016-000548,2016-05-04,2016-05-07,Second Class,patricia-1568,Patricia Smith,Consumer,United States,Sioux Falls,South Dakota,81477,Central,OFF-ENVE-6389,Office Supplies,Envelopes,"Ames Envelope Eco, White",45.1,2,0,20.29
1160,US-2016-000548,2016-05-04,2016-05-07,Second Class,patricia-1568,Patricia Smith,Consumer,United States,Sioux Falls,South Dakota,14688,Central,TEC-PHON-4759,Technology,Phones,"Samsung Phone Eco, Black",234.78,1,0,79.83
1161,US-2015-000549,2015-12-31,2016-01-02,First Class,linda-1293,Linda Lewis,Consumer,United States,Indianapolis,Indiana,79696,Central,OFF-ART-5167,Office Supplies,Art,"Sanford Sketch Book Eco, Multicolor",204.96,8,0,92.23
1162,US-2015-000550,2015-11-12,2015-11-17,Standard Class,emily-1617,Emily Martinez,Consumer,United States,Wilmington,Delaware,77174,East,FUR-TABL-4947,Furniture,Tables,"Bevis Table Pro, White",457.31,2,0.5,-368.13
1163,US-2015-000550,2015-11-12,2015-11-17,Standard Class,emily-1617,Emily Martinez,Consumer,United States,Wilmington,Delaware,50118,East,OFF-FAST-7972,Office Supplies,Fasteners,"Harbour Creations Fastener Steel, Gray",51.84,5,0.1,19.6
1164,US-2015-000550,2015-11-12,2015-11-17,Standard Class,emily-1617,Emily Martinez,Consumer,United States,Wilmington,Delaware,43266,East,OFF-PAPE-8853,Office Supplies,Paper,"Georgia Pacific Copy Paper 200 Series, Black",73.12,6,0.1,24.79
1165,US-2015-000551,2015-12-04,2015-12-07,Second Class,linda-1091,Linda Miller,Consumer,United States,Hartford,Connecticut,94682,East,OFF-APPL-8365,Office Supplies,Appliances,"Holmes Appliance Deluxe, Black",47.6,1,0.7,-16.66
1166,US-2016-000552,2016-12-04,2016-12-04,Same Day,john-1401,John Martin,Home Office,United States,Charlotte,North Carolina,34264,South,TEC-PHON-3748,Technology,Phones,"Apple Phone Deluxe, Black",229.79,1,0,78.13
1167,US-2016-000552,2016-12-04,2016-12-04,Same Day,john-1401,John Martin,Home Office,United States,Charlotte,North Carolina,13907,South,OFF-ENVE-1266,Office Supplies,Envelopes,"Columbian Envelope, Black",22.16,2,0,9.97
1168,US-2015-000553,2015-12-17,2015-12-22,Standard Class,michael-1085,Michael Brown,Consumer,United States,Milwaukee,Wisconsin,76891,Central,OFF-LABE-5740,Office Supplies,Labels,"Avery Label Deluxe, Gray",37.86,3,0,17.04
1169,US-2015-000553,2015-12-17,2015-12-22,Standard Class,michael-1085,Michael Brown,Consumer,United States,Milwaukee,Wisconsin,87163,Central,FUR-CHAI-7899,Furniture,Chairs,"Office Star Chair Eco, Gray",719.08,2,0,143.82
1170,US-2015-000553,2015-12-17,2015-12-22,Standard Class,michael-1085,Michael Brown,Consumer,United States,Milwaukee,Wisconsin,62990,Central,OFF-PAPE-1059,Office Supplies,Paper,"Xerox Copy Paper, Black",103.15,5,0,43.32
1171,US-2017-000554,2017-09-29,2017-10-04,Standard Class,betty-1285,Betty Anderson,Consumer,United States,Baltimore,Maryland,58624,East,FUR-BOOK-8091,Furniture,Bookcases,"O'Donnell Bookcase Steel, Gray",389.29,2,0.1,5.45
1172,US-2015-000555,2015-08-14,2015-08-14,Same Day,thomas-1092,Thomas Jones,Consumer,United States,Albuquerque,New Mexico,45241,West,TEC-COPI-2647,Technology,Copiers,"Ricoh Copier Pro, Black",2752.59,5,0.4,335.82
1173,US-2016-000556,2016-06-16,2016-06-21,Standard Class,william-1575,William Thompson,Consumer,United States,Cambridge,Massachusetts,82801,East,OFF-APPL-3610,Office Supplies,Appliances,"GE Appliance Steel, Black",405.98,2,0,113.67
1174,US-2017-000557,2017-04-28,2017-05-03,Standard Class,steven-1031,Steven Hall,Corporate,United States,Baton Rouge,Louisiana,26582,South,FUR-FURN-7177,Furniture,Furnishings,"Sauder Furnishing Classic, Multicolor",63.98,1,0.1,19.13
1175,US-2017-000557,2017-04-28,2017-05-03,Standard Class,steven-1031,Steven Hall,Corporate,United States,Baton Rouge,Louisiana,34481,South,FUR-BOOK-8071,Furniture,Bookcases,"O'Donnell Bookcase 200 Series, Gray",223.3,1,0.1,3.13
1176,US-2015-000558,2015-12-08,2015-12-11,Second Class,robert-1080,Robert Martin,Consumer,United States,Manchester,New Hampshire,25438,East,OFF-STOR-8552,Office Supplies,Storage,"Iceberg Storage Bin 100 Series, Black",42.62,2,0.7,-21.01
1177,US-2015-000558,2015-12-08,2015-12-11,Second Class,robert-1080,Robert Martin,Consumer,United States,Manchester,New Hampshire,22658,East,TEC-COPI-5764,Technology,Copiers,"Sharp Copier Classic, Gray",657.67,1,0.2,174.94
1178,US-2015-000558,2015-12-08,2015-12-11,Second Class,robert-1080,Robert Martin,Consumer,United States,Manchester,New Hampshire,72591,East,OFF-APPL-7599,Office Supplies,Appliances,"Honeywell Appliance 100 Series, White",225.03,1,0,63.01
1179,US-2015-000558,2015-12-08,2015-12-11,Second Class,robert-1080,Robert Martin,Consumer,United States,Manchester,New Hampshire,58031,East,OFF-PAPE-8360,Office Supplies,Paper,"Mead Copy Paper 100 Series, Black",83.87,4,0.2,21.64
1180,US-2015-000559,2015-06-26,2015-07-01,Standard Class,elizabeth-1566,Elizabeth Miller,Corporate,United States,Eugene,Oregon,58126,West,FUR-CHAI-9286,Furniture,Chairs,"SAFCO Chair Steel, Black",1896.36,6,0,379.27
1181,US-2015-000559,2015-06-26,2015-07-01,Standard Class,elizabeth-1566,Elizabeth Miller,Corporate,United States,Eugene,Oregon,16926,West,TEC-MACH-1815,Technology,Machines,"Cubify Printer, Black",1760.46,2,0,88.02
1182,US-2015-000559,2015-06-26,2015-07-01,Standard Class,elizabeth-1566,Elizabeth Miller,Corporate,United States,Eugene,Oregon,75943,West,TEC-COPI-3228,Technology,Copiers,"Hewlett-Packard Copier Deluxe, Black",850.25,6,0.8,-141.14
1183,US-2017-000560,2017-05-05,2017-05-10,Standard Class,linda-1091,Linda Miller,Consumer,United States,Omaha,Nebraska,10819,Central,TEC-COPI-3232,Technology,Copiers,"Hewlett-Packard Copier 100 Series, White",3296.88,9,0.2,876.97
1184,US-2016-000561,2016-04-23,2016-04-28,Standard Class,william-1359,William Clark,Consumer,United States,Manchester,New Hampshire,34371,East,FUR-BOOK-8599,Furniture,Bookcases,"Harbour Creations Bookcase 200 Series, White",909.8,5,0,127.37
1185,US-2016-000561,2016-04-23,2016-04-28,Standard Class,william-1359,William Clark,Consumer,United States,Manchester,New Hampshire,36164,East,TEC-ACCE-6942,Technology,Accessories,"Logitech Headset, Black",481.86,5,0.1,144.08
1186,US-2016-000562,2016-12-29,2016-12-31,First Class,ashley-1495,Ashley Scott,Corporate,United States,Nashville,Tennessee,78407,South,OFF-LABE-5801,Office Supplies,Labels,"Novimex Label Pro, Black",26.78,3,0.2,8.19
1187,US-2016-000562,2016-12-29,2016-12-31,First Class,ashley-1495,Ashley Scott,Corporate,United States,Nashville,Tennessee,21547,South,TEC-COPI-7752,Technology,Copiers,"Sharp Copier Deluxe, Black",2578.2,3,0,1057.06
1188,US-2016-000563,2016-06-06,2016-06-08,First Class,matthew-1485,Matthew Wilson,Consumer,United States,Cambridge,Massachusetts,83595,East,FUR-FURN-6444,Furniture,Furnishings,"Eldon Furnishing Eco, Multicolor",87.12,1,0,33.11
1189,US-2016-000564,2016-12-09,2016-12-14,Standard Class,mark-1701,Mark Moore,Consumer,United States,Richmond,Virginia,45784,South,OFF-STOR-9585,Office Supplies,Storage,"Deflect-O Storage Bin Eco, Gray",114.03,1,0,22.81
1190,US-2017-000565,2017-12-07,2017-12-12,Standard Class,daniel-1439,Daniel Wright,Corporate,United States,Oklahoma City,Oklahoma,60152,Central,OFF-FAST-9964,Office Supplies,Fasteners,"Staples Fastener Deluxe, Black",5.59,1,0.3,1.31
1191,US-2016-000566,2016-01-13,2016-01-18,Standard Class,nancy-1048,Nancy Wright,Home Office,United States,Baltimore,Maryland,84000,East,OFF-FAST-6899,Office Supplies,Fasteners,"OIC Fastener Steel, Black",13.42,1,0,6.04
1192,US-2016-000566,2016-01-13,2016-01-18,Standard Class,nancy-1048,Nancy Wright,Home Office,United States,Baltimore,Maryland,52540,East,OFF-ART-9861,Office Supplies,Art,"Binney & Smith Sketch Book, Multicolor",150.88,9,0.4,29.87
1193,US-2016-000566,2016-01-13,2016-01-18,Standard Class,nancy-1048,Nancy Wright,Home Office,United States,Baltimore,Maryland,23123,East,FUR-TABL-6070,Furniture,Tables,"Bevis Table Classic, Gray",1551.6,3,0,-201.71
1194,US-2017-000567,2017-01-06,2017-01-09,Second Class,michael-1302,Michael Lopez,Consumer,United States,Albuquerque,New Mexico,40646,West,OFF-ART-7653,Office Supplies,Art,"Newell Sketch Book, Multicolor",82.32,4,0,37.04
1195,US-2014-000568,2014-06-06,2014-06-08,First Class,thomas-1345,Thomas Lewis,Consumer,United States,Newark,New Jersey,35070,East,OFF-FAST-1524,Office Supplies,Fasteners,"Elite Fastener Pro, Black",9.46,1,0,4.26
1196,US-2015-000569,2015-11-19,2015-11-24,Standard Class,sarah-1236,Sarah Lee,Corporate,United States,Boise,Idaho,10394,West,OFF-LABE-5981,Office Supplies,Labels,"Novimex Label Deluxe, White",29.59,3,0.1,11.19
1197,US-2015-000569,2015-11-19,2015-11-24,Standard Class,sarah-1236,Sarah Lee,Corporate,United States,Boise,Idaho,81141,West,OFF-FAST-1514,Office Supplies,Fasteners,"Staples Fastener 200 Series, White",15.88,2,0,7.15
1198,US-2015-000569,2015-11-19,2015-11-24,Standard Class,sarah-1236,Sarah Lee,Corporate,United States,Boise,Idaho,81493,West,OFF-LABE-4627,Office Supplies,Labels,"Novimex Label 100 Series, White",13.99,3,0.4,2.27
1199,US-2015-000569,2015-11-19,2015-11-24,Standard Class,sarah-1236,Sarah Lee,Corporate,United States,Boise,Idaho,73819,West,OFF-STOR-7124,Office Supplies,Storage,"Tennsco Storage Bin Deluxe, White",90.86,1,0,18.17
1200,US-2016-000570,2016-11-15,2016-11-20,Standard Class,betty-1438,Betty Anderson,Consumer,United States,Manchester,New Hampshire,99158,East,TEC-COPI-1722,Technology,Copiers,"Sharp Copier Eco, Gray",13066.76,14,0,5357.37
1201,US-2016-000570,2016-11-15,2016-11-20,Standard Class,betty-1438,Betty Anderson,Consumer,United States,Manchester,New Hampshire,61463,East,OFF-APPL-5734,Office Supplies,Appliances,"Holmes Appliance Deluxe, Black",1005.32,4,0,281.49
1202,US-2016-000571,2016-05-06,2016-05-11,Standard Class,sandra-1160,Sandra Young,Consumer,United States,Baltimore,Maryland,61271,East,OFF-STOR-9081,Office Supplies,Storage,"Fellowes Storage Bin 100 Series, Black",182.98,2,0,36.6
1203,US-2015-000572,2015-02-14,2015-02-19,Standard Class,richard-1550,Richard Williams,Consumer,United States,Nashville,Tennessee,94300,South,OFF-APPL-6041,Office Supplies,Appliances,"Holmes Appliance Deluxe, Black",218.2,1,0.1,41.46
1204,US-2015-000572,2015-02-14,2015-02-19,Standard Class,richard-1550,Richard Williams,Consumer,United States,Nashville,Tennessee,64265,South,TEC-ACCE-5002,Technology,Accessories,"Logitech Headset Pro, Black",392.0,4,0.1,117.21
1205,US-2016-000573,2016-05-31,2016-06-05,Standard Class,linda-1155,Linda Wright,Consumer,United States,Columbus,Ohio,83738,Central,OFF-APPL-5613,Office Supplies,Appliances,"Kitchex Appliance, White",1575.11,11,0.3,15.75
1206,US-2016-000573,2016-05-31,2016-06-05,Standard Class,linda-1155,Linda Wright,Consumer,United States,Columbus,Ohio,50854,Central,TEC-COPI-2437,Technology,Copiers,"Brother Copier 200 Series, Black",2580.22,4,0.2,686.34
1207,US-2015-000574,2015-01-18,2015-01-21,Second Class,john-1246,John Wright,Consumer,United States,Jackson,Mississippi,10144,South,OFF-APPL-6795,Office Supplies,Appliances,"GE Appliance Pro, White",299.92,2,0.1,56.98
1208,US-2015-000574,2015-01-18,2015-01-21,Second Class,john-1246,John Wright,Consumer,United States,Jackson,Mississippi,34779,South,TEC-COPI-6640,Technology,Copiers,"Canon Copier 100 Series, White",3640.4,4,0,1492.56
1209,US-2015-000574,2015-01-18,2015-01-21,Second Class,john-1246,John Wright,Consumer,United States,Jackson,Mississippi,74073,South,TEC-ACCE-3800,Technology,Accessories,"Belkin Headset 100 Series, Black",671.26,8,0.1,200.71
1210,US-2016-000575,2016-07-21,2016-07-24,Second Class,thomas-1602,Thomas Moore,Consumer,United States,Kansas City,Missouri,89151,Central,FUR-TABL-1824,Furniture,Tables,"Lesro Table, Gray",3773.36,8,0,-490.54
1211,US-2016-000575,2016-07-21,2016-07-24,Second Class,thomas-1602,Thomas Moore,Consumer,United States,Kansas City,Missouri,50763,Central,OFF-BIND-3532,Office Supplies,Binders,"Avery Binder Steel, Gray",103.74,7,0.5,-44.61
1212,US-2017-000576,2017-12-25,2017-12-30,Standard Class,mark-1739,Mark Rodriguez,Corporate,United States,Wichita,Kansas,27731,Central,OFF-BIND-9792,Office Supplies,Binders,"Samsung Binder Eco, Black",55.99,8,0.7,-42.22
1213,US-2016-000577,2016-12-08,2016-12-13,Standard Class,daniel-1258,Daniel Miller,Consumer,United States,Tampa,Florida,11338,South,OFF-BIND-2081,Office Supplies,Binders,"Wilson Jones Binder 100 Series, Black",226.7,10,0,86.15
1214,US-2016-000577,2016-12-08,2016-12-13,Standard Class,daniel-1258,Daniel Miller,Consumer,United States,Tampa,Florida,29565,South,OFF-APPL-1591,Office Supplies,Appliances,"Eldon Appliance 200 Series, Gray",172.25,1,0.2,17.22
1215,US-2016-000577,2016-12-08,2016-12-13,Standard Class,daniel-1258,Daniel Miller,Consumer,United States,Tampa,Florida,35424,South,OFF-ENVE-8191,Office Supplies,Envelopes,"Columbian Envelope 200 Series, Black",110.34,6,0,49.65
1216,US-2016-000577,2016-12-08,2016-12-13,Standard Class,daniel-1258,Daniel Miller,Consumer,United States,Tampa,Florida,35827,South,FUR-CHAI-7847,Furniture,Chairs,"Global Value Chair 100 Series, Black",423.07,1,0,84.61
1217,US-2016-000578,2016-10-06,2016-10-09,Second Class,elizabeth-1072,Elizabeth Anderson,Home Office,United States,Billings,Montana,86290,West,FUR-FURN-8695,Furniture,Furnishings,"Tenex Furnishing 100 Series, Multicolor",36.48,1,0.5,-0.91
1218,US-2016-000578,2016-10-06,2016-10-09,Second Class,elizabeth-1072,Elizabeth Anderson,Home Office,United States,Billings,Montana,46164,West,TEC-PHON-1477,Technology,Phones,"Samsung Phone 100 Series, Black",1097.14,6,0.2,175.54
1219,US-2016-000578,2016-10-06,2016-10-09,Second Class,elizabeth-1072,Elizabeth Anderson,Home Office,United States,Billings,Montana,25535,West,FUR-FURN-7420,Furniture,Furnishings,"Sauder Furnishing Steel, Multicolor",44.76,1,0,17.01
1220,US-2016-000578,2016-10-06,2016-10-09,Second Class,elizabeth-1072,Elizabeth Anderson,Home Office,United States,Billings,Montana,64747,West,TEC-ACCE-9209,Technology,Accessories,"Kensington Headset, Black",105.49,2,0.4,5.91
1221,US-2017-000579,2017-08-31,2017-09-05,Standard Class,elizabeth-1717,Elizabeth Lopez,Consumer,United States,Charleston,South Carolina,67800,South,OFF-SUPP-1990,Office Supplies,Supplies,"Elite Supply Kit Pro, Black",41.06,1,0.1,2.46
1222,US-2017-000579,2017-08-31,2017-09-05,Standard Class,elizabeth-1717,Elizabeth Lopez,Consumer,United States,Charleston,South Carolina,11119,South,TEC-ACCE-6016,Technology,Accessories,"Kensington Headset Deluxe, White",87.35,1,0,33.19
1223,US-2015-000580,2015-01-17,2015-01-22,Standard Class,david-1172,David Garcia,Corporate,United States,Birmingham,Alabama,55027,South,FUR-FURN-5189,Furniture,Furnishings,"Newell Furnishing 200 Series, Multicolor",44.03,1,0.3,6.03
1224,US-2015-000580,2015-01-17,2015-01-22,Standard Class,david-1172,David Garcia,Corporate,United States,Birmingham,Alabama,79967,South,OFF-PAPE-2661,Office Supplies,Paper,"Wausau Copy Paper 200 Series, Gray",28.71,3,0.5,0.43
1225,US-2015-000580,2015-01-17,2015-01-22,Standard Class,david-1172,David Garcia,Corporate,United States,Birmingham,Alabama,88747,South,TEC-MACH-7677,Technology,Machines,"Zebra Printer 100 Series, Black",525.24,1,0,26.26
1226,US-2016-000581,2016-08-16,2016-08-18,First Class,andrew-1225,Andrew Lee,Consumer,United States,Cambridge,Massachusetts,36517,East,OFF-LABE-6990,Office Supplies,Labels,"Harbour Creations Label 200 Series, White",16.54,1,0,7.44
1227,US-2016-000581,2016-08-16,2016-08-18,First Class,andrew-1225,Andrew Lee,Consumer,United States,Cambridge,Massachusetts,45007,East,FUR-CHAI-2289,Furniture,Chairs,"Global Value Chair 100 Series, White",272.91,3,0.7,-168.93
1228,US-2016-000581,2016-08-16,2016-08-18,First Class,andrew-1225,Andrew Lee,Consumer,United States,Cambridge,Massachusetts,45161,East,OFF-STOR-5400,Office Supplies,Storage,"Deflect-O Storage Bin Steel, Black",475.1,5,0,95.02
1229,US-2017-000582,2017-09-29,2017-10-04,Standard Class,matthew-1204,Matthew Thompson,Consumer,United States,New Orleans,Louisiana,33211,South,OFF-FAST-9237,Office Supplies,Fasteners,"Elite Fastener Steel, Black",25.45,5,0,11.45
1230,US-2017-000582,2017-09-29,2017-10-04,Standard Class,matthew-1204,Matthew Thompson,Consumer,United States,New Orleans,Louisiana,91046,South,OFF-PAPE-1362,Office Supplies,Paper,"Wausau Copy Paper Pro, Gray",25.94,2,0.4,2.49
1231,US-2017-000583,2017-09-30,2017-10-03,Second Class,patricia-1089,Patricia Johnson,Consumer,United States,Baltimore,Maryland,46200,East,OFF-PAPE-7505,Office Supplies,Paper,"Wausau Copy Paper Steel, Black",49.6,2,0,20.83
1232,US-2017-000583,2017-09-30,2017-10-03,Second Class,patricia-1089,Patricia Johnson,Consumer,United States,Baltimore,Maryland,47476,East,OFF-APPL-2944,Office Supplies,Appliances,"Holmes Appliance Pro, Black",231.71,2,0.5,-39.39
1233,US-2014-000584,2014-12-31,2015-01-02,First Class,william-1119,William Davis,Consumer,United States,St. Paul,Minnesota,94623,Central,FUR-CHAI-4604,Furniture,Chairs,"Office Star Chair Steel, White",447.27,1,0,89.45
1234,US-2017-000585,2017-01-05,2017-01-10,Standard Class,steven-1543,Steven White,Corporate,United States,Portland,Oregon,96238,West,OFF-STOR-2513,Office Supplies,Storage,"Carina Storage Bin Classic, Gray",70.17,1,0,14.03
1235,US-2017-000586,2017-05-17,2017-05-22,Standard Class,mary-1696,Mary Wilson,Corporate,United States,Salt Lake City,Utah,69372,West,OFF-ART-6594,Office Supplies,Art,"Binney & Smith Sketch Book Steel, Multicolor",164.29,7,0,73.93
1236,US-2017-000586,2017-05-17,2017-05-22,Standard Class,mary-1696,Mary Wilson,Corporate,United States,Salt Lake City,Utah,46525,West,OFF-APPL-7558,Office Supplies,Appliances,"Kitchex Appliance Steel, White",150.31,1,0,42.09
1237,US-2016-000587,2016-12-02,2016-12-04,First Class,betty-1025,Betty Rodriguez,Corporate,United States,Savannah,Georgia,49469,South,OFF-APPL-4052,Office Supplies,Appliances,"Eldon Appliance Eco, Black",579.96,3,0,162.39
1238,US-2016-000588,2016-05-10,2016-05-15,Standard Class,andrew-1035,Andrew Lewis,Consumer,United States,Boston,Massachusetts,92729,East,OFF-STOR-3883,Office Supplies,Storage,"Iceberg Storage Bin Steel, White",246.89,3,0.1,24.94
1239,US-2016-000588,2016-05-10,2016-05-15,Standard Class,andrew-1035,Andrew Lewis,Consumer,United States,Boston,Massachusetts,40754,East,TEC-MACH-3094,Technology,Machines,"Epson Printer Pro, Gray",776.8,1,0,38.84
1240,US-2014-000589,2014-12-16,2014-12-19,Second Class,david-1709,David Brown,Corporate,United States,Oklahoma City,Oklahoma,39106,Central,TEC-PHON-1023,Technology,Phones,"Plantronics Phone 200 Series, Black",1035.94,6,0.1,258.98
1241,US-2017-000590,2017-04-28,2017-05-03,Standard Class,james-1232,James Wright,Home Office,United States,Little Rock,Arkansas,25833,South,FUR-CHAI-2501,Furniture,Chairs,"Office Star Chair Steel, Gray",500.58,2,0,100.12
1242,US-2017-000590,2017-04-28,2017-05-03,Standard Class,james-1232,James Wright,Home Office,United States,Little Rock,Arkansas,61961,South,TEC-PHON-7244,Technology,Phones,"Samsung Phone Deluxe, Black",236.23,1,0,80.32
1243,US-2015-000591,2015-02-13,2015-02-15,First Class,karen-1504,Karen Moore,Corporate,United States,Boise,Idaho,38403,West,OFF-FAST-4281,Office Supplies,Fasteners,"Elite Fastener Classic, Black",19.84,4,0.5,1.79
1244,US-2015-000591,2015-02-13,2015-02-15,First Class,karen-1504,Karen Moore,Corporate,United States,Boise,Idaho,43261,West,OFF-APPL-9328,Office Supplies,Appliances,"Holmes Appliance 200 Series, Black",174.94,1,0.1,33.24
1245,US-2015-000591,2015-02-13,2015-02-15,First Class,karen-1504,Karen Moore,Corporate,United States,Boise,Idaho,90994,West,OFF-APPL-4016,Office Supplies,Appliances,"Honeywell Appliance 200 Series, Black",1008.14,10,0.3,10.08
1246,US-2017-000592,2017-12-23,2017-12-25,First Class,christopher-1380,Christopher Lewis,Consumer,United States,Salt Lake City,Utah,23703,West,TEC-MACH-2879,Technology,Machines,"Epson Printer 100 Series, White",2083.71,3,0,104.19
1247,US-2017-000593,2017-06-20,2017-06-22,First Class,linda-1685,Linda Thompson,Consumer,United States,St. Louis,Missouri,17515,Central,FUR-TABL-3432,Furniture,Tables,"Chromcraft Table Pro, Black",1499.04,3,0,-194.88
1248,US-2017-000593,2017-06-20,2017-06-22,First Class,linda-1685,Linda Thompson,Consumer,United States,St. Louis,Missouri,51135,Central,TEC-PHON-4755,Technology,Phones,"Panasonic Phone Steel, Gray",873.48,3,0,296.98
1249,US-2017-000593,2017-06-20,2017-06-22,First Class,linda-1685,Linda Thompson,Consumer,United States,St. Louis,Missouri,58273,Central,OFF-FAST-6923,Office Supplies,Fasteners,"Elite Fastener, Black",18.76,2,0.1,7.09
1250,US-2017-000593,2017-06-20,2017-06-22,First Class,linda-1685,Linda Thompson,Consumer,United States,St. Louis,Missouri,98242,Central,FUR-FURN-2179,Furniture,Furnishings,"Tenex Furnishing Eco, Multicolor",28.42,1,0.2,6.2
1251,US-2015-000594,2015-10-16,2015-10-21,Standard Class,nancy-1017,Nancy Martinez,Home Office,United States,Portland,Maine,43243,East,OFF-BIND-8386,Office Supplies,Binders,"Samsung Binder Pro, White",27.8,1,0,10.56
1252,US-2015-000594,2015-10-16,2015-10-21,Standard Class,nancy-1017,Nancy Martinez,Home Office,United States,Portland,Maine,75029,East,OFF-ART-1244,Office Supplies,Art,"BIC Sketch Book 200 Series, Multicolor",15.41,1,0.3,4.02
1253,US-2014-000595,2014-08-28,2014-08-31,Second Class,linda-1206,Linda Jones,Corporate,United States,Portland,Maine,73423,East,OFF-SUPP-7651,Office Supplies,Supplies,"Harbour Creations Supply Kit Classic, Black",411.6,10,0,61.74
1254,US-2014-000595,2014-08-28,2014-08-31,Second Class,linda-1206,Linda Jones,Corporate,United States,Portland,Maine,70344,East,OFF-ENVE-3160,Office Supplies,Envelopes,"Ames Envelope 200 Series, Black",22.7,2,0.2,6.95
1255,US-2017-000596,2017-11-21,2017-11-26,Standard Class,david-1486,David Miller,Home Office,United States,Salt Lake City,Utah,77174,West,OFF-BIND-4326,Office Supplies,Binders,"Samsung Binder Eco, Black",28.69,1,0,10.9
1256,US-2017-000596,2017-11-21,2017-11-26,Standard Class,david-1486,David Miller,Home Office,United States,Salt Lake City,Utah,56134,West,OFF-PAPE-3042,Office Supplies,Paper,"Southworth Copy Paper Deluxe, Black",13.04,1,0.1,4.42
1257,US-2017-000596,2017-11-21,2017-11-26,Standard Class,david-1486,David Miller,Home Office,United States,Salt Lake City,Utah,10903,West,FUR-BOOK-7195,Furniture,Bookcases,"Tennsco Bookcase Classic, Black",157.24,1,0,22.01
1258,US-2017-000597,2017-02-04,2017-02-09,Standard Class,jennifer-1430,Jennifer Williams,Consumer,United States,Manchester,New Hampshire,21669,East,TEC-ACCE-5878,Technology,Accessories,"Kensington Headset Steel, Gray",350.78,8,0.4,19.64
1259,US-2016-000598,2016-02-01,2016-02-06,Standard Class,matthew-1355,Matthew Moore,Home Office,United States,Little Rock,Arkansas,45704,South,FUR-BOOK-6783,Furniture,Bookcases,"Lesro Bookcase Deluxe, Black",229.34,1,0,32.11
1260,US-2017-000599,2017-11-20,2017-11-25,Standard Class,jennifer-1112,Jennifer Williams,Corporate,United States,Reno,Nevada,55845,West,OFF-ENVE-1811,Office Supplies,Envelopes,"Jiffy Envelope Deluxe, Gray",71.6,4,0,32.22
1261,US-2017-000599,2017-11-20,2017-11-25,Standard Class,jennifer-1112,Jennifer Williams,Corporate,United States,Reno,Nevada,90489,West,FUR-TABL-8580,Furniture,Tables,"BPI Table 200 Series, Black",268.79,1,0.3,-143.8
1262,US-2017-000599,2017-11-20,2017-11-25,Standard Class,jennifer-1112,Jennifer Williams,Corporate,United States,Reno,Nevada,42508,West,OFF-LABE-7446,Office Supplies,Labels,"Novimex Label Pro, Black",17.49,1,0.1,6.61
1263,US-2015-000600,2015-08-13,2015-08-18,Standard Class,elizabeth-1268,Elizabeth Wright,Corporate,United States,Milwaukee,Wisconsin,43880,Central,FUR-FURN-7480,Furniture,Furnishings,"Newell Furnishing 100 Series, Multicolor",109.48,2,0.1,32.73
1264,US-2017-000601,2017-08-16,2017-08-21,Standard Class,betty-1538,Betty Jackson,Consumer,United States,Billings,Montana,97689,West,OFF-PAPE-3102,Office Supplies,Paper,"Mead Copy Paper Steel, White",43.74,9,0.7,-6.43
1265,US-2017-000602,2017-10-18,2017-10-18,Same Day,jennifer-1161,Jennifer Young,Corporate,United States,Chicago,Illinois,77971,Central,TEC-COPI-3839,Technology,Copiers,"Hewlett-Packard Copier, Black",1283.59,2,0.4,156.6
1266,US-2017-000602,2017-10-18,2017-10-18,Same Day,jennifer-1161,Jennifer Young,Corporate,United States,Chicago,Illinois,26471,Central,OFF-STOR-7763,Office Supplies,Storage,"Iceberg Storage Bin Eco, Black",180.0,2,0.1,18.18
1267,US-2017-000602,2017-10-18,2017-10-18,Same Day,jennifer-1161,Jennifer Young,Corporate,United States,Chicago,Illinois,90077,Central,FUR-CHAI-1703,Furniture,Chairs,"Global Value Chair, Black",719.9,2,0,143.98
1268,US-2015-000603,2015-04-20,2015-04-25,Standard Class,linda-1028,Linda Garcia,Consumer,United States,Savannah,Georgia,86330,South,OFF-BIND-7446,Office Supplies,Binders,"GBC Binder Pro, Gray",69.24,3,0,26.31
1269,US-2015-000603,2015-04-20,2015-04-25,Standard Class,linda-1028,Linda Garcia,Consumer,United States,Savannah,Georgia,82424,South,OFF-PAPE-8049,Office Supplies,Paper,"Georgia Pacific Copy Paper, White",29.26,2,0.2,7.55
1270,US-2015-000603,2015-04-20,2015-04-25,Standard Class,linda-1028,Linda Garcia,Consumer,United States,Savannah,Georgia,81047,South,OFF-LABE-6361,Office Supplies,Labels,"Dax Label Eco, Black",12.98,1,0,5.84
1271,US-2016-000604,2016-07-22,2016-07-27,Standard Class,sarah-1209,Sarah Davis,Consumer,United States,Milwaukee,Wisconsin,49487,Central,OFF-APPL-4193,Office Supplies,Appliances,"Eldon Appliance Deluxe, Black",172.51,1,0,48.3
1272,US-2016-000604,2016-07-22,2016-07-27,Standard Class,sarah-1209,Sarah Davis,Consumer,United States,Milwaukee,Wisconsin,80815,Central,OFF-ENVE-9264,Office Supplies,Envelopes,"Quality Park Envelope Steel, Gray",38.62,3,0.2,11.82
1273,US-2017-000605,2017-06-24,2017-06-29,Standard Class,susan-1666,Susan Davis,Consumer,United States,St. Louis,Missouri,37242,Central,FUR-CHAI-8983,Furniture,Chairs,"Global Value Chair 100 Series, Black",275.57,1,0,55.11
1274,US-2017-000606,2017-07-06,2017-07-08,First Class,daniel-1233,Daniel Anderson,Consumer,United States,Sioux Falls,South Dakota,30904,Central,OFF-FAST-6543,Office Supplies,Fasteners,"Elite Fastener Steel, Black",29.66,4,0.2,9.08
1275,US-2015-000607,2015-03-11,2015-03-16,Standard Class,ashley-1156,Ashley Young,Consumer,United States,Wilmington,Delaware,67800,East,OFF-PAPE-4531,Office Supplies,Paper,"Georgia Pacific Copy Paper 100 Series, Black",20.6,1,0,8.65
1276,US-2016-000608,2016-12-17,2016-12-22,Standard Class,susan-1467,Susan Brown,Corporate,United States,New Orleans,Louisiana,94117,South,TEC-MACH-6164,Technology,Machines,"Zebra Printer Pro, Black",2529.76,4,0,126.49
1277,US-2016-000608,2016-12-17,2016-12-22,Standard Class,susan-1467,Susan Brown,Corporate,United States,New Orleans,Louisiana,32365,South,OFF-STOR-2281,Office Supplies,Storage,"Iceberg Storage Bin, White",44.67,1,0.3,-4.33
1278,US-2015-000609,2015-05-08,2015-05-13,Standard Class,susan-1733,Susan Moore,Corporate,United States,Detroit,Michigan,31419,Central,FUR-FURN-2488,Furniture,Furnishings,"Sauder Furnishing, Multicolor",114.08,2,0,43.35
1279,US-2016-000610,2016-12-07,2016-12-12,Standard Class,james-1053,James Walker,Home Office,United States,New Orleans,Louisiana,91566,South,TEC-ACCE-2664,Technology,Accessories,"SanDisk Headset Classic, White",185.7,3,0,70.57
1280,US-2016-000610,2016-12-07,2016-12-12,Standard Class,james-1053,James Walker,Home Office,United States,New Orleans,Louisiana,80363,South,OFF-ART-7329,Office Supplies,Art,"Sanford Sketch Book, Multicolor",20.04,1,0.1,7.76
1281,US-2016-000610,2016-12-07,2016-12-12,Standard Class,james-1053,James Walker,Home Office,United States,New Orleans,Louisiana,86669,South,TEC-COPI-3430,Technology,Copiers,"Hewlett-Packard Copier Classic, Black",6337.36,7,0.1,2142.03
1282,US-2017-000611,2017-04-29,2017-05-02,Second Class,kimberly-1403,Kimberly Moore,Consumer,United States,Sioux Falls,South Dakota,34420,Central,OFF-APPL-5081,Office Supplies,Appliances,"Holmes Appliance Classic, White",735.08,4,0,205.82
1283,US-2017-000611,2017-04-29,2017-05-02,Second Class,kimberly-1403,Kimberly Moore,Consumer,United States,Sioux Falls,South Dakota,82457,Central,FUR-TABL-2408,Furniture,Tables,"BPI Table 100 Series, White",805.7,2,0,-104.74
1284,US-2017-000611,2017-04-29,2017-05-02,Second Class,kimberly-1403,Kimberly Moore,Consumer,United States,Sioux Falls,South Dakota,48188,Central,TEC-ACCE-2211,Technology,Accessories,"Verbatim Headset, Black",72.49,1,0.3,9.93
1285,US-2017-000611,2017-04-29,2017-05-02,Second Class,kimberly-1403,Kimberly Moore,Consumer,United States,Sioux Falls,South Dakota,51726,Central,FUR-CHAI-6775,Furniture,Chairs,"Global Value Chair 200 Series, Black",2636.7,11,0,527.34
1286,US-2014-000612,2014-10-05,2014-10-07,First Class,emily-1179,Emily Young,Corporate,United States,Savannah,Georgia,28920,South,OFF-ENVE-3978,Office Supplies,Envelopes,"Columbian Envelope Classic, Black",10.81,1,0,4.86
1287,US-2014-000612,2014-10-05,2014-10-07,First Class,emily-1179,Emily Young,Corporate,United States,Savannah,Georgia,35599,South,FUR-TABL-7174,Furniture,Tables,"Lesro Table 200 Series, Gray",277.58,1,0.5,-223.45
1288,US-2014-000612,2014-10-05,2014-10-07,First Class,emily-1179,Emily Young,Corporate,United States,Savannah,Georgia,12428,South,FUR-BOOK-4315,Furniture,Bookcases,"Harbour Creations Bookcase Deluxe, White",214.5,2,0.4,-78.08
1289,US-2017-000613,2017-10-06,2017-10-11,Standard Class,linda-1475,Linda Scott,Corporate,United States,New York City,New York,33811,East,OFF-SUPP-2169,Office Supplies,Supplies,"Novimex Supply Kit Pro, Gray",36.16,1,0.1,2.17
1290,US-2017-000613,2017-10-06,2017-10-11,Standard Class,linda-1475,Linda Scott,Corporate,United States,New York City,New York,34247,East,OFF-SUPP-3620,Office Supplies,Supplies,"Harbour Creations Supply Kit Deluxe, Gray",34.44,1,0,5.17
1291,US-2015-000614,2015-09-12,2015-09-17,Standard Class,nancy-1367,Nancy Moore,Consumer,United States,Portland,Maine,47466,East,OFF-SUPP-3322,Office Supplies,Supplies,"Elite Supply Kit 100 Series, White",73.95,3,0,11.09
1292,US-2014-000615,2014-10-20,2014-10-25,Standard Class,elizabeth-1420,Elizabeth Wilson,Consumer,United States,Newark,New Jersey,63557,East,OFF-SUPP-5003,Office Supplies,Supplies,"Fiskars Supply Kit Steel, Black",140.0,4,0,21.0
1293,US-2016-000616,2016-10-21,2016-10-26,Standard Class,sarah-1684,Sarah Smith,Corporate,United States,Manchester,New Hampshire,94197,East,FUR-TABL-1714,Furniture,Tables,"BPI Table, Black",1155.46,2,0,-150.21
1294,US-2017-000617,2017-12-21,2017-12-26,Standard Class,linda-1008,Linda Moore,Corporate,United States,Springfield,Illinois,60891,Central,FUR-CHAI-6006,Furniture,Chairs,"Office Star Chair Eco, Gray",694.47,3,0,138.89
1295,US-2017-000618,2017-09-28,2017-10-03,Standard Class,elizabeth-1653,Elizabeth Hall,Consumer,United States,Fargo,North Dakota,38536,Central,OFF-PAPE-5616,Office Supplies,Paper,"Georgia Pacific Copy Paper Steel, White",14.27,1,0.2,3.68
1296,US-2015-000619,2015-08-10,2015-08-12,First Class,john-1625,John Green,Consumer,United States,Savannah,Georgia,38438,South,OFF-BIND-6007,Office Supplies,Binders,"Wilson Jones Binder, White",19.71,1,0,7.49
1297,US-2017-000620,2017-05-15,2017-05-20,Standard Class,susan-1750,Susan Martin,Consumer,United States,Omaha,Nebraska,12609,Central,TEC-COPI-5549,Technology,Copiers,"Hewlett-Packard Copier Steel, Gray",1844.45,3,0.2,490.62
1298,US-2017-000620,2017-05-15,2017-05-20,Standard Class,susan-1750,Susan Martin,Consumer,United States,Omaha,Nebraska,10280,Central,FUR-CHAI-7918,Furniture,Chairs,"Global Value Chair Steel, Black",1011.1,4,0.2,-34.38
1299,US-2017-000620,2017-05-15,2017-05-20,Standard Class,susan-1750,Susan Martin,Consumer,United States,Omaha,Nebraska,92813,Central,FUR-CHAI-4222,Furniture,Chairs,"HON Chair Pro, Gray",206.43,1,0,41.29
1300,US-2016-000621,2016-10-06,2016-10-11,Standard Class,david-1407,David Lopez,Corporate,United States,Sioux Falls,South Dakota,89878,Central,TEC-ACCE-3905,Technology,Accessories,"Belkin Headset Deluxe, Gray",93.46,1,0.3,12.8
1301,US-2016-000621,2016-10-06,2016-10-11,Standard Class,david-1407,David Lopez,Corporate,United States,Sioux Falls,South Dakota,81085,Central,OFF-SUPP-8924,Office Supplies,Supplies,"Fiskars Supply Kit Deluxe, Black",74.28,4,0.4,-15.6
1302,US-2017-000622,2017-04-12,2017-04-17,Standard Class,betty-1465,Betty Walker,Corporate,United States,Chicago,Illinois,39572,Central,FUR-TABL-4110,Furniture,Tables,"Bevis Table 100 Series, Black",949.34,2,0,-123.41
1303,US-2017-000623,2017-02-11,2017-02-16,Standard Class,christopher-1689,Christopher Lee,Consumer,United States,Sioux Falls,South Dakota,73214,Central,FUR-FURN-6330,Furniture,Furnishings,"Sauder Furnishing Classic, Multicolor",293.12,4,0,111.39
1304,US-2016-000624,2016-05-09,2016-05-11,First Class,john-1044,John Harris,Consumer,United States,Little Rock,Arkansas,63707,South,TEC-PHON-5052,Technology,Phones,"Apple Phone Eco, Gray",229.78,2,0,78.13
1305,US-2016-000625,2016-06-30,2016-07-03,Second Class,david-1709,David Brown,Corporate,United States,St. Paul,Minnesota,56387,Central,FUR-BOOK-7174,Furniture,Bookcases,"Sauder Bookcase Steel, Black",1733.0,10,0,242.62
1306,US-2016-000626,2016-08-21,2016-08-26,Standard Class,linda-1331,Linda Garcia,Corporate,United States,Oklahoma City,Oklahoma,92350,Central,OFF-ART-4662,Office Supplies,Art,"Sanford Sketch Book Pro, Multicolor",67.01,3,0.1,25.93
1307,US-2016-000626,2016-08-21,2016-08-26,Standard Class,linda-1331,Linda Garcia,Corporate,United States,Oklahoma City,Oklahoma,65451,Central,FUR-BOOK-3236,Furniture,Bookcases,"Lesro Bookcase Eco, Gray",345.87,2,0.1,4.84
1308,US-2016-000627,2016-09-16,2016-09-21,Standard Class,mary-1696,Mary Wilson,Corporate,United States,Omaha,Nebraska,49619,Central,OFF-LABE-2233,Office Supplies,Labels,"Harbour Creations Label Eco, White",32.85,3,0,14.78
1309,US-2016-000627,2016-09-16,2016-09-21,Standard Class,mary-1696,Mary Wilson,Corporate,United States,Omaha,Nebraska,86222,Central,FUR-TABL-4973,Furniture,Tables,"Lesro Table Classic, Black",1141.72,2,0,-148.42
1310,US-2016-000627,2016-09-16,2016-09-21,Standard Class,mary-1696,Mary Wilson,Corporate,United States,Omaha,Nebraska,89290,Central,FUR-TABL-9744,Furniture,Tables,"Lesro Table Eco, Black",446.46,1,0,-58.04
1311,US-2015-000628,2015-09-23,2015-09-28,Standard Class,linda-1032,Linda King,Consumer,United States,Raleigh,North Carolina,23681,South,OFF-SUPP-2002,Office Supplies,Supplies,"Harbour Creations Supply Kit Eco, Black",85.16,2,0,12.77
1312,US-2015-000628,2015-09-23,2015-09-28,Standard Class,linda-1032,Linda King,Consumer,United States,Raleigh,North Carolina,82230,South,OFF-ENVE-1674,Office Supplies,Envelopes,"Ames Envelope Deluxe, Black",13.85,1,0.3,3.24
1313,US-2017-000629,2017-03-15,2017-03-20,Standard Class,matthew-1355,Matthew Moore,Home Office,United States,Jackson,Mississippi,23347,South,TEC-COPI-1774,Technology,Copiers,"Brother Copier, Black",710.42,1,0.1,240.12
1314,US-2017-000629,2017-03-15,2017-03-20,Standard Class,matthew-1355,Matthew Moore,Home Office,United States,Jackson,Mississippi,84100,South,OFF-STOR-6856,Office Supplies,Storage,"Iceberg Storage Bin, Black",112.2,1,0,22.44
1315,US-2017-000629,2017-03-15,2017-03-20,Standard Class,matthew-1355,Matthew Moore,Home Office,United States,Jackson,Mississippi,95673,South,OFF-BIND-8077,Office Supplies,Binders,"GBC Binder Eco, Black",17.38,1,0.4,-4.66
1316,US-2017-000629,2017-03-15,2017-03-20,Standard Class,matthew-1355,Matthew Moore,Home Office,United States,Jackson,Mississippi,24811,South,FUR-TABL-3654,Furniture,Tables,"Chromcraft Table Classic, Black",740.01,3,0,-96.2
1317,US-2016-000630,2016-10-30,2016-11-04,Standard Class,steven-1381,Steven Jackson,Home Office,United States,Cheyenne,Wyoming,62543,West,OFF-LABE-3154,Office Supplies,Labels,"Smead Label Eco, Gray",23.26,2,0,10.47
1318,US-2017-000631,2017-06-10,2017-06-15,Standard Class,linda-1308,Linda Wilson,Consumer,United States,San Antonio,Texas,34149,Central,FUR-TABL-8146,Furniture,Tables,"Bretford Table Pro, White",4144.75,9,0.2,-1657.9
1319,US-2017-000631,2017-06-10,2017-06-15,Standard Class,linda-1308,Linda Wilson,Consumer,United States,San Antonio,Texas,13854,Central,OFF-ART-6435,Office Supplies,Art,"Binney & Smith Sketch Book, Multicolor",28.36,1,0,12.76
1320,US-2017-000631,2017-06-10,2017-06-15,Standard Class,linda-1308,Linda Wilson,Consumer,United States,San Antonio,Texas,58807,Central,OFF-FAST-8870,Office Supplies,Fasteners,"Elite Fastener Eco, White",6.25,1,0.2,1.91
1321,US-2015-000632,2015-09-23,2015-09-28,Standard Class,nancy-1237,Nancy Young,Corporate,United States,Sioux Falls,South Dakota,88111,Central,FUR-FURN-6456,Furniture,Furnishings,"Howard Miller Furnishing Eco, Multicolor",201.18,4,0.3,27.56
1322,US-2015-000632,2015-09-23,2015-09-28,Standard Class,nancy-1237,Nancy Young,Corporate,United States,Sioux Falls,South Dakota,18912,Central,FUR-CHAI-7461,Furniture,Chairs,"HON Chair Deluxe, Black",361.6,1,0,72.32
1323,US-2015-000633,2015-09-15,2015-09-20,Standard Class,elizabeth-1185,Elizabeth Clark,Consumer,United States,Providence,Rhode Island,17175,East,OFF-APPL-7653,Office Supplies,Appliances,"Honeywell Appliance 100 Series, Black",243.86,2,0,68.28
1324,US-2015-000633,2015-09-15,2015-09-20,Standard Class,elizabeth-1185,Elizabeth Clark,Consumer,United States,Providence,Rhode Island,50273,East,OFF-PAPE-6951,Office Supplies,Paper,"Xerox Copy Paper, Black",18.37,1,0,7.72
1325,US-2015-000633,2015-09-15,2015-09-20,Standard Class,elizabeth-1185,Elizabeth Clark,Consumer,United States,Providence,Rhode Island,48771,East,OFF-FAST-6998,Office Supplies,Fasteners,"Elite Fastener Deluxe, White",5.4,1,0.2,1.65
1326,US-2016-000634,2016-03-28,2016-04-02,Standard Class,patricia-1307,Patricia King,Consumer,United States,Cheyenne,Wyoming,26360,West,OFF-BIND-4790,Office Supplies,Binders,"Avery Binder Pro, Black",61.7,2,0,23.45
1327,US-2017-000635,2017-08-12,2017-08-17,Standard Class,anthony-1205,Anthony Anderson,Consumer,United States,Denver,Colorado,82726,West,TEC-MACH-2119,Technology,Machines,"Zebra Printer 200 Series, Black",533.14,1,0,26.66
1328,US-2014-000636,2014-07-02,2014-07-07,Standard Class,david-1455,David King,Consumer,United States,Cheyenne,Wyoming,24075,West,OFF-BIND-8907,Office Supplies,Binders,"Cardinal Binder Deluxe, Gray",26.91,1,0,10.23
1329,US-2014-000636,2014-07-02,2014-07-07,Standard Class,david-1455,David King,Consumer,United States,Cheyenne,Wyoming,59664,West,OFF-STOR-4080,Office Supplies,Storage,"Deflect-O Storage Bin Classic, Black",365.64,6,0,73.13
1330,US-2014-000636,2014-07-02,2014-07-07,Standard Class,david-1455,David King,Consumer,United States,Cheyenne,Wyoming,61912,West,OFF-ART-2069,Office Supplies,Art,"Prang Sketch Book Steel, Multicolor",266.04,12,0,119.72
1331,US-2015-000637,2015-06-11,2015-06-16,Standard Class,sandra-1440,Sandra Johnson,Home Office,United States,Memphis,Tennessee,99622,South,FUR-BOOK-1790,Furniture,Bookcases,"O'Donnell Bookcase 100 Series, Gray",319.46,2,0,44.72
1332,US-2015-000637,2015-06-11,2015-06-16,Standard Class,sandra-1440,Sandra Johnson,Home Office,United States,Memphis,Tennessee,32309,South,OFF-PAPE-2392,Office Supplies,Paper,"Southworth Copy Paper 100 Series, White",18.86,2,0.4,1.81
1333,US-2016-000638,2016-11-23,2016-11-26,Second Class,nancy-1753,Nancy Thompson,Consumer,United States,Indianapolis,Indiana,93246,Central,TEC-COPI-8176,Technology,Copiers,"Ricoh Copier Pro, Black",5315.04,8,0,2179.17
1334,US-2016-000638,2016-11-23,2016-11-26,Second Class,nancy-1753,Nancy Thompson,Consumer,United States,Indianapolis,Indiana,67817,Central,OFF-STOR-9492,Office Supplies,Storage,"Carina Storage Bin 200 Series, Gray",121.17,1,0,24.23
1335,US-2016-000638,2016-11-23,2016-11-26,Second Class,nancy-1753,Nancy Thompson,Consumer,United States,Indianapolis,Indiana,20742,Central,TEC-COPI-3255,Technology,Copiers,"Ricoh Copier 100 Series, Black",1246.54,2,0,511.08
1336,US-2016-000638,2016-11-23,2016-11-26,Second Class,nancy-1753,Nancy Thompson,Consumer,United States,Indianapolis,Indiana,22961,Central,TEC-COPI-9669,Technology,Copiers,"Canon Copier Pro, Black",3410.88,10,0.4,416.13
1337,US-2015-000639,2015-12-24,2015-12-27,Second Class,ashley-1084,Ashley Jackson,Corporate,United States,Richmond,Virginia,80618,South,TEC-PHON-9787,Technology,Phones,"Panasonic Phone Steel, Black",244.11,1,0,83.0
1338,US-2015-000640,2015-10-08,2015-10-10,First Class,thomas-1023,Thomas Harris,Home Office,United States,Washington,District of Columbia,58978,East,FUR-CHAI-3421,Furniture,Chairs,"SAFCO Chair Pro, White",1051.5,2,0,210.3
1339,US-2015-000640,2015-10-08,2015-10-10,First Class,thomas-1023,Thomas Harris,Home Office,United States,Washington,District of Columbia,26586,East,FUR-FURN-8613,Furniture,Furnishings,"Newell Furnishing, Multicolor",992.1,10,0,377.0
1340,US-2016-000641,2016-12-21,2016-12-26,Standard Class,robert-1124,Robert Lee,Consumer,United States,Cincinnati,Ohio,25895,Central,FUR-BOOK-8771,Furniture,Bookcases,"Sauder Bookcase 200 Series, Black",649.68,3,0,90.96
1341,US-2016-000641,2016-12-21,2016-12-26,Standard Class,robert-1124,Robert Lee,Consumer,United States,Cincinnati,Ohio,47147,Central,OFF-ENVE-1967,Office Supplies,Envelopes,"Quality Park Envelope, White",33.86,2,0,15.24
1342,US-2015-000642,2015-03-24,2015-03-29,Standard Class,steven-1351,Steven Wright,Corporate,United States,Cheyenne,Wyoming,37393,West,OFF-APPL-4555,Office Supplies,Appliances,"GE Appliance 100 Series, Gray",545.35,3,0.1,103.62
1343,US-2015-000642,2015-03-24,2015-03-29,Standard Class,steven-1351,Steven Wright,Corporate,United States,Cheyenne,Wyoming,58067,West,OFF-STOR-1116,Office Supplies,Storage,"Iceberg Storage Bin, Gray",1481.48,11,0,296.3
1344,US-2015-000642,2015-03-24,2015-03-29,Standard Class,steven-1351,Steven Wright,Corporate,United States,Cheyenne,Wyoming,73878,West,OFF-LABE-2408,Office Supplies,Labels,"Harbour Creations Label Deluxe, Gray",56.3,5,0,25.33
1345,US-2016-000643,2016-08-13,2016-08-18,Standard Class,david-1118,David Miller,Corporate,United States,Aurora,Illinois,95218,Central,FUR-CHAI-8725,Furniture,Chairs,"Global Value Chair Deluxe, Black",748.48,2,0,149.7
1346,US-2016-000643,2016-08-13,2016-08-18,Standard Class,david-1118,David Miller,Corporate,United States,Aurora,Illinois,43409,Central,OFF-SUPP-6621,Office Supplies,Supplies,"Harbour Creations Supply Kit, White",70.4,2,0,10.56
1347,US-2017-000644,2017-01-01,2017-01-01,Same Day,mary-1107,Mary Thompson,Corporate,United States,Wilmington,Delaware,10161,East,OFF-BIND-7710,Office Supplies,Binders,"Cardinal Binder Eco, White",27.75,1,0.1,6.05
1348,US-2014-000645,2014-02-10,2014-02-15,Standard Class,andrew-1429,Andrew Martinez,Corporate,United States,Jersey City,New Jersey,87592,East,FUR-TABL-5433,Furniture,Tables,"Bretford Table Eco, Black",950.67,2,0.1,-251.93
1349,US-2014-000645,2014-02-10,2014-02-15,Standard Class,andrew-1429,Andrew Martinez,Corporate,United States,Jersey City,New Jersey,89537,East,OFF-PAPE-7746,Office Supplies,Paper,"Southworth Copy Paper, White",21.1,2,0.4,2.03
1350,US-2014-000645,2014-02-10,2014-02-15,Standard Class,andrew-1429,Andrew Martinez,Corporate,United States,Jersey City,New Jersey,69552,East,FUR-BOOK-3836,Furniture,Bookcases,"Harbour Creations Bookcase 200 Series, Gray",258.71,1,0.1,3.62
1351,US-2017-000646,2017-03-27,2017-04-01,Standard Class,sarah-1723,Sarah Rodriguez,Corporate,United States,Boulder,Colorado,83394,West,OFF-APPL-8430,Office Supplies,Appliances,"GE Appliance 100 Series, Black",134.59,1,0.1,25.57
1352,US-2017-000646,2017-03-27,2017-04-01,Standard Class,sarah-1723,Sarah Rodriguez,Corporate,United States,Boulder,Colorado,37298,West,FUR-TABL-5439,Furniture,Tables,"Bevis Table Steel, Gray",393.63,1,0,-51.17
1353,US-2017-000646,2017-03-27,2017-04-01,Standard Class,sarah-1723,Sarah Rodriguez,Corporate,United States,Boulder,Colorado,39157,West,TEC-PHON-9310,Technology,Phones,"Plantronics Phone 100 Series, Black",157.93,2,0.5,-17.37
1354,US-2017-000646,2017-03-27,2017-04-01,Standard Class,sarah-1723,Sarah Rodriguez,Corporate,United States,Boulder,Colorado,11105,West,OFF-ENVE-5652,Office Supplies,Envelopes,"Columbian Envelope Steel, White",78.95,5,0,35.53
1355,US-2015-000647,2015-02-18,2015-02-21,Second Class,betty-1136,Betty Harris,Home Office,United States,Eugene,Oregon,46635,West,OFF-FAST-4811,Office Supplies,Fasteners,"OIC Fastener 200 Series, Gray",30.56,4,0,13.75
1356,US-2015-000647,2015-02-18,2015-02-21,Second Class,betty-1136,Betty Harris,Home Office,United States,Eugene,Oregon,45667,West,FUR-FURN-9105,Furniture,Furnishings,"Eldon Furnishing, Multicolor",175.29,3,0.3,24.01
1357,US-2015-000647,2015-02-18,2015-02-21,Second Class,betty-1136,Betty Harris,Home Office,United States,Eugene,Oregon,91447,West,FUR-TABL-3614,Furniture,Tables,"Chromcraft Table Deluxe, Black",6835.08,14,0,-888.56
1358,US-2015-000647,2015-02-18,2015-02-21,Second Class,betty-1136,Betty Harris,Home Office,United States,Eugene,Oregon,71030,West,TEC-MACH-2618,Technology,Machines,"Zebra Printer Eco, Gray",792.25,1,0,39.61
1359,US-2016-000648,2016-07-31,2016-08-05,Standard Class,betty-1399,Betty Young,Home Office,United States,Memphis,Tennessee,98271,South,FUR-FURN-3361,Furniture,Furnishings,"Tenex Furnishing Eco, Multicolor",89.09,1,0.1,26.64
1360,US-2014-000649,2014-06-08,2014-06-13,Standard Class,thomas-1391,Thomas Lee,Consumer,United States,Fargo,North Dakota,29851,Central,FUR-CHAI-3446,Furniture,Chairs,"Office Star Chair, White",995.04,3,0,199.01
1361,US-2014-000649,2014-06-08,2014-06-13,Standard Class,thomas-1391,Thomas Lee,Consumer,United States,Fargo,North Dakota,63644,Central,FUR-CHAI-4873,Furniture,Chairs,"HON Chair Pro, Black",1576.05,5,0,315.21
1362,US-2016-000650,2016-09-28,2016-10-03,Standard Class,emily-1098,Emily Hall,Home Office,United States,Omaha,Nebraska,69176,Central,FUR-BOOK-4542,Furniture,Bookcases,"O'Donnell Bookcase Classic, White",770.68,4,0,107.9
1363,US-2016-000650,2016-09-28,2016-10-03,Standard Class,emily-1098,Emily Hall,Home Office,United States,Omaha,Nebraska,71947,Central,OFF-ART-2788,Office Supplies,Art,"Newell Sketch Book 100 Series, Multicolor",19.53,1,0.2,6.33
1364,US-2016-000650,2016-09-28,2016-10-03,Standard Class,emily-1098,Emily Hall,Home Office,United States,Omaha,Nebraska,43278,Central,FUR-FURN-3335,Furniture,Furnishings,"Tenex Furnishing Classic, Multicolor",51.63,1,0,19.62
1365,US-2016-000650,2016-09-28,2016-10-03,Standard Class,emily-1098,Emily Hall,Home Office,United States,Omaha,Nebraska,10825,Central,OFF-PAPE-2832,Office Supplies,Paper,"Wausau Copy Paper Steel, White",21.63,1,0,9.08
1366,US-2016-000651,2016-03-19,2016-03-21,First Class,patricia-1416,Patricia Hall,Corporate,United States,Seattle,Washington,54869,West,OFF-LABE-6907,Office Supplies,Labels,"Dax Label 200 Series, Black",16.86,3,0,7.59
1367,US-2016-000651,2016-03-19,2016-03-21,First Class,patricia-1416,Patricia Hall,Corporate,United States,Seattle,Washington,86460,West,OFF-ART-2348,Office Supplies,Art,"Newell Sketch Book Eco, Multicolor",16.61,1,0.2,5.38
1368,US-2016-000651,2016-03-19,2016-03-21,First Class,patricia-1416,Patricia Hall,Corporate,United States,Seattle,Washington,65138,West,OFF-FAST-8773,Office Supplies,Fasteners,"Staples Fastener Classic, White",3.94,1,0.1,1.49
1369,US-2016-000652,2016-11-12,2016-11-17,Standard Class,mary-1096,Mary Harris,Home Office,United States,Phoenix,Arizona,55975,West,TEC-COPI-1394,Technology,Copiers,"Ricoh Copier Eco, Gray",656.34,1,0.1,221.84
1370,US-2014-000653,2014-10-10,2014-10-13,Second Class,mary-1108,Mary Walker,Consumer,United States,Springfield,Illinois,47426,Central,FUR-FURN-9855,Furniture,Furnishings,"Howard Miller Furnishing Steel, Multicolor",125.37,7,0.8,-33.6
1371,US-2017-000654,2017-08-25,2017-08-30,Standard Class,sarah-1569,Sarah Garcia,Consumer,United States,Little Rock,Arkansas,21610,South,FUR-CHAI-6111,Furniture,Chairs,"HON Chair Eco, Black",287.66,1,0.1,23.88
1372,US-2017-000654,2017-08-25,2017-08-30,Standard Class,sarah-1569,Sarah Garcia,Consumer,United States,Little Rock,Arkansas,67303,South,FUR-TABL-9039,Furniture,Tables,"Chromcraft Table, Black",2199.48,6,0,-285.93
1373,US-2015-000655,2015-08-16,2015-08-21,Standard Class,william-1584,William Davis,Consumer,United States,Washington,District of Columbia,76083,East,OFF-APPL-4775,Office Supplies,Appliances,"Holmes Appliance Pro, Black",68.11,1,0.5,-11.58
1374,US-2015-000655,2015-08-16,2015-08-21,Standard Class,william-1584,William Davis,Consumer,United States,Washington,District of Columbia,34575,East,OFF-ART-9647,Office Supplies,Art,"Binney & Smith Sketch Book Deluxe, Multicolor",48.08,2,0,21.64
1375,US-2015-000655,2015-08-16,2015-08-21,Standard Class,william-1584,William Davis,Consumer,United States,Washington,District of Columbia,57092,East,OFF-APPL-2080,Office Supplies,Appliances,"Eldon Appliance 200 Series, White",420.81,4,0.3,4.21
1376,US-2015-000655,2015-08-16,2015-08-21,Standard Class,william-1584,William Davis,Consumer,United States,Washington,District of Columbia,59402,East,OFF-PAPE-4568,Office Supplies,Paper,"Xerox Copy Paper Deluxe, Black",10.79,1,0.1,3.66
1377,US-2015-000656,2015-05-30,2015-06-04,Standard Class,daniel-1731,Daniel Johnson,Corporate,United States,Columbia,South Carolina,22104,South,FUR-BOOK-2987,Furniture,Bookcases,"O'Donnell Bookcase 100 Series, Black",379.15,2,0.3,-90.24
1378,US-2014-000657,2014-11-29,2014-12-02,Second Class,susan-1467,Susan Brown,Corporate,United States,Washington,District of Columbia,81777,East,OFF-SUPP-5918,Office Supplies,Supplies,"Acme Supply Kit Pro, Gray",31.65,1,0.3,-3.8
1379,US-2014-000657,2014-11-29,2014-12-02,Second Class,susan-1467,Susan Brown,Corporate,United States,Washington,District of Columbia,77509,East,TEC-ACCE-7365,Technology,Accessories,"Kensington Headset Eco, Black",42.73,1,0.7,-7.99
1380,US-2015-000658,2015-07-12,2015-07-15,Second Class,linda-1444,Linda Harris,Consumer,United States,Columbus,Ohio,58416,Central,TEC-COPI-9575,Technology,Copiers,"Canon Copier 100 Series, White",1963.55,3,0.1,663.68
1381,US-2017-000659,2017-05-25,2017-05-27,First Class,lisa-1018,Lisa Scott,Home Office,United States,Cambridge,Massachusetts,59161,East,FUR-FURN-6307,Furniture,Furnishings,"Newell Furnishing Deluxe, Multicolor",269.0,4,0,102.22
1382,US-2017-000659,2017-05-25,2017-05-27,First Class,lisa-1018,Lisa Scott,Home Office,United States,Cambridge,Massachusetts,17676,East,OFF-FAST-7626,Office Supplies,Fasteners,"Staples Fastener Eco, Black",11.01,1,0,4.95
1383,US-2016-000660,2016-07-22,2016-07-24,First Class,kimberly-1659,Kimberly Martin,Home Office,United States,Hartford,Connecticut,10148,East,FUR-FURN-3257,Furniture,Furnishings,"Sauder Furnishing 200 Series, Multicolor",118.39,3,0.2,25.81
1384,US-2016-000660,2016-07-22,2016-07-24,First Class,kimberly-1659,Kimberly Martin,Home Office,United States,Hartford,Connecticut,52568,East,OFF-APPL-1551,Office Supplies,Appliances,"GE Appliance 200 Series, Gray",170.66,1,0,47.78
1385,US-2016-000660,2016-07-22,2016-07-24,First Class,kimberly-1659,Kimberly Martin,Home Office,United States,Hartford,Connecticut,12281,East,OFF-APPL-6873,Office Supplies,Appliances,"GE Appliance Deluxe, White",40.2,1,0.8,-17.69
1386,US-2014-000661,2014-02-10,2014-02-10,Same Day,elizabeth-1634,Elizabeth Garcia,Home Office,United States,Springfield,Illinois,55345,Central,OFF-PAPE-7859,Office Supplies,Paper,"Xerox Copy Paper 100 Series, Gray",25.73,5,0.7,-3.78
1387,US-2014-000661,2014-02-10,2014-02-10,Same Day,elizabeth-1634,Elizabeth Garcia,Home Office,United States,Springfield,Illinois,17050,Central,FUR-BOOK-2874,Furniture,Bookcases,"Tennsco Bookcase Steel, White",651.0,3,0,91.14
1388,US-2017-000662,2017-03-17,2017-03-22,Standard Class,james-1130,James Clark,Corporate,United States,Portland,Maine,39412,East,FUR-BOOK-1188,Furniture,Bookcases,"Tennsco Bookcase Pro, Black",392.85,2,0.2,-44.0
1389,US-2015-000663,2015-06-14,2015-06-16,First Class,thomas-1047,Thomas Martin,Consumer,United States,Minneapolis,Minnesota,92041,Central,TEC-ACCE-7272,Technology,Accessories,"Belkin Headset Eco, White",310.95,3,0,118.16
1390,US-2015-000663,2015-06-14,2015-06-16,First Class,thomas-1047,Thomas Martin,Consumer,United States,Minneapolis,Minnesota,20889,Central,OFF-BIND-3439,Office Supplies,Binders,"Cardinal Binder Classic, Black",14.31,1,0.5,-6.15
1391,US-2015-000663,2015-06-14,2015-06-16,First Class,thomas-1047,Thomas Martin,Consumer,United States,Minneapolis,Minnesota,61674,Central,TEC-MACH-3673,Technology,Machines,"Panasonic Printer 200 Series, Gray",1452.12,4,0.5,-907.57
1392,US-2015-000663,2015-06-14,2015-06-16,First Class,thomas-1047,Thomas Martin,Consumer,United States,Minneapolis,Minnesota,62454,Central,TEC-COPI-7853,Technology,Copiers,"Canon Copier Steel, White",950.71,1,0.1,321.34
1393,US-2015-000664,2015-07-11,2015-07-13,First Class,linda-1636,Linda Jones,Consumer,United States,Tulsa,Oklahoma,11972,Central,OFF-FAST-8754,Office Supplies,Fasteners,"Harbour Creations Fastener Eco, Black",9.37,1,0,4.22
1394,US-2015-000664,2015-07-11,2015-07-13,First Class,linda-1636,Linda Jones,Consumer,United States,Tulsa,Oklahoma,29081,Central,FUR-CHAI-9360,Furniture,Chairs,"Office Star Chair 100 Series, Black",136.36,2,0.8,-100.36
1395,US-2014-000665,2014-11-04,2014-11-09,Standard Class,matthew-1278,Matthew Rodriguez,Corporate,United States,Jersey City,New Jersey,56699,East,OFF-SUPP-2809,Office Supplies,Supplies,"Novimex Supply Kit 200 Series, Black",29.33,1,0.1,1.76
1396,US-2014-000665,2014-11-04,2014-11-09,Standard Class,matthew-1278,Matthew Rodriguez,Corporate,United States,Jersey City,New Jersey,46230,East,OFF-ART-3819,Office Supplies,Art,"Sanford Sketch Book Eco, Multicolor",14.92,1,0,6.71
1397,US-2014-000665,2014-11-04,2014-11-09,Standard Class,matthew-1278,Matthew Rodriguez,Corporate,United States,Jersey City,New Jersey,42648,East,OFF-LABE-2656,Office Supplies,Labels,"Avery Label 100 Series, Gray",54.85,5,0,24.68
1398,US-2015-000666,2015-05-06,2015-05-11,Standard Class,susan-1693,Susan Davis,Corporate,United States,Providence,Rhode Island,63105,East,OFF-ART-7877,Office Supplies,Art,"Binney & Smith Sketch Book Eco, Multicolor",8.57,2,0.8,-0.46
1399,US-2015-000666,2015-05-06,2015-05-11,Standard Class,susan-1693,Susan Davis,Corporate,United States,Providence,Rhode Island,96051,East,OFF-FAST-2611,Office Supplies,Fasteners,"OIC Fastener Pro, Gray",11.16,1,0,5.02
1400,US-2015-000666,2015-05-06,2015-05-11,Standard Class,susan-1693,Susan Davis,Corporate,United States,Providence,Rhode Island,79192,East,OFF-FAST-5049,Office Supplies,Fasteners,"OIC Fastener 200 Series, White",24.88,2,0,11.2
1401,US-2015-000667,2015-05-16,2015-05-21,Standard Class,matthew-1730,Matthew Wilson,Consumer,United States,Hartford,Connecticut,16488,East,OFF-ART-2720,Office Supplies,Art,"Binney & Smith Sketch Book Deluxe, Multicolor",42.77,3,0.1,16.55
1402,US-2014-000668,2014-04-22,2014-04-27,Standard Class,michael-1304,Michael Miller,Corporate,United States,Wichita,Kansas,60850,Central,TEC-MACH-7798,Technology,Machines,"Cubify Printer Classic, Black",1350.53,4,0.4,-661.76
1403,US-2014-000668,2014-04-22,2014-04-27,Standard Class,michael-1304,Michael Miller,Corporate,United States,Wichita,Kansas,78667,Central,OFF-APPL-9312,Office Supplies,Appliances,"Honeywell Appliance, Black",455.52,3,0,127.55
1404,US-2014-000668,2014-04-22,2014-04-27,Standard Class,michael-1304,Michael Miller,Corporate,United States,Wichita,Kansas,54263,Central,OFF-PAPE-2973,Office Supplies,Paper,"Wausau Copy Paper, Black",286.9,10,0,120.5
1405,US-2014-000669,2014-01-21,2014-01-24,Second Class,john-1479,John Scott,Consumer,United States,Burlington,Vermont,36582,East,TEC-ACCE-1450,Technology,Accessories,"Logitech Headset Steel, Gray",309.7,5,0,117.69
1406,US-2014-000669,2014-01-21,2014-01-24,Second Class,john-1479,John Scott,Consumer,United States,Burlington,Vermont,15285,East,OFF-SUPP-9034,Office Supplies,Supplies,"Elite Supply Kit Classic, Gray",67.93,2,0.3,-8.15
1407,US-2016-000670,2016-05-18,2016-05-23,Standard Class,susan-1666,Susan Davis,Consumer,United States,Memphis,Tennessee,60126,South,OFF-BIND-3658,Office Supplies,Binders,"GBC Binder 200 Series, White",79.6,3,0.1,17.35
1408,US-2016-000670,2016-05-18,2016-05-23,Standard Class,susan-1666,Susan Davis,Consumer,United States,Memphis,Tennessee,56729,South,OFF-STOR-7527,Office Supplies,Storage,"Deflect-O Storage Bin Eco, White",337.68,5,0.1,34.11
1409,US-2016-000670,2016-05-18,2016-05-23,Standard Class,susan-1666,Susan Davis,Consumer,United States,Memphis,Tennessee,28618,South,FUR-FURN-5028,Furniture,Furnishings,"Tenex Furnishing 100 Series, Multicolor",284.72,3,0.1,85.13
1410,US-2014-000671,2014-08-27,2014-08-29,First Class,david-1118,David Miller,Corporate,United States,Jackson,Mississippi,95037,South,FUR-BOOK-4564,Furniture,Bookcases,"Lesro Bookcase, Black",99.14,1,0.5,-48.58
1411,US-2014-000671,2014-08-27,2014-08-29,First Class,david-1118,David Miller,Corporate,United States,Jackson,Mississippi,47822,South,TEC-PHON-5621,Technology,Phones,"Panasonic Phone 200 Series, Gray",586.33,4,0.1,146.58
1412,US-2016-000672,2016-07-11,2016-07-16,Standard Class,john-1067,John Clark,Consumer,United States,Phoenix,Arizona,58274,West,TEC-ACCE-1253,Technology,Accessories,"Verbatim Headset 100 Series, Black",73.31,1,0,27.86
1413,US-2016-000672,2016-07-11,2016-07-16,Standard Class,john-1067,John Clark,Consumer,United States,Phoenix,Arizona,62990,West,FUR-FURN-6975,Furniture,Furnishings,"Tenex Furnishing Classic, Multicolor",214.92,4,0.1,64.26
1414,US-2016-000672,2016-07-11,2016-07-16,Standard Class,john-1067,John Clark,Consumer,United States,Phoenix,Arizona,12239,West,OFF-ENVE-4812,Office Supplies,Envelopes,"Columbian Envelope Pro, Black",4.97,1,0,2.24
1415,US-2016-000672,2016-07-11,2016-07-16,Standard Class,john-1067,John Clark,Consumer,United States,Phoenix,Arizona,65639,West,FUR-TABL-7891,Furniture,Tables,"Bretford Table Classic, Black",3330.99,13,0.1,-882.71
1416,US-2017-000673,2017-07-22,2017-07-27,Standard Class,linda-1483,Linda Wright,Consumer,United States,Boulder,Colorado,58774,West,FUR-TABL-8357,Furniture,Tables,"BPI Table 100 Series, White",491.57,1,0,-63.9
1417,US-2017-000673,2017-07-22,2017-07-27,Standard Class,linda-1483,Linda Wright,Consumer,United States,Boulder,Colorado,88455,West,TEC-MACH-6592,Technology,Machines,"Zebra Printer 100 Series, Black",590.82,1,0.2,-129.98
1418,US-2017-000673,2017-07-22,2017-07-27,Standard Class,linda-1483,Linda Wright,Consumer,United States,Boulder,Colorado,58472,West,TEC-COPI-7280,Technology,Copiers,"Hewlett-Packard Copier Deluxe, Black",675.52,1,0,276.96
1419,US-2016-000674,2016-03-29,2016-04-03,Standard Class,steven-1366,Steven Smith,Corporate,United States,Pittsburgh,Pennsylvania,40131,East,FUR-CHAI-3007,Furniture,Chairs,"Harbour Creations Chair Classic, Black",322.38,5,0.8,-237.27
1420,US-2016-000674,2016-03-29,2016-04-03,Standard Class,steven-1366,Steven Smith,Corporate,United States,Pittsburgh,Pennsylvania,12091,East,TEC-MACH-2600,Technology,Machines,"Cubify Printer Deluxe, Black",463.92,1,0,23.2
1421,US-2015-000675,2015-08-10,2015-08-13,Second Class,linda-1308,Linda Wilson,Consumer,United States,Indianapolis,Indiana,69097,Central,OFF-SUPP-3830,Office Supplies,Supplies,"Acme Supply Kit 200 Series, Black",42.53,4,0.7,-20.41
1422,US-2015-000675,2015-08-10,2015-08-13,Second Class,linda-1308,Linda Wilson,Consumer,United States,Indianapolis,Indiana,27840,Central,OFF-ART-1748,Office Supplies,Art,"Prang Sketch Book Eco, Multicolor",51.3,2,0,23.08
1423,US-2015-000675,2015-08-10,2015-08-13,Second Class,linda-1308,Linda Wilson,Consumer,United States,Indianapolis,Indiana,37296,Central,FUR-BOOK-4389,Furniture,Bookcases,"Lesro Bookcase Steel, Black",1151.95,9,0.5,-564.46
1424,US-2016-000676,2016-10-01,2016-10-04,Second Class,susan-1687,Susan Williams,Home Office,United States,Cheyenne,Wyoming,40844,West,TEC-PHON-3889,Technology,Phones,"Cisco Phone Deluxe, Black",176.2,1,0,59.91
1425,US-2016-000676,2016-10-01,2016-10-04,Second Class,susan-1687,Susan Williams,Home Office,United States,Cheyenne,Wyoming,20985,West,OFF-FAST-1416,Office Supplies,Fasteners,"OIC Fastener Pro, Gray",29.43,3,0,13.24
1426,US-2017-000677,2017-11-13,2017-11-16,Second Class,linda-1460,Linda Wright,Corporate,United States,Little Rock,Arkansas,54434,South,OFF-PAPE-1946,Office Supplies,Paper,"Georgia Pacific Copy Paper Classic, Gray",140.63,7,0,59.06
1427,US-2015-000678,2015-10-19,2015-10-24,Standard Class,matthew-1078,Matthew Johnson,Consumer,United States,Providence,Rhode Island,17817,East,OFF-FAST-8812,Office Supplies,Fasteners,"Advantus Fastener 200 Series, Black",20.28,2,0,9.13
1428,US-2015-000678,2015-10-19,2015-10-24,Standard Class,matthew-1078,Matthew Johnson,Consumer,United States,Providence,Rhode Island,70921,East,OFF-ART-8899,Office Supplies,Art,"Newell Sketch Book 200 Series, Multicolor",13.96,1,0.2,4.52
1429,US-2015-000678,2015-10-19,2015-10-24,Standard Class,matthew-1078,Matthew Johnson,Consumer,United States,Providence,Rhode Island,58753,East,OFF-STOR-2977,Office Supplies,Storage,"Deflect-O Storage Bin Steel, White",58.35,1,0.4,-11.44
1430,US-2014-000679,2014-10-14,2014-10-19,Standard Class,lisa-1565,Lisa Johnson,Consumer,United States,Charleston,South Carolina,64161,South,FUR-TABL-4396,Furniture,Tables,"Lesro Table, Gray",251.53,1,0.4,-168.53
1431,US-2017-000680,2017-05-13,2017-05-18,Standard Class,robert-1272,Robert Martin,Corporate,United States,Virginia Beach,Virginia,20537,South,FUR-CHAI-2170,Furniture,Chairs,"Office Star Chair, Black",1614.31,7,0.3,-243.76
1432,US-2017-000680,2017-05-13,2017-05-18,Standard Class,robert-1272,Robert Martin,Corporate,United States,Virginia Beach,Virginia,35990,South,OFF-SUPP-1644,Office Supplies,Supplies,"Fiskars Supply Kit Classic, Gray",204.3,9,0,30.65
1433,US-2017-000680,2017-05-13,2017-05-18,Standard Class,robert-1272,Robert Martin,Corporate,United States,Virginia Beach,Virginia,67747,South,OFF-BIND-8517,Office Supplies,Binders,"Wilson Jones Binder Steel, Black",198.96,8,0,75.6
1434,US-2015-000681,2015-01-05,2015-01-07,First Class,susan-1454,Susan Martin,Consumer,United States,Little Rock,Arkansas,90712,South,OFF-ENVE-7515,Office Supplies,Envelopes,"Southworth Envelope, White",9.32,1,0.4,1.51
1435,US-2016-000682,2016-07-21,2016-07-26,Standard Class,mark-1618,Mark Lopez,Corporate,United States,Phoenix,Arizona,83822,West,TEC-MACH-3622,Technology,Machines,"Epson Printer 100 Series, White",357.2,2,0.7,-319.69
1436,US-2016-000682,2016-07-21,2016-07-26,Standard Class,mark-1618,Mark Lopez,Corporate,United States,Phoenix,Arizona,69457,West,TEC-ACCE-8052,Technology,Accessories,"Logitech Headset 200 Series, White",232.89,3,0.3,31.91
1437,US-2016-000682,2016-07-21,2016-07-26,Standard Class,mark-1618,Mark Lopez,Corporate,United States,Phoenix,Arizona,86859,West,OFF-ART-6831,Office Supplies,Art,"Prang Sketch Book Eco, Multicolor",165.18,11,0.2,53.52
1438,US-2015-000683,2015-11-29,2015-12-04,Standard Class,matthew-1000,Matthew Brown,Consumer,United States,Indianapolis,Indiana,23538,Central,TEC-MACH-1355,Technology,Machines,"Canon Printer Steel, Black",1014.75,2,0.1,-86.25
1439,US-2015-000684,2015-01-25,2015-01-28,Second Class,richard-1190,Richard Lee,Home Office,United States,Pittsburgh,Pennsylvania,55679,East,OFF-ENVE-5579,Office Supplies,Envelopes,"Southworth Envelope, Black",19.38,2,0.4,3.14
1440,US-2015-000684,2015-01-25,2015-01-28,Second Class,richard-1190,Richard Lee,Home Office,United States,Pittsburgh,Pennsylvania,15340,East,OFF-BIND-3839,Office Supplies,Binders,"Wilson Jones Binder Deluxe, Black",28.95,1,0,11.0
1441,US-2015-000684,2015-01-25,2015-01-28,Second Class,richard-1190,Richard Lee,Home Office,United States,Pittsburgh,Pennsylvania,99516,East,OFF-APPL-6636,Office Supplies,Appliances,"Honeywell Appliance Pro, White",480.06,3,0,134.42
1442,US-2015-000684,2015-01-25,2015-01-28,Second Class,richard-1190,Richard Lee,Home Office,United States,Pittsburgh,Pennsylvania,91761,East,FUR-CHAI-9262,Furniture,Chairs,"Global Value Chair Steel, Gray",87.74,1,0.2,-2.98
1443,US-2015-000685,2015-03-01,2015-03-06,Standard Class,sandra-1252,Sandra Lee,Consumer,United States,Charleston,South Carolina,85994,South,FUR-BOOK-3006,Furniture,Bookcases,"Tennsco Bookcase Deluxe, Black",2055.3,10,0,287.74
1444,US-2014-000686,2014-10-21,2014-10-26,Standard Class,kimberly-1508,Kimberly Clark,Corporate,United States,Charleston,South Carolina,94007,South,OFF-STOR-2074,Office Supplies,Storage,"Tennsco Storage Bin 200 Series, White",234.09,3,0.3,-22.71
1445,US-2014-000686,2014-10-21,2014-10-26,Standard Class,kimberly-1508,Kimberly Clark,Corporate,United States,Charleston,South Carolina,61843,South,FUR-FURN-8342,Furniture,Furnishings,"Sauder Furnishing Deluxe, Multicolor",76.96,1,0,29.24
1446,US-2014-000687,2014-09-17,2014-09-19,First Class,mark-1739,Mark Rodriguez,Corporate,United States,Charleston,South Carolina,23486,South,OFF-FAST-3476,Office Supplies,Fasteners,"Elite Fastener Pro, Gray",71.36,8,0,32.11
1447,US-2014-000687,2014-09-17,2014-09-19,First Class,mark-1739,Mark Rodriguez,Corporate,United States,Charleston,South Carolina,79868,South,OFF-APPL-2973,Office Supplies,Appliances,"Eldon Appliance Steel, Black",897.6,4,0,251.33
1448,US-2014-000687,2014-09-17,2014-09-19,First Class,mark-1739,Mark Rodriguez,Corporate,United States,Charleston,South Carolina,56378,South,OFF-FAST-5431,Office Supplies,Fasteners,"Staples Fastener 200 Series, Black",9.43,1,0,4.24
1449,US-2015-000688,2015-11-02,2015-11-07,Standard Class,jennifer-1277,Jennifer Walker,Corporate,United States,Newark,New Jersey,26627,East,OFF-LABE-9477,Office Supplies,Labels,"Dax Label, White",28.81,3,0.1,10.89
1450,US-2015-000688,2015-11-02,2015-11-07,Standard Class,jennifer-1277,Jennifer Walker,Corporate,United States,Newark,New Jersey,92351,East,OFF-STOR-3512,Office Supplies,Storage,"Tennsco Storage Bin 200 Series, Gray",57.84,1,0.3,-5.61
1451,US-2017-000689,2017-05-17,2017-05-22,Standard Class,christopher-1552,Christopher Miller,Consumer,United States,Cincinnati,Ohio,40734,Central,FUR-BOOK-9071,Furniture,Bookcases,"Tennsco Bookcase Classic, Black",165.4,2,0.5,-81.05
1452,US-2017-000689,2017-05-17,2017-05-22,Standard Class,christopher-1552,Christopher Miller,Consumer,United States,Cincinnati,Ohio,17493,Central,OFF-ART-6804,Office Supplies,Art,"Prang Sketch Book Steel, Multicolor",18.39,1,0.3,4.8
1453,US-2017-000689,2017-05-17,2017-05-22,Standard Class,christopher-1552,Christopher Miller,Consumer,United States,Cincinnati,Ohio,53719,Central,OFF-ART-9894,Office Supplies,Art,"Sanford Sketch Book Classic, Multicolor",46.37,3,0.4,9.18
1454,US-2017-000689,2017-05-17,2017-05-22,Standard Class,christopher-1552,Christopher Miller,Consumer,United States,Cincinnati,Ohio,72630,Central,TEC-PHON-9871,Technology,Phones,"Panasonic Phone Deluxe, Black",1032.66,5,0.1,258.17
1455,US-2016-000690,2016-01-02,2016-01-07,Standard Class,william-1598,William Jones,Consumer,United States,Raleigh,North Carolina,79899,South,OFF-PAPE-7419,Office Supplies,Paper,"Wausau Copy Paper 100 Series, Black",15.59,1,0.2,4.02
1456,US-2015-000691,2015-08-15,2015-08-17,First Class,john-1421,John Davis,Corporate,United States,Cambridge,Massachusetts,84676,East,FUR-FURN-5025,Furniture,Furnishings,"Howard Miller Furnishing 200 Series, Multicolor",664.64,8,0,252.56
1457,US-2015-000691,2015-08-15,2015-08-17,First Class,john-1421,John Davis,Corporate,United States,Cambridge,Massachusetts,68116,East,OFF-ART-1220,Office Supplies,Art,"Prang Sketch Book, Multicolor",40.49,3,0.3,10.57
1458,US-2016-000692,2016-02-15,2016-02-20,Standard Class,betty-1488,Betty Miller,Corporate,United States,Milwaukee,Wisconsin,80615,Central,FUR-FURN-4598,Furniture,Furnishings,"Eldon Furnishing 100 Series, Multicolor",45.79,1,0.2,9.98
1459,US-2016-000693,2016-10-16,2016-10-21,Standard Class,david-1305,David Walker,Corporate,United States,Des Moines,Iowa,62460,Central,OFF-SUPP-7879,Office Supplies,Supplies,"Acme Supply Kit, Gray",42.28,1,0,6.34
1460,US-2016-000693,2016-10-16,2016-10-21,Standard Class,david-1305,David Walker,Corporate,United States,Des Moines,Iowa,78908,Central,FUR-TABL-8766,Furniture,Tables,"Lesro Table, Gray",965.16,2,0,-125.47
1461,US-2014-000694,2014-03-03,2014-03-08,Standard Class,elizabeth-1474,Elizabeth Jackson,Consumer,United States,Richmond,Virginia,90901,South,TEC-ACCE-2823,Technology,Accessories,"Belkin Headset Deluxe, Black",675.54,6,0,256.71
1462,US-2017-000695,2017-11-22,2017-11-27,Standard Class,matthew-1204,Matthew Thompson,Consumer,United States,Albuquerque,New Mexico,78598,West,OFF-LABE-8532,Office Supplies,Labels,"Avery Label Deluxe, Black",17.48,2,0.4,2.83
1463,US-2017-000696,2017-07-25,2017-07-25,Same Day,karen-1563,Karen Martin,Corporate,United States,Oklahoma City,Oklahoma,50325,Central,TEC-MACH-3825,Technology,Machines,"Zebra Printer Deluxe, Black",702.85,1,0,35.14
1464,US-2017-000696,2017-07-25,2017-07-25,Same Day,karen-1563,Karen Martin,Corporate,United States,Oklahoma City,Oklahoma,53941,Central,OFF-FAST-9129,Office Supplies,Fasteners,"Staples Fastener 100 Series, Black",7.9,1,0,3.55
1465,US-2017-000696,2017-07-25,2017-07-25,Same Day,karen-1563,Karen Martin,Corporate,United States,Oklahoma City,Oklahoma,80264,Central,OFF-BIND-5186,Office Supplies,Binders,"Samsung Binder Steel, Black",135.2,4,0,51.38
1466,US-2015-000697,2015-11-24,2015-11-29,Standard Class,mary-1140,Mary Smith,Consumer,United States,Jackson,Mississippi,88070,South,OFF-BIND-5361,Office Supplies,Binders,"Samsung Binder Steel, Black",14.2,1,0.5,-6.11
1467,US-2015-000697,2015-11-24,2015-11-29,Standard Class,mary-1140,Mary Smith,Consumer,United States,Jackson,Mississippi,52112,South,OFF-PAPE-6127,Office Supplies,Paper,"Southworth Copy Paper Pro, Black",178.2,9,0,74.84
1468,US-2017-000698,2017-06-29,2017-07-04,Standard Class,andrew-1225,Andrew Lee,Consumer,United States,Wichita,Kansas,78492,Central,OFF-LABE-2537,Office Supplies,Labels,"Harbour Creations Label Steel, Black",14.34,2,0.5,1.29
1469,US-2017-000698,2017-06-29,2017-07-04,Standard Class,andrew-1225,Andrew Lee,Consumer,United States,Wichita,Kansas,56060,Central,OFF-FAST-8488,Office Supplies,Fasteners,"Staples Fastener Deluxe, Black",33.26,4,0.3,7.78
1470,US-2017-000699,2017-08-17,2017-08-20,Second Class,kimberly-1424,Kimberly Anderson,Corporate,United States,Des Moines,Iowa,77834,Central,OFF-ENVE-7025,Office Supplies,Envelopes,"Quality Park Envelope 100 Series, Gray",16.55,1,0,7.45
1471,US-2017-000699,2017-08-17,2017-08-20,Second Class,kimberly-1424,Kimberly Anderson,Corporate,United States,Des Moines,Iowa,50379,Central,FUR-CHAI-8418,Furniture,Chairs,"HON Chair 200 Series, Black",927.68,4,0.2,-31.54
1472,US-2015-000700,2015-12-15,2015-12-18,Second Class,richard-1241,Richard Walker,Consumer,United States,Baton Rouge,Louisiana,42198,South,OFF-PAPE-5062,Office Supplies,Paper,"Xerox Copy Paper Deluxe, Black",123.19,8,0.1,41.76
1473,US-2015-000700,2015-12-15,2015-12-18,Second Class,richard-1241,Richard Walker,Consumer,United States,Baton Rouge,Louisiana,25761,South,OFF-BIND-8914,Office Supplies,Binders,"Avery Binder Steel, Gray",12.06,1,0.4,-3.23
1474,US-2016-000701,2016-07-18,2016-07-23,Standard Class,ashley-1752,Ashley Jackson,Consumer,United States,Virginia Beach,Virginia,38578,South,OFF-FAST-9386,Office Supplies,Fasteners,"OIC Fastener, Black",32.22,3,0,14.5
1475,US-2016-000701,2016-07-18,2016-07-23,Standard Class,ashley-1752,Ashley Jackson,Consumer,United States,Virginia Beach,Virginia,77507,South,TEC-PHON-7344,Technology,Phones,"Panasonic Phone, Black",140.91,1,0.3,9.86
1476,US-2016-000701,2016-07-18,2016-07-23,Standard Class,ashley-1752,Ashley Jackson,Consumer,United States,Virginia Beach,Virginia,12872,South,TEC-PHON-1394,Technology,Phones,"Cisco Phone Steel, White",3418.74,13,0,1162.37
1477,US-2016-000702,2016-08-17,2016-08-22,Standard Class,john-1120,John Clark,Corporate,United States,Cheyenne,Wyoming,31347,West,TEC-ACCE-8254,Technology,Accessories,"Logitech Headset Steel, Black",216.34,2,0,82.21
1478,US-2016-000702,2016-08-17,2016-08-22,Standard Class,john-1120,John Clark,Corporate,United States,Cheyenne,Wyoming,84272,West,FUR-BOOK-3905,Furniture,Bookcases,"Lesro Bookcase Deluxe, Gray",607.88,3,0.1,8.51
1479,US-2017-000703,2017-08-23,2017-08-28,Standard Class,linda-1238,Linda Jackson,Consumer,United States,Des Moines,Iowa,80198,Central,FUR-BOOK-6045,Furniture,Bookcases,"Harbour Creations Bookcase Steel, White",613.44,3,0.1,8.59
1480,US-2017-000703,2017-08-23,2017-08-28,Standard Class,linda-1238,Linda Jackson,Consumer,United States,Des Moines,Iowa,12527,Central,OFF-ENVE-6354,Office Supplies,Envelopes,"Ames Envelope Deluxe, Black",170.1,12,0.1,64.3
1481,US-2017-000703,2017-08-23,2017-08-28,Standard Class,linda-1238,Linda Jackson,Consumer,United States,Des Moines,Iowa,80597,Central,FUR-TABL-7857,Furniture,Tables,"Bretford Table Pro, Black",5835.44,13,0,-758.61
1482,US-2017-000703,2017-08-23,2017-08-28,Standard Class,linda-1238,Linda Jackson,Consumer,United States,Des Moines,Iowa,45594,Central,TEC-COPI-7027,Technology,Copiers,"Hewlett-Packard Copier, Black",2574.81,3,0,1055.67
1483,US-2017-000704,2017-03-13,2017-03-18,Standard Class,steven-1251,Steven Williams,Consumer,United States,Tacoma,Washington,94004,West,FUR-FURN-7787,Furniture,Furnishings,"Tenex Furnishing 100 Series, Multicolor",127.87,2,0.1,38.23
1484,US-2017-000704,2017-03-13,2017-03-18,Standard Class,steven-1251,Steven Williams,Consumer,United States,Tacoma,Washington,16791,West,OFF-FAST-6631,Office Supplies,Fasteners,"Advantus Fastener 100 Series, Gray",42.43,6,0.2,12.98
1485,US-2017-000704,2017-03-13,2017-03-18,Standard Class,steven-1251,Steven Williams,Consumer,United States,Tacoma,Washington,25000,West,FUR-TABL-3325,Furniture,Tables,"Lesro Table Eco, Gray",584.08,1,0.2,-233.63
1486,US-2017-000705,2017-12-06,2017-12-08,First Class,david-1305,David Walker,Corporate,United States,San Antonio,Texas,62706,Central,TEC-PHON-9480,Technology,Phones,"Plantronics Phone, Gray",1446.96,6,0,491.97
1487,US-2014-000706,2014-12-19,2014-12-22,Second Class,kimberly-1424,Kimberly Anderson,Corporate,United States,Manchester,New Hampshire,84049,East,OFF-LABE-1494,Office Supplies,Labels,"Novimex Label Pro, White",8.53,1,0,3.84
1488,US-2014-000706,2014-12-19,2014-12-22,Second Class,kimberly-1424,Kimberly Anderson,Corporate,United States,Manchester,New Hampshire,65442,East,OFF-ART-2455,Office Supplies,Art,"BIC Sketch Book Eco, Multicolor",19.52,1,0.1,7.55
1489,US-2014-000706,2014-12-19,2014-12-22,Second Class,kimberly-1424,Kimberly Anderson,Corporate,United States,Manchester,New Hampshire,27495,East,FUR-TABL-2805,Furniture,Tables,"Chromcraft Table Steel, Black",930.9,2,0,-121.02
1490,US-2017-000707,2017-07-05,2017-07-08,Second Class,emily-1122,Emily Williams,Consumer,United States,Des Moines,Iowa,92604,Central,TEC-ACCE-5597,Technology,Accessories,"Belkin Headset Eco, Black",96.81,1,0.1,28.95
1491,US-2017-000707,2017-07-05,2017-07-08,Second Class,emily-1122,Emily Williams,Consumer,United States,Des Moines,Iowa,11436,Central,OFF-ART-9551,Office Supplies,Art,"Sanford Sketch Book Pro, Multicolor",88.05,3,0,39.62
1492,US-2017-000707,2017-07-05,2017-07-08,Second Class,emily-1122,Emily Williams,Consumer,United States,Des Moines,Iowa,21800,Central,OFF-LABE-3659,Office Supplies,Labels,"Dax Label Eco, White",16.0,2,0,7.2
1493,US-2017-000708,2017-10-24,2017-10-29,Standard Class,sarah-1228,Sarah Taylor,Consumer,United States,Des Moines,Iowa,27284,Central,OFF-FAST-7636,Office Supplies,Fasteners,"Harbour Creations Fastener Classic, Gray",6.79,1,0,3.06
1494,US-2017-000709,2017-10-01,2017-10-03,First Class,christopher-1384,Christopher Walker,Home Office,United States,St. Louis,Missouri,20376,Central,OFF-LABE-6814,Office Supplies,Labels,"Avery Label Pro, Black",38.24,4,0,17.21
1495,US-2017-000709,2017-10-01,2017-10-03,First Class,christopher-1384,Christopher Walker,Home Office,United States,St. Louis,Missouri,29251,Central,TEC-COPI-1266,Technology,Copiers,"Brother Copier Eco, Gray",4220.9,5,0,1730.57
1496,US-2017-000709,2017-10-01,2017-10-03,First Class,christopher-1384,Christopher Walker,Home Office,United States,St. Louis,Missouri,62438,Central,FUR-TABL-9165,Furniture,Tables,"Bretford Table Classic, Black",347.1,1,0.5,-279.42
1497,US-2017-000709,2017-10-01,2017-10-03,First Class,christopher-1384,Christopher Walker,Home Office,United States,St. Louis,Missouri,79330,Central,TEC-ACCE-3083,Technology,Accessories,"Belkin Headset Deluxe, Black",67.07,1,0.2,14.62
1498,US-2017-000710,2017-09-16,2017-09-19,Second Class,mark-1051,Mark Harris,Consumer,United States,Nashville,Tennessee,69469,South,OFF-ART-1181,Office Supplies,Art,"BIC Sketch Book 200 Series, Multicolor",50.18,2,0,22.58
1499,US-2017-000710,2017-09-16,2017-09-19,Second Class,mark-1051,Mark Harris,Consumer,United States,Nashville,Tennessee,30228,South,TEC-ACCE-6648,Technology,Accessories,"Belkin Headset Deluxe, Black",1643.44,12,0.1,491.39
1500,US-2015-000711,2015-05-29,2015-05-31,First Class,elizabeth-1566,Elizabeth Miller,Corporate,United States,Washington,District of Columbia,25915,East,TEC-PHON-8388,Technology,Phones,"Cisco Phone Classic, White",851.55,5,0,289.53
1501,US-2015-000711,2015-05-29,2015-05-31,First Class,elizabeth-1566,Elizabeth Miller,Corporate,United States,Washington,District of Columbia,89053,East,OFF-ENVE-1800,Office Supplies,Envelopes,"Jiffy Envelope 200 Series, Gray",12.19,1,0,5.49
1502,US-2016-000712,2016-06-23,2016-06-23,Same Day,anthony-1613,Anthony Williams,Consumer,United States,Orlando,Florida,71134,South,FUR-BOOK-5744,Furniture,Bookcases,"O'Donnell Bookcase 100 Series, Black",508.01,3,0.1,7.11
1503,US-2016-000712,2016-06-23,2016-06-23,Same Day,anthony-1613,Anthony Williams,Consumer,United States,Orlando,Florida,38538,South,OFF-SUPP-5996,Office Supplies,Supplies,"Fiskars Supply Kit 100 Series, Gray",302.62,6,0.1,18.16
1504,US-2015-000713,2015-08-16,2015-08-21,Standard Class,robert-1528,Robert King,Consumer,United States,Portland,Maine,48945,East,TEC-MACH-9849,Technology,Machines,"Epson Printer, Black",413.58,1,0.1,-35.15
1505,US-2015-000713,2015-08-16,2015-08-21,Standard Class,robert-1528,Robert King,Consumer,United States,Portland,Maine,33941,East,OFF-ART-1186,Office Supplies,Art,"Newell Sketch Book Eco, Multicolor",28.88,1,0,13.0
1506,US-2015-000713,2015-08-16,2015-08-21,Standard Class,robert-1528,Robert King,Consumer,United States,Portland,Maine,23410,East,OFF-ENVE-1507,Office Supplies,Envelopes,"Jiffy Envelope Deluxe, White",23.67,2,0.1,8.95
1507,US-2015-000713,2015-08-16,2015-08-21,Standard Class,robert-1528,Robert King,Consumer,United States,Portland,Maine,14451,East,OFF-FAST-3049,Office Supplies,Fasteners,"Harbour Creations Fastener Steel, Gray",32.18,11,0.7,-1.74
1508,US-2016-000714,2016-01-08,2016-01-11,Second Class,sarah-1004,Sarah Johnson,Consumer,United States,Jacksonville,Florida,72953,South,FUR-BOOK-7701,Furniture,Bookcases,"Lesro Bookcase Steel, Black",193.18,2,0.1,2.7
1509,US-2014-000715,2014-10-26,2014-10-31,Standard Class,steven-1230,Steven Taylor,Consumer,United States,Philadelphia,Pennsylvania,55825,East,OFF-SUPP-1849,Office Supplies,Supplies,"Acme Supply Kit, Black",17.03,2,0.8,-9.71
1510,US-2014-000715,2014-10-26,2014-10-31,Standard Class,steven-1230,Steven Taylor,Consumer,United States,Philadelphia,Pennsylvania,53716,East,FUR-CHAI-2411,Furniture,Chairs,"Global Value Chair Steel, Gray",298.58,1,0,59.72
1511,US-2016-000716,2016-09-10,2016-09-15,Standard Class,lisa-1198,Lisa Lopez,Consumer,United States,Jersey City,New Jersey,74669,East,OFF-ART-5506,Office Supplies,Art,"Sanford Sketch Book Eco, Multicolor",98.35,6,0.2,31.87
1512,US-2017-000717,2017-11-15,2017-11-15,Same Day,elizabeth-1131,Elizabeth Green,Corporate,United States,Tucson,Arizona,71764,West,FUR-BOOK-6265,Furniture,Bookcases,"Lesro Bookcase Steel, Black",1086.56,4,0,152.12
1513,US-2017-000717,2017-11-15,2017-11-15,Same Day,elizabeth-1131,Elizabeth Green,Corporate,United States,Tucson,Arizona,20284,West,FUR-CHAI-2471,Furniture,Chairs,"Harbour Creations Chair Pro, Black",218.47,1,0.1,18.13
1514,US-2017-000717,2017-11-15,2017-11-15,Same Day,elizabeth-1131,Elizabeth Green,Corporate,United States,Tucson,Arizona,56402,West,OFF-FAST-4155,Office Supplies,Fasteners,"Staples Fastener Steel, White",25.65,5,0.1,9.7
1515,US-2017-000717,2017-11-15,2017-11-15,Same Day,elizabeth-1131,Elizabeth Green,Corporate,United States,Tucson,Arizona,45554,West,TEC-PHON-6674,Technology,Phones,"Apple Phone Pro, White",1330.32,4,0,452.31
1516,US-2016-000718,2016-12-16,2016-12-21,Standard Class,james-1682,James Harris,Consumer,United States,Cleveland,Ohio,11652,Central,TEC-MACH-5670,Technology,Machines,"Cubify Printer, Black",548.45,1,0.3,-194.7
1517,US-2016-000718,2016-12-16,2016-12-21,Standard Class,james-1682,James Harris,Consumer,United States,Cleveland,Ohio,29610,Central,OFF-LABE-2920,Office Supplies,Labels,"Smead Label Eco, Gray",125.32,13,0.2,38.35
1518,US-2014-000719,2014-03-31,2014-04-03,Second Class,thomas-1391,Thomas Lee,Consumer,United States,Charleston,South Carolina,12758,South,FUR-CHAI-9912,Furniture,Chairs,"Global Value Chair Pro, Gray",143.84,1,0.7,-89.04
1519,US-2014-000719,2014-03-31,2014-04-03,Second Class,thomas-1391,Thomas Lee,Consumer,United States,Charleston,South Carolina,47026,South,TEC-COPI-3483,Technology,Copiers,"Ricoh Copier, Black",523.33,1,0.4,63.85
1520,US-2014-000719,2014-03-31,2014-04-03,Second Class,thomas-1391,Thomas Lee,Consumer,United States,Charleston,South Carolina,34888,South,TEC-ACCE-4337,Technology,Accessories,"Verbatim Headset Deluxe, White",190.94,2,0,72.56
1521,US-2016-000720,2016-09-28,2016-09-30,First Class,ashley-1269,Ashley Brown,Corporate,United States,Rochester,New York,99064,East,TEC-ACCE-9283,Technology,Accessories,"Kensington Headset, Gray",271.06,2,0,103.0
1522,US-2016-000720,2016-09-28,2016-09-30,First Class,ashley-1269,Ashley Brown,Corporate,United States,Rochester,New York,39145,East,FUR-TABL-9861,Furniture,Tables,"Chromcraft Table 100 Series, Gray",407.07,3,0.7,-437.6
1523,US-2016-000720,2016-09-28,2016-09-30,First Class,ashley-1269,Ashley Brown,Corporate,United States,Rochester,New York,82555,East,FUR-FURN-3379,Furniture,Furnishings,"Eldon Furnishing Deluxe, Multicolor",292.45,5,0.1,87.44
1524,US-2016-000720,2016-09-28,2016-09-30,First Class,ashley-1269,Ashley Brown,Corporate,United States,Rochester,New York,25638,East,OFF-PAPE-6618,Office Supplies,Paper,"Mead Copy Paper, Black",38.46,2,0,16.15
1525,US-2015-000721,2015-01-03,2015-01-06,Second Class,mark-1231,Mark Thompson,Home Office,United States,Burlington,Vermont,98987,East,OFF-FAST-5854,Office Supplies,Fasteners,"Staples Fastener Eco, Black",35.93,4,0.1,13.58
1526,US-2015-000721,2015-01-03,2015-01-06,Second Class,mark-1231,Mark Thompson,Home Office,United States,Burlington,Vermont,85012,East,OFF-APPL-8271,Office Supplies,Appliances,"Holmes Appliance 100 Series, White",281.6,4,0.3,2.82
1527,US-2015-000722,2015-10-11,2015-10-13,First Class,matthew-1278,Matthew Rodriguez,Corporate,United States,Jackson,Mississippi,11784,South,OFF-APPL-5066,Office Supplies,Appliances,"GE Appliance 200 Series, Black",691.84,4,0,193.72
1528,US-2015-000722,2015-10-11,2015-10-13,First Class,matthew-1278,Matthew Rodriguez,Corporate,United States,Jackson,Mississippi,82814,South,OFF-APPL-9759,Office Supplies,Appliances,"GE Appliance 100 Series, Black",177.02,1,0,49.57
1529,US-2015-000722,2015-10-11,2015-10-13,First Class,matthew-1278,Matthew Rodriguez,Corporate,United States,Jackson,Mississippi,41288,South,TEC-COPI-7361,Technology,Copiers,"Canon Copier Deluxe, White",8302.48,8,0,3404.02
1530,US-2015-000722,2015-10-11,2015-10-13,First Class,matthew-1278,Matthew Rodriguez,Corporate,United States,Jackson,Mississippi,94801,South,TEC-ACCE-1721,Technology,Accessories,"Logitech Headset Pro, Black",198.77,2,0.1,59.43
1531,US-2016-000723,2016-11-02,2016-11-07,Standard Class,linda-1008,Linda Moore,Corporate,United States,Wilmington,Delaware,89733,East,FUR-CHAI-3701,Furniture,Chairs,"Harbour Creations Chair 100 Series, Black",1179.52,4,0,235.9
1532,US-2015-000724,2015-06-20,2015-06-25,Standard Class,matthew-1204,Matthew Thompson,Consumer,United States,Des Moines,Iowa,15636,Central,OFF-STOR-4058,Office Supplies,Storage,"Iceberg Storage Bin 100 Series, White",232.44,3,0.1,23.48
1533,US-2015-000724,2015-06-20,2015-06-25,Standard Class,matthew-1204,Matthew Thompson,Consumer,United States,Des Moines,Iowa,15747,Central,OFF-APPL-9077,Office Supplies,Appliances,"GE Appliance Pro, Gray",83.53,1,0.5,-14.2
1534,US-2015-000724,2015-06-20,2015-06-25,Standard Class,matthew-1204,Matthew Thompson,Consumer,United States,Des Moines,Iowa,92657,Central,OFF-PAPE-5674,Office Supplies,Paper,"Wausau Copy Paper Eco, White",21.18,1,0.1,7.18
1535,US-2016-000725,2016-09-16,2016-09-21,Standard Class,karen-1358,Karen Wilson,Consumer,United States,Fargo,North Dakota,90810,Central,OFF-LABE-7654,Office Supplies,Labels,"Smead Label Steel, Black",12.7,1,0,5.71
1536,US-2016-000725,2016-09-16,2016-09-21,Standard Class,karen-1358,Karen Wilson,Consumer,United States,Fargo,North Dakota,23442,Central,TEC-MACH-7674,Technology,Machines,"Cubify Printer Pro, Black",345.58,1,0.3,-122.68
1537,US-2016-000725,2016-09-16,2016-09-21,Standard Class,karen-1358,Karen Wilson,Consumer,United States,Fargo,North Dakota,65260,Central,TEC-ACCE-9876,Technology,Accessories,"Belkin Headset Eco, Black",183.52,2,0,69.74
1538,US-2017-000726,2017-09-13,2017-09-16,Second Class,john-1134,John Rodriguez,Consumer,United States,Cambridge,Massachusetts,67832,East,TEC-PHON-2163,Technology,Phones,"Panasonic Phone, Black",340.98,1,0,115.93
1539,US-2017-000727,2017-11-07,2017-11-12,Standard Class,mary-1096,Mary Harris,Home Office,United States,Kansas City,Missouri,44780,Central,FUR-CHAI-3936,Furniture,Chairs,"SAFCO Chair 200 Series, Black",321.85,1,0,64.37
1540,US-2017-000727,2017-11-07,2017-11-12,Standard Class,mary-1096,Mary Harris,Home Office,United States,Kansas City,Missouri,71282,Central,FUR-CHAI-6986,Furniture,Chairs,"Office Star Chair Eco, Black",1147.65,3,0,229.53
1541,US-2016-000728,2016-09-01,2016-09-03,First Class,steven-1471,Steven Moore,Home Office,United States,Cincinnati,Ohio,26130,Central,TEC-PHON-8122,Technology,Phones,"Plantronics Phone Steel, Gray",1258.08,6,0,427.75
1542,US-2016-000729,2016-07-26,2016-07-31,Standard Class,david-1330,David Clark,Consumer,United States,Albuquerque,New Mexico,72688,West,TEC-COPI-7131,Technology,Copiers,"Sharp Copier, White",977.67,1,0,400.84
1543,US-2016-000729,2016-07-26,2016-07-31,Standard Class,david-1330,David Clark,Consumer,United States,Albuquerque,New Mexico,74078,West,TEC-MACH-5003,Technology,Machines,"Cubify Printer Eco, Gray",632.21,1,0,31.61
1544,US-2016-000729,2016-07-26,2016-07-31,Standard Class,david-1330,David Clark,Consumer,United States,Albuquerque,New Mexico,27467,West,OFF-ENVE-3353,Office Supplies,Envelopes,"Columbian Envelope Deluxe, Gray",23.42,2,0.2,7.17
1545,US-2016-000730,2016-01-12,2016-01-17,Standard Class,richard-1190,Richard Lee,Home Office,United States,Manchester,New Hampshire,39339,East,OFF-SUPP-4061,Office Supplies,Supplies,"Harbour Creations Supply Kit Steel, Black",91.25,2,0.2,-2.74
1546,US-2016-000730,2016-01-12,2016-01-17,Standard Class,richard-1190,Richard Lee,Home Office,United States,Manchester,New Hampshire,42947,East,OFF-PAPE-3239,Office Supplies,Paper,"Southworth Copy Paper, Black",13.76,1,0.1,4.66
1547,US-2016-000730,2016-01-12,2016-01-17,Standard Class,richard-1190,Richard Lee,Home Office,United States,Manchester,New Hampshire,48919,East,FUR-BOOK-4094,Furniture,Bookcases,"O'Donnell Bookcase Steel, Black",858.5,5,0,120.19
1548,US-2016-000731,2016-05-11,2016-05-13,First Class,robert-1605,Robert White,Corporate,United States,Fargo,North Dakota,60988,Central,TEC-MACH-2377,Technology,Machines,"Canon Printer Pro, Black",608.4,1,0,30.42
1549,US-2016-000732,2016-10-03,2016-10-08,Standard Class,mary-1564,Mary Davis,Consumer,United States,Phoenix,Arizona,26815,West,OFF-SUPP-4497,Office Supplies,Supplies,"Elite Supply Kit Deluxe, White",243.56,4,0,36.53
1550,US-2016-000732,2016-10-03,2016-10-08,Standard Class,mary-1564,Mary Davis,Consumer,United States,Phoenix,Arizona,76353,West,TEC-MACH-8649,Technology,Machines,"Panasonic Printer Classic, Black",5491.98,9,0,274.6
1551,US-2016-000732,2016-10-03,2016-10-08,Standard Class,mary-1564,Mary Davis,Consumer,United States,Phoenix,Arizona,59605,West,FUR-CHAI-5894,Furniture,Chairs,"Office Star Chair Steel, White",2050.0,5,0,410.0
1552,US-2017-000733,2017-05-17,2017-05-22,Standard Class,john-1320,John Young,Corporate,United States,Raleigh,North Carolina,94936,South,FUR-CHAI-1878,Furniture,Chairs,"Office Star Chair Eco, Black",643.9,2,0,128.78
1553,US-2017-000734,2017-11-11,2017-11-16,Standard Class,john-1421,John Davis,Corporate,United States,Hartford,Connecticut,73492,East,OFF-PAPE-4422,Office Supplies,Paper,"Mead Copy Paper Classic, Black",173.45,8,0.1,58.8
1554,US-2017-000734,2017-11-11,2017-11-16,Standard Class,john-1421,John Davis,Corporate,United States,Hartford,Connecticut,91294,East,OFF-FAST-5221,Office Supplies,Fasteners,"Harbour Creations Fastener 100 Series, Gray",15.53,2,0.1,5.87
1555,US-2014-000735,2014-03-02,2014-03-07,Standard Class,thomas-1719,Thomas White,Corporate,United States,Boise,Idaho,23218,West,TEC-ACCE-3089,Technology,Accessories,"SanDisk Headset Deluxe, Black",63.83,1,0,24.26
1556,US-2014-000735,2014-03-02,2014-03-07,Standard Class,thomas-1719,Thomas White,Corporate,United States,Boise,Idaho,54491,West,OFF-ART-2709,Office Supplies,Art,"Prang Sketch Book 100 Series, Multicolor",16.49,1,0,7.42
1557,US-2015-000736,2015-04-27,2015-04-30,Second Class,lisa-1716,Lisa King,Consumer,United States,Philadelphia,Pennsylvania,93490,East,OFF-ART-9700,Office Supplies,Art,"Newell Sketch Book Deluxe, Multicolor",80.4,4,0,36.18
1558,US-2015-000736,2015-04-27,2015-04-30,Second Class,lisa-1716,Lisa King,Consumer,United States,Philadelphia,Pennsylvania,18417,East,OFF-ART-8554,Office Supplies,Art,"Sanford Sketch Book Steel, Multicolor",98.46,4,0.1,38.1
1559,US-2014-000737,2014-11-10,2014-11-15,Standard Class,nancy-1658,Nancy Green,Consumer,United States,Sioux Falls,South Dakota,85437,Central,OFF-LABE-9555,Office Supplies,Labels,"Avery Label Steel, Black",44.03,4,0.2,13.47
1560,US-2014-000737,2014-11-10,2014-11-15,Standard Class,nancy-1658,Nancy Green,Consumer,United States,Sioux Falls,South Dakota,45523,Central,OFF-STOR-8660,Office Supplies,Storage,"Deflect-O Storage Bin Eco, Gray",131.46,2,0.3,-12.75
1561,US-2015-000738,2015-09-20,2015-09-25,Standard Class,susan-1454,Susan Martin,Consumer,United States,Wilmington,Delaware,81173,East,OFF-BIND-1060,Office Supplies,Binders,"Samsung Binder Deluxe, Gray",62.7,2,0,23.83
1562,US-2015-000738,2015-09-20,2015-09-25,Standard Class,susan-1454,Susan Martin,Consumer,United States,Wilmington,Delaware,64880,East,FUR-CHAI-7835,Furniture,Chairs,"Harbour Creations Chair 200 Series, Black",882.4,2,0,176.48
1563,US-2015-000738,2015-09-20,2015-09-25,Standard Class,susan-1454,Susan Martin,Consumer,United States,Wilmington,Delaware,52268,East,OFF-PAPE-8366,Office Supplies,Paper,"Wausau Copy Paper Pro, White",4.47,1,0.5,0.07
1564,US-2017-000739,2017-08-29,2017-09-03,Standard Class,christopher-1176,Christopher Brown,Consumer,United States,Memphis,Tennessee,48165,South,FUR-CHAI-6530,Furniture,Chairs,"Office Star Chair Classic, Gray",1122.62,5,0.3,-169.52
1565,US-2015-000740,2015-09-21,2015-09-26,Standard Class,jennifer-1262,Jennifer Martinez,Consumer,United States,St. Paul,Minnesota,77183,Central,TEC-MACH-3354,Technology,Machines,"Canon Printer, Gray",479.6,1,0,23.98
1566,US-2015-000740,2015-09-21,2015-09-26,Standard Class,jennifer-1262,Jennifer Martinez,Consumer,United States,St. Paul,Minnesota,15975,Central,OFF-ENVE-1686,Office Supplies,Envelopes,"Jiffy Envelope Classic, White",161.1,10,0,72.49
1567,US-2017-000741,2017-08-21,2017-08-26,Standard Class,karen-1274,Karen Brown,Consumer,United States,Atlanta,Georgia,46436,South,OFF-ART-1794,Office Supplies,Art,"Binney & Smith Sketch Book Pro, Multicolor",13.02,2,0.7,0.12
1568,US-2017-000741,2017-08-21,2017-08-26,Standard Class,karen-1274,Karen Brown,Consumer,United States,Atlanta,Georgia,18679,South,FUR-FURN-1198,Furniture,Furnishings,"Howard Miller Furnishing Eco, Multicolor",177.27,3,0,67.36
1569,US-2015-000742,2015-10-08,2015-10-13,Standard Class,susan-1275,Susan Harris,Home Office,United States,Columbus,Ohio,76774,Central,TEC-PHON-6206,Technology,Phones,"Apple Phone Eco, White",251.09,1,0,85.37
1570,US-2015-000742,2015-10-08,2015-10-13,Standard Class,susan-1275,Susan Harris,Home Office,United States,Columbus,Ohio,54143,Central,FUR-BOOK-9163,Furniture,Bookcases,"Harbour Creations Bookcase Pro, Gray",240.28,2,0.1,3.36
1571,US-2016-000743,2016-07-19,2016-07-22,Second Class,andrew-1442,Andrew Martinez,Corporate,United States,San Francisco,California,90023,West,OFF-APPL-2474,Office Supplies,Appliances,"Eldon Appliance Deluxe, Black",352.58,2,0.1,66.99
1572,US-2017-000744,2017-07-06,2017-07-11,Standard Class,ashley-1195,Ashley Scott,Home Office,United States,Minneapolis,Minnesota,24901,Central,TEC-COPI-5680,Technology,Copiers,"Sharp Copier Classic, White",1324.45,3,0.5,66.22
1573,US-2016-000745,2016-11-30,2016-11-30,Same Day,linda-1435,Linda Anderson,Corporate,United States,Washington,District of Columbia,94068,East,OFF-ART-9206,Office Supplies,Art,"Newell Sketch Book, Multicolor",40.98,2,0,18.44
1574,US-2016-000745,2016-11-30,2016-11-30,Same Day,linda-1435,Linda Anderson,Corporate,United States,Washington,District of Columbia,66278,East,TEC-PHON-2737,Technology,Phones,"Cisco Phone Eco, White",421.26,3,0,143.23
1575,US-2016-000745,2016-11-30,2016-11-30,Same Day,linda-1435,Linda Anderson,Corporate,United States,Washington,District of Columbia,68125,East,FUR-BOOK-5586,Furniture,Bookcases,"Tennsco Bookcase Steel, Black",209.56,2,0,29.34
1576,US-2015-000746,2015-03-01,2015-03-04,Second Class,karen-1412,Karen Wright,Corporate,United States,Richmond,Virginia,21840,South,FUR-FURN-9677,Furniture,Furnishings,"Newell Furnishing 100 Series, Multicolor",475.52,8,0.2,103.66
1577,US-2015-000746,2015-03-01,2015-03-04,Second Class,karen-1412,Karen Wright,Corporate,United States,Richmond,Virginia,81927,South,TEC-COPI-5831,Technology,Copiers,"Ricoh Copier 200 Series, Gray",5054.75,5,0,2072.45
1578,US-2016-000747,2016-09-14,2016-09-19,Standard Class,jennifer-1430,Jennifer Williams,Consumer,United States,Atlanta,Georgia,32448,South,OFF-ENVE-8377,Office Supplies,Envelopes,"Quality Park Envelope 100 Series, Gray",10.43,1,0,4.69
1579,US-2016-000747,2016-09-14,2016-09-19,Standard Class,jennifer-1430,Jennifer Williams,Consumer,United States,Atlanta,Georgia,81062,South,OFF-ENVE-1588,Office Supplies,Envelopes,"Quality Park Envelope, Gray",114.4,11,0.2,35.01
1580,US-2016-000747,2016-09-14,2016-09-19,Standard Class,jennifer-1430,Jennifer Williams,Consumer,United States,Atlanta,Georgia,68350,South,TEC-COPI-8635,Technology,Copiers,"Canon Copier Eco, Gray",4177.92,4,0,1712.95
1581,US-2015-000748,2015-10-31,2015-11-05,Standard Class,christopher-1505,Christopher Thompson,Consumer,United States,Burlington,Vermont,36918,East,TEC-PHON-3746,Technology,Phones,"Plantronics Phone Steel, Black",346.54,2,0,117.82
1582,US-2016-000749,2016-01-03,2016-01-08,Standard Class,ashley-1607,Ashley Walker,Home Office,United States,Charleston,South Carolina,80782,South,FUR-BOOK-9965,Furniture,Bookcases,"Tennsco Bookcase 100 Series, Gray",187.17,1,0.1,2.62
1583,US-2016-000749,2016-01-03,2016-01-08,Standard Class,ashley-1607,Ashley Walker,Home Office,United States,Charleston,South Carolina,88118,South,TEC-PHON-9368,Technology,Phones,"Cisco Phone 100 Series, Gray",242.94,1,0,82.6
1584,US-2016-000749,2016-01-03,2016-01-08,Standard Class,ashley-1607,Ashley Walker,Home Office,United States,Charleston,South Carolina,28872,South,FUR-CHAI-8449,Furniture,Chairs,"HON Chair, White",1406.7,5,0.1,116.76
1585,US-2016-000749,2016-01-03,2016-01-08,Standard Class,ashley-1607,Ashley Walker,Home Office,United States,Charleston,South Carolina,89623,South,OFF-SUPP-4668,Office Supplies,Supplies,"Novimex Supply Kit Deluxe, Black",125.86,4,0.1,7.55
1586,US-2015-000750,2015-05-20,2015-05-25,Standard Class,jennifer-1430,Jennifer Williams,Consumer,United States,Omaha,Nebraska,67968,Central,TEC-PHON-6543,Technology,Phones,"Samsung Phone Deluxe, Black",213.21,2,0.3,14.92
1587,US-2015-000750,2015-05-20,2015-05-25,Standard Class,jennifer-1430,Jennifer Williams,Consumer,United States,Omaha,Nebraska,67669,Central,OFF-ENVE-4572,Office Supplies,Envelopes,"Ames Envelope 200 Series, Black",8.69,1,0.2,2.66
1588,US-2016-000751,2016-12-24,2016-12-29,Standard Class,james-1130,James Clark,Corporate,United States,Salt Lake City,Utah,80438,West,OFF-ENVE-5590,Office Supplies,Envelopes,"Southworth Envelope Eco, Black",3.17,1,0.7,-0.17
1589,US-2016-000751,2016-12-24,2016-12-29,Standard Class,james-1130,James Clark,Corporate,United States,Salt Lake City,Utah,29974,West,OFF-BIND-6101,Office Supplies,Binders,"Avery Binder 100 Series, Black",204.51,7,0.2,11.45
1590,US-2016-000752,2016-03-05,2016-03-08,Second Class,william-1402,William Wright,Consumer,United States,Sioux Falls,South Dakota,49657,Central,TEC-COPI-9810,Technology,Copiers,"Sharp Copier Classic, Black",5689.95,7,0,2332.88
1591,US-2016-000752,2016-03-05,2016-03-08,Second Class,william-1402,William Wright,Consumer,United States,Sioux Falls,South Dakota,40396,Central,OFF-FAST-9394,Office Supplies,Fasteners,"Staples Fastener Steel, Black",10.88,2,0,4.9
1592,US-2017-000753,2017-06-05,2017-06-10,Standard Class,thomas-1223,Thomas Williams,Corporate,United States,Grand Rapids,Michigan,88830,Central,TEC-PHON-6817,Technology,Phones,"Samsung Phone 100 Series, White",307.48,2,0.4,-6.15
1593,US-2017-000753,2017-06-05,2017-06-10,Standard Class,thomas-1223,Thomas Williams,Corporate,United States,Grand Rapids,Michigan,21630,Central,OFF-APPL-2711,Office Supplies,Appliances,"GE Appliance Deluxe, Gray",799.92,5,0.1,151.98
1594,US-2017-000753,2017-06-05,2017-06-10,Standard Class,thomas-1223,Thomas Williams,Corporate,United States,Grand Rapids,Michigan,21859,Central,OFF-PAPE-5985,Office Supplies,Paper,"Mead Copy Paper Pro, Gray",19.06,1,0,8.01
1595,US-2015-000754,2015-11-28,2015-12-03,Standard Class,lisa-1641,Lisa Jones,Corporate,United States,Washington,District of Columbia,26035,East,OFF-SUPP-4396,Office Supplies,Supplies,"Acme Supply Kit Classic, Black",269.35,5,0,40.4
1596,US-2015-000754,2015-11-28,2015-12-03,Standard Class,lisa-1641,Lisa Jones,Corporate,United States,Washington,District of Columbia,45093,East,OFF-STOR-9925,Office Supplies,Storage,"Carina Storage Bin Pro, Black",61.22,1,0.1,6.18
1597,US-2016-000755,2016-10-04,2016-10-09,Standard Class,sarah-1452,Sarah Garcia,Consumer,United States,San Diego,California,22961,West,OFF-ART-7627,Office Supplies,Art,"Binney & Smith Sketch Book 100 Series, Multicolor",60.52,2,0,27.23
1598,US-2017-000756,2017-01-28,2017-01-30,First Class,william-1575,William Thompson,Consumer,United States,Jersey City,New Jersey,36383,East,OFF-APPL-9782,Office Supplies,Appliances,"Kitchex Appliance 200 Series, Black",124.09,3,0.8,-54.6
1599,US-2017-000757,2017-04-15,2017-04-15,Same Day,linda-1155,Linda Wright,Consumer,United States,Little Rock,Arkansas,64246,South,OFF-SUPP-4090,Office Supplies,Supplies,"Fiskars Supply Kit 100 Series, Black",34.04,2,0.7,-16.34
1600,US-2017-000757,2017-04-15,2017-04-15,Same Day,linda-1155,Linda Wright,Consumer,United States,Little Rock,Arkansas,14204,South,TEC-ACCE-3286,Technology,Accessories,"Logitech Headset, Gray",1053.84,8,0,400.46
1601,US-2017-000757,2017-04-15,2017-04-15,Same Day,linda-1155,Linda Wright,Consumer,United States,Little Rock,Arkansas,67373,South,OFF-APPL-4607,Office Supplies,Appliances,"Holmes Appliance 200 Series, Black",765.03,3,0,214.21
1602,US-2017-000758,2017-11-30,2017-12-03,Second Class,susan-1431,Susan Thompson,Consumer,United States,Omaha,Nebraska,25768,Central,TEC-MACH-6364,Technology,Machines,"Panasonic Printer 100 Series, Black",484.44,1,0.3,-171.98
1603,US-2015-000759,2015-07-08,2015-07-11,Second Class,robert-1168,Robert Hall,Consumer,United States,Newark,New Jersey,82036,East,TEC-COPI-6906,Technology,Copiers,"Brother Copier Steel, Black",1030.55,1,0,422.53
1604,US-2015-000759,2015-07-08,2015-07-11,Second Class,robert-1168,Robert Hall,Consumer,United States,Newark,New Jersey,56754,East,OFF-SUPP-3101,Office Supplies,Supplies,"Fiskars Supply Kit Classic, Black",34.13,1,0.1,2.05
1605,US-2016-000760,2016-11-09,2016-11-11,First Class,ashley-1449,Ashley Moore,Consumer,United States,Montgomery,Alabama,37301,South,FUR-CHAI-9971,Furniture,Chairs,"HON Chair Deluxe, Black",3489.09,11,0,697.82
1606,US-2015-000761,2015-07-03,2015-07-08,Standard Class,anthony-1699,Anthony Jackson,Corporate,United States,Memphis,Tennessee,43121,South,OFF-ENVE-5926,Office Supplies,Envelopes,"Southworth Envelope, Black",11.22,1,0,5.05
1607,US-2017-000762,2017-10-09,2017-10-14,Standard Class,jennifer-1748,Jennifer Lewis,Corporate,United States,Washington,District of Columbia,51526,East,OFF-BIND-2520,Office Supplies,Binders,"Wilson Jones Binder Pro, Black",86.4,4,0,32.83
1608,US-2017-000762,2017-10-09,2017-10-14,Standard Class,jennifer-1748,Jennifer Lewis,Corporate,United States,Washington,District of Columbia,67779,East,OFF-BIND-1132,Office Supplies,Binders,"Avery Binder 200 Series, Black",72.09,3,0,27.39
1609,US-2014-000763,2014-09-07,2014-09-12,Standard Class,sandra-1715,Sandra Taylor,Consumer,United States,Fargo,North Dakota,73096,Central,TEC-MACH-6112,Technology,Machines,"Epson Printer 100 Series, Black",661.84,1,0,33.09
1610,US-2016-000764,2016-07-02,2016-07-05,Second Class,john-1106,John Miller,Consumer,United States,Sacramento,California,69526,West,TEC-COPI-7641,Technology,Copiers,"Canon Copier, White",939.68,1,0,385.27
1611,US-2014-000765,2014-12-06,2014-12-11,Standard Class,robert-1592,Robert Garcia,Home Office,United States,Boise,Idaho,35591,West,FUR-FURN-3936,Furniture,Furnishings,"Newell Furnishing Eco, Multicolor",300.8,4,0,114.3
1612,US-2014-000765,2014-12-06,2014-12-11,Standard Class,robert-1592,Robert Garcia,Home Office,United States,Boise,Idaho,98511,West,FUR-CHAI-6492,Furniture,Chairs,"Global Value Chair Steel, Gray",348.83,1,0.1,28.95
1613,US-2014-000765,2014-12-06,2014-12-11,Standard Class,robert-1592,Robert Garcia,Home Office,United States,Boise,Idaho,51293,West,OFF-PAPE-5723,Office Supplies,Paper,"Southworth Copy Paper 200 Series, White",110.0,5,0,46.2
1614,US-2014-000766,2014-07-30,2014-08-04,Standard Class,thomas-1602,Thomas Moore,Consumer,United States,Portland,Maine,46422,East,OFF-SUPP-4371,Office Supplies,Supplies,"Harbour Creations Supply Kit Deluxe, Gray",32.71,1,0.3,-3.93
1615,US-2014-000766,2014-07-30,2014-08-04,Standard Class,thomas-1602,Thomas Moore,Consumer,United States,Portland,Maine,13609,East,FUR-CHAI-4802,Furniture,Chairs,"HON Chair Pro, Gray",350.43,1,0,70.09
1616,US-2014-000766,2014-07-30,2014-08-04,Standard Class,thomas-1602,Thomas Moore,Consumer,United States,Portland,Maine,37404,East,FUR-TABL-2237,Furniture,Tables,"Chromcraft Table, Black",514.03,1,0.1,-136.22
1617,US-2014-000766,2014-07-30,2014-08-04,Standard Class,thomas-1602,Thomas Moore,Consumer,United States,Portland,Maine,38139,East,OFF-ENVE-4152,Office Supplies,Envelopes,"Southworth Envelope 100 Series, Black",4.58,1,0.7,-0.25
1618,US-2016-000767,2016-01-21,2016-01-26,Standard Class,lisa-1129,Lisa Young,Corporate,United States,Jersey City,New Jersey,35340,East,OFF-LABE-8015,Office Supplies,Labels,"Novimex Label Classic, White",43.02,3,0,19.36
1619,US-2016-000767,2016-01-21,2016-01-26,Standard Class,lisa-1129,Lisa Young,Corporate,United States,Jersey City,New Jersey,41786,East,OFF-FAST-6842,Office Supplies,Fasteners,"Advantus Fastener, Black",18.07,4,0.4,2.93
1620,US-2016-000768,2016-11-06,2016-11-11,Standard Class,linda-1636,Linda Jones,Consumer,United States,Wichita,Kansas,53584,Central,FUR-FURN-7285,Furniture,Furnishings,"Newell Furnishing 200 Series, Multicolor",681.48,12,0,258.96
1621,US-2016-000768,2016-11-06,2016-11-11,Standard Class,linda-1636,Linda Jones,Consumer,United States,Wichita,Kansas,17941,Central,FUR-FURN-7391,Furniture,Furnishings,"Newell Furnishing Classic, Multicolor",558.81,10,0.1,167.08
1622,US-2016-000768,2016-11-06,2016-11-11,Standard Class,linda-1636,Linda Jones,Consumer,United States,Wichita,Kansas,42665,Central,TEC-ACCE-2724,Technology,Accessories,"Kensington Headset Eco, Black",588.4,5,0,223.59
1623,US-2015-000769,2015-11-25,2015-11-30,Standard Class,sarah-1452,Sarah Garcia,Consumer,United States,Lexington,Kentucky,42748,South,OFF-ENVE-7680,Office Supplies,Envelopes,"Jiffy Envelope Deluxe, Black",43.17,3,0,19.43
1624,US-2014-000770,2014-12-26,2014-12-28,First Class,ashley-1724,Ashley Johnson,Consumer,United States,Montgomery,Alabama,64834,South,FUR-TABL-2340,Furniture,Tables,"Bretford Table Classic, Black",624.51,2,0.1,-165.5
1625,US-2016-000771,2016-07-17,2016-07-22,Standard Class,jennifer-1277,Jennifer Walker,Corporate,United States,Jersey City,New Jersey,90729,East,TEC-ACCE-7765,Technology,Accessories,"Belkin Headset, White",175.63,2,0.1,52.51
1626,US-2014-000772,2014-08-15,2014-08-18,Second Class,betty-1527,Betty Green,Consumer,United States,Salt Lake City,Utah,31765,West,OFF-ENVE-4411,Office Supplies,Envelopes,"Ames Envelope Classic, Black",34.66,2,0,15.6
1627,US-2017-000773,2017-10-29,2017-10-29,Same Day,robert-1628,Robert Martinez,Corporate,United States,Little Rock,Arkansas,35751,South,FUR-BOOK-7334,Furniture,Bookcases,"Harbour Creations Bookcase 200 Series, Gray",337.36,1,0,47.23
1628,US-2017-000773,2017-10-29,2017-10-29,Same Day,robert-1628,Robert Martinez,Corporate,United States,Little Rock,Arkansas,85780,South,OFF-LABE-4013,Office Supplies,Labels,"Harbour Creations Label Steel, Black",11.04,1,0,4.97
1629,US-2017-000773,2017-10-29,2017-10-29,Same Day,robert-1628,Robert Martinez,Corporate,United States,Little Rock,Arkansas,70295,South,OFF-ART-6643,Office Supplies,Art,"BIC Sketch Book Eco, Multicolor",88.13,4,0.1,34.11
1630,US-2017-000773,2017-10-29,2017-10-29,Same Day,robert-1628,Robert Martinez,Corporate,United States,Little Rock,Arkansas,97156,South,OFF-APPL-1185,Office Supplies,Appliances,"Kitchex Appliance Eco, Black",1215.2,5,0,340.26
1631,US-2016-000774,2016-08-12,2016-08-17,Standard Class,mary-1419,Mary Lopez,Corporate,United States,Oklahoma City,Oklahoma,13610,Central,OFF-ENVE-4615,Office Supplies,Envelopes,"Columbian Envelope Pro, White",129.84,10,0.2,39.73
1632,US-2016-000774,2016-08-12,2016-08-17,Standard Class,mary-1419,Mary Lopez,Corporate,United States,Oklahoma City,Oklahoma,40360,Central,FUR-TABL-5458,Furniture,Tables,"Lesro Table Deluxe, White",2164.96,4,0,-281.44
1633,US-2016-000774,2016-08-12,2016-08-17,Standard Class,mary-1419,Mary Lopez,Corporate,United States,Oklahoma City,Oklahoma,23159,Central,OFF-FAST-8802,Office Supplies,Fasteners,"Staples Fastener Deluxe, White",21.08,2,0,9.49
1634,US-2014-000775,2014-08-26,2014-08-29,Second Class,elizabeth-1072,Elizabeth Anderson,Home Office,United States,Little Rock,Arkansas,87374,South,OFF-FAST-2699,Office Supplies,Fasteners,"Harbour Creations Fastener 100 Series, Black",42.37,11,0.1,16.02
1635,US-2016-000776,2016-12-08,2016-12-11,Second Class,betty-1025,Betty Rodriguez,Corporate,United States,Spokane,Washington,88935,West,FUR-CHAI-7832,Furniture,Chairs,"Global Value Chair Steel, White",697.55,2,0.3,-105.33
1636,US-2016-000776,2016-12-08,2016-12-11,Second Class,betty-1025,Betty Rodriguez,Corporate,United States,Spokane,Washington,75791,West,FUR-CHAI-3365,Furniture,Chairs,"Global Value Chair Eco, Black",2144.88,6,0,428.98
1637,US-2016-000776,2016-12-08,2016-12-11,Second Class,betty-1025,Betty Rodriguez,Corporate,United States,Spokane,Washington,97989,West,OFF-PAPE-3554,Office Supplies,Paper,"Wausau Copy Paper Eco, White",11.3,1,0.1,3.83
1638,US-2016-000776,2016-12-08,2016-12-11,Second Class,betty-1025,Betty Rodriguez,Corporate,United States,Spokane,Washington,22961,West,FUR-TABL-4365,Furniture,Tables,"Lesro Table 100 Series, White",442.79,1,0.2,-177.12
1639,US-2017-000777,2017-05-09,2017-05-14,Standard Class,emily-1138,Emily Wright,Consumer,United States,Albuquerque,New Mexico,22061,West,FUR-BOOK-8601,Furniture,Bookcases,"Sauder Bookcase Eco, White",1401.73,11,0,196.24
1640,US-2017-000778,2017-10-18,2017-10-23,Standard Class,david-1622,David Walker,Home Office,United States,Jersey City,New Jersey,20446,East,TEC-MACH-8023,Technology,Machines,"Panasonic Printer Eco, Black",529.23,1,0.1,-44.98
1641,US-2017-000778,2017-10-18,2017-10-23,Standard Class,david-1622,David Walker,Home Office,United States,Jersey City,New Jersey,25594,East,FUR-CHAI-2821,Furniture,Chairs,"Office Star Chair Eco, White",1632.96,5,0.1,135.54
1642,US-2014-000779,2014-07-31,2014-08-05,Standard Class,lisa-1343,Lisa Walker,Home Office,United States,Jersey City,New Jersey,31918,East,TEC-ACCE-2088,Technology,Accessories,"Belkin Headset Steel, Black",104.89,1,0,39.86
1643,US-2014-000779,2014-07-31,2014-08-05,Standard Class,lisa-1343,Lisa Walker,Home Office,United States,Jersey City,New Jersey,71151,East,OFF-PAPE-6109,Office Supplies,Paper,"Southworth Copy Paper Classic, White",50.1,3,0,21.04
1644,US-2017-000780,2017-09-27,2017-10-02,Standard Class,betty-1399,Betty Young,Home Office,United States,Burlington,Vermont,54661,East,OFF-ENVE-7049,Office Supplies,Envelopes,"Ames Envelope, Black",195.62,13,0.2,59.86
1645,US-2017-000780,2017-09-27,2017-10-02,Standard Class,betty-1399,Betty Young,Home Office,United States,Burlington,Vermont,34148,East,TEC-ACCE-7584,Technology,Accessories,"Kensington Headset Pro, Black",39.78,1,0.3,5.45
1646,US-2017-000780,2017-09-27,2017-10-02,Standard Class,betty-1399,Betty Young,Home Office,United States,Burlington,Vermont,63097,East,TEC-COPI-3556,Technology,Copiers,"Canon Copier Classic, Black",798.63,1,0.1,269.94
1647,US-2017-000780,2017-09-27,2017-10-02,Standard Class,betty-1399,Betty Young,Home Office,United States,Burlington,Vermont,45974,East,OFF-STOR-7271,Office Supplies,Storage,"Fellowes Storage Bin Eco, White",353.35,3,0.1,35.69
1648,US-2014-000781,2014-10-09,2014-10-11,First Class,emily-1387,Emily Young,Consumer,United States,Indianapolis,Indiana,63632,Central,TEC-PHON-1084,Technology,Phones,"Cisco Phone 100 Series, Black",613.35,3,0.3,42.93
1649,US-2016-000782,2016-07-10,2016-07-15,Standard Class,matthew-1278,Matthew Rodriguez,Corporate,United States,Aurora,Illinois,82380,Central,TEC-MACH-4148,Technology,Machines,"Panasonic Printer 200 Series, White",641.47,1,0,32.07
1650,US-2014-000783,2014-12-15,2014-12-20,Standard Class,emily-1158,Emily Lopez,Corporate,United States,Milwaukee,Wisconsin,22094,Central,OFF-APPL-6864,Office Supplies,Appliances,"Kitchex Appliance Deluxe, Gray",152.98,1,0,42.83
1651,US-2014-000783,2014-12-15,2014-12-20,Standard Class,emily-1158,Emily Lopez,Corporate,United States,Milwaukee,Wisconsin,55486,Central,FUR-CHAI-8411,Furniture,Chairs,"Harbour Creations Chair Eco, White",170.9,1,0.5,-65.8
1652,US-2017-000784,2017-11-01,2017-11-06,Standard Class,kimberly-1326,Kimberly Thompson,Home Office,United States,Oklahoma City,Oklahoma,74144,Central,OFF-APPL-5739,Office Supplies,Appliances,"Eldon Appliance Steel, Black",417.85,4,0.1,79.39
1653,US-2017-000784,2017-11-01,2017-11-06,Standard Class,kimberly-1326,Kimberly Thompson,Home Office,United States,Oklahoma City,Oklahoma,49335,Central,FUR-CHAI-9588,Furniture,Chairs,"Harbour Creations Chair Classic, Black",186.93,1,0,37.39
1654,US-2014-000785,2014-09-22,2014-09-27,Standard Class,john-1729,John Williams,Consumer,United States,Baltimore,Maryland,47728,East,OFF-APPL-5303,Office Supplies,Appliances,"Kitchex Appliance 100 Series, Black",249.76,2,0.2,24.98
1655,US-2014-000785,2014-09-22,2014-09-27,Standard Class,john-1729,John Williams,Consumer,United States,Baltimore,Maryland,39100,East,OFF-APPL-3871,Office Supplies,Appliances,"Kitchex Appliance, Black",250.66,2,0,70.18
1656,US-2015-000786,2015-09-12,2015-09-15,Second Class,david-1330,David Clark,Consumer,United States,Eugene,Oregon,66352,West,OFF-LABE-4056,Office Supplies,Labels,"Avery Label Eco, Gray",58.1,6,0.1,21.96
1657,US-2015-000786,2015-09-12,2015-09-15,Second Class,david-1330,David Clark,Consumer,United States,Eugene,Oregon,65100,West,FUR-CHAI-3510,Furniture,Chairs,"SAFCO Chair Pro, Gray",477.1,2,0,95.42
1658,US-2016-000787,2016-03-26,2016-03-28,First Class,emily-1279,Emily Lee,Corporate,United States,Baton Rouge,Louisiana,19059,South,OFF-PAPE-7789,Office Supplies,Paper,"Southworth Copy Paper Classic, Black",20.2,1,0.1,6.85
1659,US-2014-000788,2014-06-23,2014-06-28,Standard Class,ashley-1650,Ashley Jackson,Home Office,United States,Rochester,New York,52351,East,OFF-SUPP-7517,Office Supplies,Supplies,"Novimex Supply Kit 200 Series, Black",28.04,1,0.4,-5.89
1660,US-2014-000788,2014-06-23,2014-06-28,Standard Class,ashley-1650,Ashley Jackson,Home Office,United States,Rochester,New York,37865,East,FUR-BOOK-4017,Furniture,Bookcases,"Harbour Creations Bookcase Eco, Black",156.3,1,0,21.88
1661,US-2015-000789,2015-08-18,2015-08-23,Standard Class,linda-1032,Linda King,Consumer,United States,Louisville,Kentucky,86672,South,FUR-TABL-5040,Furniture,Tables,"Bretford Table Pro, White",390.24,1,0,-50.73
1662,US-2017-000790,2017-10-12,2017-10-17,Standard Class,mary-1510,Mary Jackson,Home Office,United States,Portland,Maine,54295,East,OFF-STOR-4918,Office Supplies,Storage,"Deflect-O Storage Bin, White",245.92,3,0.1,24.84
1663,US-2016-000791,2016-12-24,2016-12-29,Standard Class,elizabeth-1185,Elizabeth Clark,Consumer,United States,Phoenix,Arizona,90903,West,OFF-APPL-4708,Office Supplies,Appliances,"Kitchex Appliance Steel, Black",199.74,1,0,55.93
1664,US-2016-000791,2016-12-24,2016-12-29,Standard Class,elizabeth-1185,Elizabeth Clark,Consumer,United States,Phoenix,Arizona,88675,West,FUR-FURN-2625,Furniture,Furnishings,"Tenex Furnishing 200 Series, Multicolor",51.49,2,0.5,-1.29
1665,US-2014-000792,2014-11-29,2014-12-04,Standard Class,james-1309,James Lewis,Corporate,United States,Jacksonville,Florida,10650,South,OFF-ART-4944,Office Supplies,Art,"Binney & Smith Sketch Book Pro, Multicolor",77.52,3,0,34.88
1666,US-2014-000792,2014-11-29,2014-12-04,Standard Class,james-1309,James Lewis,Corporate,United States,Jacksonville,Florida,30565,South,OFF-SUPP-6815,Office Supplies,Supplies,"Fiskars Supply Kit 200 Series, Gray",39.28,1,0,5.89
1667,US-2014-000792,2014-11-29,2014-12-04,Standard Class,james-1309,James Lewis,Corporate,United States,Jacksonville,Florida,16390,South,TEC-PHON-9710,Technology,Phones,"Apple Phone Eco, Gray",244.75,1,0.1,61.19
1668,US-2014-000792,2014-11-29,2014-12-04,Standard Class,james-1309,James Lewis,Corporate,United States,Jacksonville,Florida,73861,South,FUR-TABL-4989,Furniture,Tables,"Chromcraft Table Deluxe, Black",1708.14,3,0,-222.06
1669,US-2014-000793,2014-08-18,2014-08-23,Standard Class,mark-1059,Mark Green,Corporate,United States,Salt Lake City,Utah,74518,West,OFF-PAPE-7173,Office Supplies,Paper,"Georgia Pacific Copy Paper 100 Series, Black",81.0,6,0,34.02
1670,US-2014-000793,2014-08-18,2014-08-23,Standard Class,mark-1059,Mark Green,Corporate,United States,Salt Lake City,Utah,68917,West,FUR-FURN-6798,Furniture,Furnishings,"Sauder Furnishing Pro, Multicolor",871.5,10,0,331.17
1671,US-2017-000794,2017-09-09,2017-09-14,Standard Class,sarah-1292,Sarah Jackson,Corporate,United States,Portland,Oregon,11685,West,OFF-SUPP-9756,Office Supplies,Supplies,"Harbour Creations Supply Kit Classic, White",74.78,2,0,11.22
1672,US-2017-000795,2017-04-29,2017-05-02,Second Class,michael-1302,Michael Lopez,Consumer,United States,Portland,Oregon,17657,West,FUR-TABL-9174,Furniture,Tables,"Bevis Table Classic, Black",1022.96,2,0,-132.98
1673,US-2017-000795,2017-04-29,2017-05-02,Second Class,michael-1302,Michael Lopez,Consumer,United States,Portland,Oregon,94936,West,OFF-STOR-7849,Office Supplies,Storage,"Iceberg Storage Bin Classic, Black",49.97,1,0.3,-4.85
1674,US-2017-000795,2017-04-29,2017-05-02,Second Class,michael-1302,Michael Lopez,Consumer,United States,Portland,Oregon,42232,West,OFF-PAPE-7664,Office Supplies,Paper,"Georgia Pacific Copy Paper, Gray",47.1,3,0,19.78
1675,US-2014-000796,2014-07-17,2014-07-22,Standard Class,lisa-1489,Lisa Smith,Consumer,United States,Reno,Nevada,30358,West,TEC-MACH-6493,Technology,Machines,"Panasonic Printer Deluxe, Black",591.81,1,0,29.59
1676,US-2014-000796,2014-07-17,2014-07-22,Standard Class,lisa-1489,Lisa Smith,Consumer,United States,Reno,Nevada,58187,West,FUR-FURN-9467,Furniture,Furnishings,"Howard Miller Furnishing Steel, Multicolor",226.01,4,0.1,67.58
1677,US-2014-000797,2014-08-16,2014-08-21,Standard Class,linda-1155,Linda Wright,Consumer,United States,Burlington,Vermont,37156,East,OFF-ENVE-5024,Office Supplies,Envelopes,"Quality Park Envelope Pro, Gray",110.66,8,0.1,41.83
1678,US-2014-000798,2014-12-06,2014-12-11,Standard Class,anthony-1613,Anthony Williams,Consumer,United States,Boise,Idaho,75134,West,TEC-MACH-2692,Technology,Machines,"Zebra Printer Eco, Black",982.56,2,0.3,-348.81
1679,US-2017-000799,2017-08-22,2017-08-27,Standard Class,mark-1215,Mark Scott,Consumer,United States,Fargo,North Dakota,38879,Central,OFF-FAST-6785,Office Supplies,Fasteners,"OIC Fastener Steel, Black",11.82,2,0.3,2.77
1680,US-2017-000800,2017-08-09,2017-08-09,Same Day,nancy-1147,Nancy Jones,Consumer,United States,Omaha,Nebraska,60582,Central,OFF-STOR-9011,Office Supplies,Storage,"Iceberg Storage Bin Deluxe, White",116.4,2,0.5,-34.34
1681,US-2017-000801,2017-06-24,2017-06-29,Standard Class,patricia-1416,Patricia Hall,Corporate,United States,Las Vegas,Nevada,65274,West,OFF-APPL-6357,Office Supplies,Appliances,"Kitchex Appliance Steel, Black",1357.2,8,0.1,257.87
1682,US-2017-000801,2017-06-24,2017-06-29,Standard Class,patricia-1416,Patricia Hall,Corporate,United States,Las Vegas,Nevada,12856,West,OFF-APPL-9064,Office Supplies,Appliances,"GE Appliance Steel, Black",1140.55,9,0.2,114.05
1683,US-2017-000801,2017-06-24,2017-06-29,Standard Class,patricia-1416,Patricia Hall,Corporate,United States,Las Vegas,Nevada,96081,West,TEC-COPI-5217,Technology,Copiers,"Ricoh Copier Deluxe, White",965.08,1,0,395.68
1684,US-2017-000801,2017-06-24,2017-06-29,Standard Class,patricia-1416,Patricia Hall,Corporate,United States,Las Vegas,Nevada,97574,West,OFF-STOR-3414,Office Supplies,Storage,"Fellowes Storage Bin 200 Series, White",184.34,2,0.1,18.62
1685,US-2017-000802,2017-02-26,2017-02-28,First Class,david-1353,David Thompson,Consumer,United States,Omaha,Nebraska,69348,Central,FUR-TABL-1850,Furniture,Tables,"Chromcraft Table Eco, Black",403.58,1,0,-52.47
1686,US-2017-000803,2017-04-19,2017-04-22,Second Class,elizabeth-1660,Elizabeth Williams,Corporate,United States,Hartford,Connecticut,61830,East,OFF-FAST-7466,Office Supplies,Fasteners,"Staples Fastener 100 Series, Black",28.12,4,0,12.65
1687,US-2017-000803,2017-04-19,2017-04-22,Second Class,elizabeth-1660,Elizabeth Williams,Corporate,United States,Hartford,Connecticut,28130,East,OFF-BIND-3303,Office Supplies,Binders,"GBC Binder Deluxe, Gray",137.45,5,0,52.23
1688,US-2017-000803,2017-04-19,2017-04-22,Second Class,elizabeth-1660,Elizabeth Williams,Corporate,United States,Hartford,Connecticut,43178,East,OFF-APPL-9486,Office Supplies,Appliances,"Eldon Appliance, Black",1412.8,8,0,395.58
1689,US-2017-000803,2017-04-19,2017-04-22,Second Class,elizabeth-1660,Elizabeth Williams,Corporate,United States,Hartford,Connecticut,80813,East,OFF-BIND-7928,Office Supplies,Binders,"Wilson Jones Binder Deluxe, Gray",34.95,2,0.5,-15.03
1690,US-2016-000804,2016-09-28,2016-10-01,Second Class,christopher-1757,Christopher Taylor,Corporate,United States,Las Vegas,Nevada,64960,West,OFF-PAPE-8124,Office Supplies,Paper,"Wausau Copy Paper Eco, Gray",4.94,1,0.7,-0.73
1691,US-2016-000804,2016-09-28,2016-10-01,Second Class,christopher-1757,Christopher Taylor,Corporate,United States,Las Vegas,Nevada,38201,West,OFF-FAST-2863,Office Supplies,Fasteners,"Harbour Creations Fastener, White",24.49,3,0.1,9.26
1692,US-2015-000805,2015-08-03,2015-08-08,Standard Class,david-1353,David Thompson,Consumer,United States,Fargo,North Dakota,45644,Central,TEC-PHON-5683,Technology,Phones,"Plantronics Phone, Black",216.68,1,0,73.67
1693,US-2015-000806,2015-05-19,2015-05-24,Standard Class,kimberly-1394,Kimberly Miller,Home Office,United States,Indianapolis,Indiana,91850,Central,OFF-PAPE-5496,Office Supplies,Paper,"Southworth Copy Paper 100 Series, White",16.01,1,0,6.72
1694,US-2016-000807,2016-11-09,2016-11-14,Standard Class,karen-1412,Karen Wright,Corporate,United States,Fargo,North Dakota,70633,Central,TEC-MACH-1591,Technology,Machines,"Panasonic Printer Eco, Black",6133.04,8,0,306.65
1695,US-2016-000807,2016-11-09,2016-11-14,Standard Class,karen-1412,Karen Wright,Corporate,United States,Fargo,North Dakota,77812,Central,FUR-TABL-8925,Furniture,Tables,"Lesro Table Deluxe, White",112.7,1,0.7,-121.15
1696,US-2017-000808,2017-12-06,2017-12-08,First Class,daniel-1582,Daniel Anderson,Corporate,United States,Portland,Maine,52055,East,OFF-STOR-4263,Office Supplies,Storage,"Carina Storage Bin Deluxe, Black",65.04,1,0.3,-6.31
1697,US-2017-000808,2017-12-06,2017-12-08,First Class,daniel-1582,Daniel Anderson,Corporate,United States,Portland,Maine,67637,East,FUR-BOOK-7142,Furniture,Bookcases,"Tennsco Bookcase Deluxe, Black",150.32,1,0,21.04
1698,US-2015-000809,2015-01-10,2015-01-15,Standard Class,william-1409,William Wright,Corporate,United States,Boise,Idaho,81835,West,TEC-MACH-2090,Technology,Machines,"Canon Printer, Gray",575.8,1,0,28.79
1699,US-2015-000809,2015-01-10,2015-01-15,Standard Class,william-1409,William Wright,Corporate,United States,Boise,Idaho,70559,West,TEC-MACH-1070,Technology,Machines,"Zebra Printer Deluxe, Gray",649.99,1,0,32.5
1700,US-2015-000809,2015-01-10,2015-01-15,Standard Class,william-1409,William Wright,Corporate,United States,Boise,Idaho,39096,West,OFF-ART-8045,Office Supplies,Art,"BIC Sketch Book Steel, Multicolor",37.19,3,0.3,9.71
1701,US-2015-000809,2015-01-10,2015-01-15,Standard Class,william-1409,William Wright,Corporate,United States,Boise,Idaho,65899,West,OFF-FAST-7078,Office Supplies,Fasteners,"Staples Fastener 100 Series, Gray",5.34,1,0.5,0.48
1702,US-2014-000810,2014-09-30,2014-10-02,First Class,lisa-1557,Lisa Johnson,Corporate,United States,Des Moines,Iowa,73411,Central,TEC-MACH-8482,Technology,Machines,"Epson Printer, White",3095.69,6,0.3,-1098.97
1703,US-2016-000811,2016-05-19,2016-05-22,Second Class,elizabeth-1131,Elizabeth Green,Corporate,United States,Cheyenne,Wyoming,46525,West,OFF-BIND-1141,Office Supplies,Binders,"Avery Binder, Black",30.68,1,0.2,1.72
1704,US-2016-000811,2016-05-19,2016-05-22,Second Class,elizabeth-1131,Elizabeth Green,Corporate,United States,Cheyenne,Wyoming,55718,West,OFF-APPL-5755,Office Supplies,Appliances,"Holmes Appliance Eco, Black",724.57,7,0.5,-123.18
1705,US-2016-000811,2016-05-19,2016-05-22,Second Class,elizabeth-1131,Elizabeth Green,Corporate,United States,Cheyenne,Wyoming,86358,West,TEC-MACH-2539,Technology,Machines,"Panasonic Printer Classic, Gray",3967.15,5,0.1,-337.21
1706,US-2016-000811,2016-05-19,2016-05-22,Second Class,elizabeth-1131,Elizabeth Green,Corporate,United States,Cheyenne,Wyoming,69672,West,TEC-MACH-6976,Technology,Machines,"Cubify Printer Steel, White",1752.36,4,0,87.62
1707,US-2016-000812,2016-01-14,2016-01-19,Standard Class,william-1624,William Williams,Corporate,United States,Hartford,Connecticut,98404,East,OFF-LABE-1286,Office Supplies,Labels,"Smead Label, White",12.96,1,0,5.83
1708,US-2014-000813,2014-11-07,2014-11-07,Same Day,linda-1077,Linda Smith,Consumer,United States,Nashville,Tennessee,24945,South,TEC-COPI-5661,Technology,Copiers,"Canon Copier Pro, Black",756.13,1,0,310.01
1709,US-2014-000813,2014-11-07,2014-11-07,Same Day,linda-1077,Linda Smith,Consumer,United States,Nashville,Tennessee,29844,South,OFF-PAPE-2353,Office Supplies,Paper,"Georgia Pacific Copy Paper 100 Series, White",61.54,4,0.2,15.88
1710,US-2014-000813,2014-11-07,2014-11-07,Same Day,linda-1077,Linda Smith,Consumer,United States,Nashville,Tennessee,37386,South,TEC-ACCE-9256,Technology,Accessories,"Logitech Headset, Black",197.95,2,0.1,59.19
1711,US-2015-000814,2015-03-19,2015-03-24,Standard Class,ashley-1519,Ashley Lewis,Consumer,United States,Indianapolis,Indiana,76239,Central,OFF-ART-7601,Office Supplies,Art,"Binney & Smith Sketch Book Eco, Multicolor",50.2,2,0,22.59
1712,US-2015-000814,2015-03-19,2015-03-24,Standard Class,ashley-1519,Ashley Lewis,Consumer,United States,Indianapolis,Indiana,74862,Central,TEC-ACCE-4933,Technology,Accessories,"Kensington Headset Eco, White",57.28,1,0.5,-1.43
1713,US-2015-000814,2015-03-19,2015-03-24,Standard Class,ashley-1519,Ashley Lewis,Consumer,United States,Indianapolis,Indiana,87627,Central,OFF-APPL-6977,Office Supplies,Appliances,"GE Appliance Steel, Black",314.52,2,0,88.07
1714,US-2015-000814,2015-03-19,2015-03-24,Standard Class,ashley-1519,Ashley Lewis,Consumer,United States,Indianapolis,Indiana,98514,Central,OFF-ART-5752,Office Supplies,Art,"BIC Sketch Book 200 Series, Multicolor",19.31,1,0.3,5.04
1715,US-2016-000815,2016-12-02,2016-12-07,Standard Class,john-1400,John Jackson,Home Office,United States,Boise,Idaho,62514,West,OFF-SUPP-2409,Office Supplies,Supplies,"Acme Supply Kit Pro, Gray",32.49,1,0.3,-3.9
1716,US-2016-000815,2016-12-02,2016-12-07,Standard Class,john-1400,John Jackson,Home Office,United States,Boise,Idaho,38452,West,OFF-BIND-4841,Office Supplies,Binders,"Avery Binder Deluxe, Black",56.36,2,0.1,12.29
1717,US-2017-000816,2017-06-26,2017-07-01,Standard Class,richard-1013,Richard Brown,Consumer,United States,Miami,Florida,15880,South,FUR-CHAI-2080,Furniture,Chairs,"Harbour Creations Chair Deluxe, Gray",958.02,4,0.3,-144.66
1718,US-2017-000817,2017-11-04,2017-11-09,Standard Class,betty-1285,Betty Anderson,Consumer,United States,Pittsburgh,Pennsylvania,38918,East,OFF-ART-4770,Office Supplies,Art,"Prang Sketch Book, Multicolor",18.12,1,0,8.15
1719,US-2017-000817,2017-11-04,2017-11-09,Standard Class,betty-1285,Betty Anderson,Consumer,United States,Pittsburgh,Pennsylvania,20794,East,TEC-COPI-2450,Technology,Copiers,"Sharp Copier Steel, Black",2222.9,2,0,911.39
1720,US-2017-000817,2017-11-04,2017-11-09,Standard Class,betty-1285,Betty Anderson,Consumer,United States,Pittsburgh,Pennsylvania,84984,East,OFF-APPL-9518,Office Supplies,Appliances,"Holmes Appliance Steel, Black",1050.97,6,0.3,10.51
1721,US-2017-000817,2017-11-04,2017-11-09,Standard Class,betty-1285,Betty Anderson,Consumer,United States,Pittsburgh,Pennsylvania,21571,East,OFF-LABE-8503,Office Supplies,Labels,"Harbour Creations Label Eco, Gray",75.94,8,0.3,17.77
1722,US-2014-000818,2014-05-02,2014-05-07,Standard Class,patricia-1561,Patricia Wilson,Consumer,United States,Newark,New Jersey,26357,East,TEC-MACH-9254,Technology,Machines,"Epson Printer Classic, Black",940.87,1,0.1,-79.97
1723,US-2014-000818,2014-05-02,2014-05-07,Standard Class,patricia-1561,Patricia Wilson,Consumer,United States,Newark,New Jersey,23612,East,OFF-LABE-4813,Office Supplies,Labels,"Dax Label Steel, Black",23.18,2,0.2,7.09
1724,US-2017-000819,2017-08-07,2017-08-12,Standard Class,steven-1543,Steven White,Corporate,United States,Sioux Falls,South Dakota,70279,Central,TEC-PHON-2438,Technology,Phones,"Panasonic Phone, White",820.49,5,0.1,205.12
1725,US-2017-000820,2017-10-08,2017-10-13,Standard Class,richard-1162,Richard Wright,Consumer,United States,Virginia Beach,Virginia,93995,South,TEC-PHON-8332,Technology,Phones,"Apple Phone Deluxe, White",455.63,2,0.1,113.91
1726,US-2017-000820,2017-10-08,2017-10-13,Standard Class,richard-1162,Richard Wright,Consumer,United States,Virginia Beach,Virginia,91591,South,FUR-BOOK-4962,Furniture,Bookcases,"Lesro Bookcase Eco, Gray",184.34,1,0,25.81
1727,US-2017-000821,2017-06-30,2017-07-02,First Class,betty-1025,Betty Rodriguez,Corporate,United States,Manchester,New Hampshire,60795,East,FUR-BOOK-2186,Furniture,Bookcases,"Tennsco Bookcase, Gray",106.61,1,0.5,-52.24
1728,US-2017-000821,2017-06-30,2017-07-02,First Class,betty-1025,Betty Rodriguez,Corporate,United States,Manchester,New Hampshire,61968,East,OFF-PAPE-2146,Office Supplies,Paper,"Georgia Pacific Copy Paper Deluxe, White",112.77,10,0.3,19.96
1729,US-2015-000822,2015-10-28,2015-10-31,Second Class,emily-1545,Emily Clark,Home Office,United States,Oklahoma City,Oklahoma,44327,Central,OFF-LABE-1645,Office Supplies,Labels,"Novimex Label Steel, Black",32.51,3,0.1,12.29
1730,US-2015-000822,2015-10-28,2015-10-31,Second Class,emily-1545,Emily Clark,Home Office,United States,Oklahoma City,Oklahoma,70694,Central,OFF-FAST-9566,Office Supplies,Fasteners,"Harbour Creations Fastener 200 Series, Gray",61.74,7,0,27.78
1731,US-2015-000822,2015-10-28,2015-10-31,Second Class,emily-1545,Emily Clark,Home Office,United States,Oklahoma City,Oklahoma,94378,Central,FUR-CHAI-3314,Furniture,Chairs,"Global Value Chair, White",365.99,1,0,73.2
1732,US-2014-000823,2014-05-01,2014-05-04,Second Class,jennifer-1585,Jennifer Williams,Consumer,United States,Buffalo,New York,83505,East,OFF-APPL-4720,Office Supplies,Appliances,"Holmes Appliance 200 Series, White",150.53,1,0,42.15
1733,US-2014-000823,2014-05-01,2014-05-04,Second Class,jennifer-1585,Jennifer Williams,Consumer,United States,Buffalo,New York,44299,East,FUR-BOOK-1685,Furniture,Bookcases,"Lesro Bookcase 200 Series, Black",2040.6,10,0,285.68
1734,US-2016-000824,2016-11-24,2016-11-29,Standard Class,richard-1265,Richard Lewis,Consumer,United States,Cheyenne,Wyoming,49987,West,OFF-LABE-9107,Office Supplies,Labels,"Avery Label Pro, Gray",46.4,5,0.2,14.2
1735,US-2016-000824,2016-11-24,2016-11-29,Standard Class,richard-1265,Richard Lewis,Consumer,United States,Cheyenne,Wyoming,37300,West,OFF-SUPP-7684,Office Supplies,Supplies,"Novimex Supply Kit Pro, Gray",42.71,1,0,6.41
1736,US-2015-000825,2015-11-13,2015-11-18,Standard Class,steven-1381,Steven Jackson,Home Office,United States,Tucson,Arizona,76412,West,OFF-SUPP-6798,Office Supplies,Supplies,"Harbour Creations Supply Kit Steel, Gray",68.94,3,0.3,-8.27
1737,US-2015-000826,2015-03-10,2015-03-13,Second Class,william-1759,William Harris,Consumer,United States,Tucson,Arizona,30219,West,OFF-ART-4536,Office Supplies,Art,"BIC Sketch Book Classic, Multicolor",37.66,2,0,16.95
1738,US-2015-000826,2015-03-10,2015-03-13,Second Class,william-1759,William Harris,Consumer,United States,Tucson,Arizona,41943,West,FUR-BOOK-6978,Furniture,Bookcases,"Lesro Bookcase Classic, White",422.19,2,0.1,5.91
1739,US-2015-000826,2015-03-10,2015-03-13,Second Class,william-1759,William Harris,Consumer,United States,Tucson,Arizona,54200,West,OFF-ART-5125,Office Supplies,Art,"BIC Sketch Book Deluxe, Multicolor",5.48,1,0.8,-0.3
1740,US-2015-000826,2015-03-10,2015-03-13,Second Class,william-1759,William Harris,Consumer,United States,Tucson,Arizona,14179,West,FUR-CHAI-6006,Furniture,Chairs,"SAFCO Chair, Black",47.54,1,0.8,-34.99
1741,US-2016-000827,2016-01-06,2016-01-11,Standard Class,linda-1008,Linda Moore,Corporate,United States,Spokane,Washington,51253,West,OFF-BIND-8658,Office Supplies,Binders,"Samsung Binder, Black",59.04,8,0.7,-44.52
1742,US-2017-000828,2017-01-05,2017-01-10,Standard Class,david-1029,David Green,Corporate,United States,Pittsburgh,Pennsylvania,55023,East,OFF-STOR-1629,Office Supplies,Storage,"Fellowes Storage Bin Pro, Gray",287.16,3,0,57.43
1743,US-2017-000828,2017-01-05,2017-01-10,Standard Class,david-1029,David Green,Corporate,United States,Pittsburgh,Pennsylvania,99625,East,FUR-BOOK-6106,Furniture,Bookcases,"Sauder Bookcase 100 Series, Black",272.58,1,0.1,3.82
1744,US-2015-000829,2015-09-29,2015-10-04,Standard Class,emily-1738,Emily Lee,Consumer,United States,Hartford,Connecticut,44629,East,OFF-STOR-5501,Office Supplies,Storage,"Carina Storage Bin, White",67.86,1,0.4,-13.3
1745,US-2014-000830,2014-12-17,2014-12-19,First Class,richard-1691,Richard Wilson,Consumer,United States,Birmingham,Alabama,20519,South,FUR-CHAI-9124,Furniture,Chairs,"Harbour Creations Chair Pro, Black",305.71,1,0,61.14
1746,US-2016-000831,2016-09-03,2016-09-08,Standard Class,robert-1080,Robert Martin,Consumer,United States,Wichita,Kansas,64491,Central,OFF-ENVE-7846,Office Supplies,Envelopes,"Quality Park Envelope, Black",7.85,1,0.3,1.84
1747,US-2016-000831,2016-09-03,2016-09-08,Standard Class,robert-1080,Robert Martin,Consumer,United States,Wichita,Kansas,72342,Central,TEC-COPI-8246,Technology,Copiers,"Hewlett-Packard Copier Deluxe, Black",1000.9,1,0.1,338.3
1748,US-2015-000832,2015-12-01,2015-12-04,Second Class,mark-1739,Mark Rodriguez,Corporate,United States,Washington,District of Columbia,67944,East,FUR-TABL-1470,Furniture,Tables,"BPI Table Steel, Gray",495.97,2,0.2,-198.39
1749,US-2015-000833,2015-12-25,2015-12-30,Standard Class,linda-1636,Linda Jones,Consumer,United States,Spokane,Washington,53987,West,TEC-ACCE-4848,Technology,Accessories,"Belkin Headset, Gray",721.8,9,0,274.28
1750,US-2014-000834,2014-04-22,2014-04-24,First Class,john-1630,John Clark,Corporate,United States,Providence,Rhode Island,79602,East,TEC-ACCE-2637,Technology,Accessories,"Kensington Headset Deluxe, Gray",92.46,1,0.2,20.16
1751,US-2017-000835,2017-07-16,2017-07-21,Standard Class,nancy-1298,Nancy Martin,Consumer,United States,Salt Lake City,Utah,42286,West,OFF-ENVE-7000,Office Supplies,Envelopes,"Quality Park Envelope Eco, Black",26.67,3,0,12.0
1752,US-2017-000835,2017-07-16,2017-07-21,Standard Class,nancy-1298,Nancy Martin,Consumer,United States,Salt Lake City,Utah,18379,West,OFF-FAST-6927,Office Supplies,Fasteners,"Advantus Fastener Classic, White",14.15,2,0.1,5.35
1753,US-2014-000836,2014-10-07,2014-10-12,Standard Class,matthew-1604,Matthew Wright,Home Office,United States,Rochester,New York,21083,East,FUR-FURN-5901,Furniture,Furnishings,"Sauder Furnishing Deluxe, Multicolor",48.61,1,0.4,2.72
1754,US-2016-000837,2016-09-03,2016-09-08,Standard Class,matthew-1694,Matthew Brown,Corporate,United States,Salt Lake City,Utah,38001,West,FUR-TABL-7386,Furniture,Tables,"Lesro Table 200 Series, Gray",1234.77,5,0.4,-827.3
1755,US-2016-000837,2016-09-03,2016-09-08,Standard Class,matthew-1694,Matthew Brown,Corporate,United States,Salt Lake City,Utah,74117,West,OFF-ART-8001,Office Supplies,Art,"Prang Sketch Book 100 Series, Multicolor",12.79,1,0.2,4.14
1756,US-2014-000838,2014-07-30,2014-08-04,Standard Class,thomas-1223,Thomas Williams,Corporate,United States,Billings,Montana,87970,West,FUR-BOOK-9418,Furniture,Bookcases,"Tennsco Bookcase 200 Series, White",319.62,2,0,44.75
1757,US-2014-000838,2014-07-30,2014-08-04,Standard Class,thomas-1223,Thomas Williams,Corporate,United States,Billings,Montana,10771,West,FUR-FURN-1925,Furniture,Furnishings,"Newell Furnishing Deluxe, Multicolor",20.72,1,0.7,-3.87
1758,US-2014-000839,2014-04-27,2014-04-29,First Class,karen-1317,Karen Brown,Home Office,United States,Reno,Nevada,11116,West,OFF-PAPE-8415,Office Supplies,Paper,"Mead Copy Paper Steel, White",55.56,3,0,23.34
1759,US-2015-000840,2015-08-12,2015-08-17,Standard Class,betty-1728,Betty Young,Consumer,United States,Hartford,Connecticut,51101,East,TEC-PHON-2237,Technology,Phones,"Apple Phone, Gray",463.64,3,0.3,32.45
1760,US-2015-000840,2015-08-12,2015-08-17,Standard Class,betty-1728,Betty Young,Consumer,United States,Hartford,Connecticut,29517,East,FUR-TABL-5600,Furniture,Tables,"BPI Table Deluxe, Black",493.46,1,0,-64.15
1761,US-2014-000841,2014-01-19,2014-01-24,Standard Class,karen-1673,Karen Moore,Corporate,United States,Manchester,New Hampshire,11185,East,FUR-CHAI-2258,Furniture,Chairs,"Harbour Creations Chair Deluxe, Gray",606.98,2,0,121.4
1762,US-2016-000842,2016-12-14,2016-12-17,Second Class,william-1718,William Clark,Consumer,United States,Wichita,Kansas,56346,Central,TEC-COPI-8964,Technology,Copiers,"Ricoh Copier Eco, Black",621.91,1,0,254.98
1763,US-2016-000842,2016-12-14,2016-12-17,Second Class,william-1718,William Clark,Consumer,United States,Wichita,Kansas,57866,Central,OFF-APPL-2633,Office Supplies,Appliances,"Eldon Appliance Eco, Gray",1083.6,8,0,303.41
1764,US-2017-000843,2017-08-09,2017-08-14,Standard Class,anthony-1669,Anthony Harris,Consumer,United States,Boise,Idaho,44712,West,FUR-BOOK-2325,Furniture,Bookcases,"Harbour Creations Bookcase Pro, Gray",669.66,3,0,93.75
1765,US-2017-000844,2017-05-18,2017-05-21,Second Class,richard-1265,Richard Lewis,Consumer,United States,Baton Rouge,Louisiana,99700,South,OFF-SUPP-7381,Office Supplies,Supplies,"Elite Supply Kit Pro, Gray",75.46,2,0,11.32
1766,US-2016-000845,2016-12-24,2016-12-29,Standard Class,patricia-1144,Patricia Williams,Home Office,United States,Little Rock,Arkansas,70132,South,OFF-APPL-8219,Office Supplies,Appliances,"GE Appliance Steel, Gray",175.26,1,0,49.07
1767,US-2016-000845,2016-12-24,2016-12-29,Standard Class,patricia-1144,Patricia Williams,Home Office,United States,Little Rock,Arkansas,47840,South,FUR-TABL-5693,Furniture,Tables,"BPI Table Classic, White",1636.26,4,0.2,-654.5
1768,US-2017-000846,2017-08-26,2017-08-31,Standard Class,richard-1434,Richard Wright,Consumer,United States,Newark,New Jersey,59099,East,FUR-TABL-7817,Furniture,Tables,"Bevis Table Classic, Gray",567.81,1,0.1,-150.47
1769,US-2017-000846,2017-08-26,2017-08-31,Standard Class,richard-1434,Richard Wright,Consumer,United States,Newark,New Jersey,64482,East,OFF-ART-2846,Office Supplies,Art,"Sanford Sketch Book Deluxe, Multicolor",89.7,3,0,40.36
1770,US-2017-000846,2017-08-26,2017-08-31,Standard Class,richard-1434,Richard Wright,Consumer,United States,Newark,New Jersey,60791,East,OFF-FAST-5100,Office Supplies,Fasteners,"Elite Fastener, Black",5.28,2,0.7,-0.29
1771,US-2017-000846,2017-08-26,2017-08-31,Standard Class,richard-1434,Richard Wright,Consumer,United States,Newark,New Jersey,38822,East,TEC-PHON-4546,Technology,Phones,"Cisco Phone, Black",487.94,2,0,165.9
1772,US-2016-000847,2016-11-11,2016-11-14,Second Class,james-1232,James Wright,Home Office,United States,Cheyenne,Wyoming,53232,West,OFF-ART-3747,Office Supplies,Art,"Newell Sketch Book 100 Series, Multicolor",43.82,2,0,19.72
1773,US-2016-000847,2016-11-11,2016-11-14,Second Class,james-1232,James Wright,Home Office,United States,Cheyenne,Wyoming,69201,West,OFF-ENVE-1715,Office Supplies,Envelopes,"Jiffy Envelope 100 Series, White",49.6,4,0,22.32
1774,US-2015-000848,2015-07-18,2015-07-23,Standard Class,elizabeth-1197,Elizabeth Martin,Corporate,United States,New York City,New York,78242,East,OFF-SUPP-6483,Office Supplies,Supplies,"Acme Supply Kit Classic, Gray",92.48,4,0.3,-11.1
1775,US-2015-000848,2015-07-18,2015-07-23,Standard Class,elizabeth-1197,Elizabeth Martin,Corporate,United States,New York City,New York,74269,East,OFF-FAST-5667,Office Supplies,Fasteners,"Harbour Creations Fastener Classic, White",21.51,3,0,9.68
1776,US-2014-000849,2014-11-02,2014-11-07,Standard Class,mary-1419,Mary Lopez,Corporate,United States,Baltimore,Maryland,51076,East,FUR-TABL-2261,Furniture,Tables,"Bevis Table Steel, Black",1898.05,3,0.1,-502.98
1777,US-2014-000849,2014-11-02,2014-11-07,Standard Class,mary-1419,Mary Lopez,Corporate,United States,Baltimore,Maryland,56190,East,TEC-ACCE-7683,Technology,Accessories,"Belkin Headset 100 Series, Black",51.5,1,0,19.57
1778,US-2014-000849,2014-11-02,2014-11-07,Standard Class,mary-1419,Mary Lopez,Corporate,United States,Baltimore,Maryland,73964,East,TEC-COPI-2693,Technology,Copiers,"Hewlett-Packard Copier Steel, Black",582.54,1,0,238.84
1779,US-2017-000850,2017-09-26,2017-10-01,Standard Class,william-1090,William Young,Home Office,United States,Portland,Maine,74718,East,FUR-CHAI-1775,Furniture,Chairs,"Office Star Chair 200 Series, Black",356.82,1,0,71.36
1780,US-2017-000850,2017-09-26,2017-10-01,Standard Class,william-1090,William Young,Home Office,United States,Portland,Maine,65259,East,OFF-STOR-2882,Office Supplies,Storage,"Iceberg Storage Bin 200 Series, Black",328.37,5,0.1,33.17
1781,US-2017-000850,2017-09-26,2017-10-01,Standard Class,william-1090,William Young,Home Office,United States,Portland,Maine,88913,East,FUR-TABL-8703,Furniture,Tables,"BPI Table 100 Series, Gray",679.53,1,0,-88.34
1782,US-2017-000851,2017-06-29,2017-07-02,Second Class,nancy-1688,Nancy Martin,Corporate,United States,Raleigh,North Carolina,88342,South,OFF-PAPE-6599,Office Supplies,Paper,"Mead Copy Paper Deluxe, Gray",98.75,5,0,41.48
1783,US-2017-000851,2017-06-29,2017-07-02,Second Class,nancy-1688,Nancy Martin,Corporate,United States,Raleigh,North Carolina,54830,South,FUR-TABL-5562,Furniture,Tables,"BPI Table Classic, White",805.28,3,0.5,-648.25
1784,US-2017-000852,2017-03-10,2017-03-12,First Class,nancy-1068,Nancy Garcia,Consumer,United States,Reno,Nevada,81042,West,OFF-ART-4078,Office Supplies,Art,"Binney & Smith Sketch Book 200 Series, Multicolor",50.76,2,0,22.84
1785,US-2017-000852,2017-03-10,2017-03-12,First Class,nancy-1068,Nancy Garcia,Consumer,United States,Reno,Nevada,22297,West,OFF-SUPP-6865,Office Supplies,Supplies,"Fiskars Supply Kit Eco, Black",214.5,5,0,32.18
1786,US-2017-000852,2017-03-10,2017-03-12,First Class,nancy-1068,Nancy Garcia,Consumer,United States,Reno,Nevada,62422,West,OFF-PAPE-1863,Office Supplies,Paper,"Georgia Pacific Copy Paper Deluxe, White",52.12,4,0,21.89
1787,US-2016-000853,2016-11-23,2016-11-25,First Class,patricia-1677,Patricia Hall,Consumer,United States,St. Paul,Minnesota,34666,Central,TEC-COPI-1526,Technology,Copiers,"Hewlett-Packard Copier Eco, Gray",2827.35,3,0,1159.21
1788,US-2016-000853,2016-11-23,2016-11-25,First Class,patricia-1677,Patricia Hall,Consumer,United States,St. Paul,Minnesota,71666,Central,OFF-PAPE-7561,Office Supplies,Paper,"Xerox Copy Paper Steel, White",9.85,1,0.5,0.15
1789,US-2017-000854,2017-01-29,2017-02-01,Second Class,michael-1135,Michael Lewis,Consumer,United States,Salt Lake City,Utah,11890,West,OFF-FAST-2004,Office Supplies,Fasteners,"OIC Fastener Deluxe, Black",76.64,8,0,34.49
1790,US-2017-000854,2017-01-29,2017-02-01,Second Class,michael-1135,Michael Lewis,Consumer,United States,Salt Lake City,Utah,82450,West,FUR-TABL-6079,Furniture,Tables,"Chromcraft Table 100 Series, Black",440.68,1,0.2,-176.27
1791,US-2017-000854,2017-01-29,2017-02-01,Second Class,michael-1135,Michael Lewis,Consumer,United States,Salt Lake City,Utah,63917,West,OFF-FAST-3577,Office Supplies,Fasteners,"Advantus Fastener, White",41.58,6,0,18.71
1792,US-2017-000855,2017-12-08,2017-12-13,Standard Class,thomas-1280,Thomas Taylor,Home Office,United States,San Diego,California,27595,West,OFF-BIND-4154,Office Supplies,Binders,"Samsung Binder 100 Series, Black",24.52,1,0.3,-2.6
1793,US-2017-000855,2017-12-08,2017-12-13,Standard Class,thomas-1280,Thomas Taylor,Home Office,United States,San Diego,California,13561,West,OFF-LABE-1914,Office Supplies,Labels,"Smead Label 100 Series, Gray",27.28,2,0.2,8.35
1794,US-2016-000856,2016-11-14,2016-11-19,Standard Class,elizabeth-1327,Elizabeth Thompson,Corporate,United States,Wilmington,Delaware,66726,East,OFF-ART-4962,Office Supplies,Art,"Binney & Smith Sketch Book 200 Series, Multicolor",42.88,2,0.2,13.89
1795,US-2016-000856,2016-11-14,2016-11-19,Standard Class,elizabeth-1327,Elizabeth Thompson,Corporate,United States,Wilmington,Delaware,91935,East,TEC-ACCE-3750,Technology,Accessories,"Verbatim Headset 200 Series, White",167.44,2,0.3,22.94
1796,US-2017-000857,2017-04-30,2017-05-05,Standard Class,karen-1287,Karen Miller,Consumer,United States,Salt Lake City,Utah,49310,West,OFF-ART-5426,Office Supplies,Art,"Prang Sketch Book Deluxe, Multicolor",48.06,2,0,21.63
1797,US-2017-000857,2017-04-30,2017-05-05,Standard Class,karen-1287,Karen Miller,Consumer,United States,Salt Lake City,Utah,67171,West,TEC-PHON-4901,Technology,Phones,"Plantronics Phone Deluxe, Black",622.67,2,0.1,155.67
1798,US-2017-000858,2017-09-13,2017-09-16,Second Class,david-1038,David Jones,Consumer,United States,Indianapolis,Indiana,82678,Central,OFF-LABE-5081,Office Supplies,Labels,"Dax Label Eco, White",71.91,9,0.5,6.47
1799,US-2017-000858,2017-09-13,2017-09-16,Second Class,david-1038,David Jones,Consumer,United States,Indianapolis,Indiana,83328,Central,OFF-PAPE-8368,Office Supplies,Paper,"Wausau Copy Paper, Black",20.59,1,0,8.65
1800,US-2017-000859,2017-08-03,2017-08-08,Standard Class,elizabeth-1437,Elizabeth Smith,Home Office,United States,Burlington,Vermont,78556,East,FUR-TABL-6376,Furniture,Tables,"Lesro Table Steel, Black",503.62,2,0.3,-269.44
1801,US-2015-000860,2015-03-15,2015-03-20,Standard Class,richard-1606,Richard Moore,Corporate,United States,Providence,Rhode Island,87208,East,TEC-COPI-5666,Technology,Copiers,"Hewlett-Packard Copier Eco, Gray",1071.08,2,0,439.14
1802,US-2015-000860,2015-03-15,2015-03-20,Standard Class,richard-1606,Richard Moore,Corporate,United States,Providence,Rhode Island,66785,East,OFF-FAST-7694,Office Supplies,Fasteners,"Elite Fastener, White",67.72,6,0.1,25.6
1803,US-2016-000861,2016-09-02,2016-09-04,First Class,linda-1267,Linda Brown,Corporate,United States,Wilmington,Delaware,10007,East,OFF-BIND-8340,Office Supplies,Binders,"Samsung Binder Eco, Black",49.71,2,0.2,2.78
1804,US-2016-000862,2016-11-26,2016-11-28,First Class,kimberly-1745,Kimberly Lopez,Corporate,United States,Indianapolis,Indiana,37196,Central,OFF-SUPP-5272,Office Supplies,Supplies,"Harbour Creations Supply Kit Eco, Gray",35.94,1,0,5.39
1805,US-2016-000862,2016-11-26,2016-11-28,First Class,kimberly-1745,Kimberly Lopez,Corporate,United States,Indianapolis,Indiana,12181,Central,OFF-STOR-9472,Office Supplies,Storage,"Carina Storage Bin Steel, Black",626.42,7,0.2,1.25
1806,US-2016-000862,2016-11-26,2016-11-28,First Class,kimberly-1745,Kimberly Lopez,Corporate,United States,Indianapolis,Indiana,44642,Central,OFF-PAPE-4757,Office Supplies,Paper,"Georgia Pacific Copy Paper Steel, Black",17.84,1,0,7.49
1807,US-2017-000863,2017-07-10,2017-07-12,First Class,mark-1698,Mark Clark,Consumer,United States,Boulder,Colorado,85101,West,TEC-ACCE-5929,Technology,Accessories,"Belkin Headset Steel, Gray",286.63,3,0.1,85.7
1808,US-2017-000863,2017-07-10,2017-07-12,First Class,mark-1698,Mark Clark,Consumer,United States,Boulder,Colorado,21087,West,OFF-ENVE-7313,Office Supplies,Envelopes,"Quality Park Envelope, Black",23.34,2,0,10.5
1809,US-2017-000863,2017-07-10,2017-07-12,First Class,mark-1698,Mark Clark,Consumer,United States,Boulder,Colorado,48529,West,FUR-BOOK-8197,Furniture,Bookcases,"O'Donnell Bookcase 200 Series, White",272.06,1,0,38.09
1810,US-2017-000863,2017-07-10,2017-07-12,First Class,mark-1698,Mark Clark,Consumer,United States,Boulder,Colorado,16393,West,TEC-PHON-9023,Technology,Phones,"Panasonic Phone 200 Series, Black",360.0,2,0.2,57.6
1811,US-2017-000864,2017-09-01,2017-09-03,First Class,kimberly-1424,Kimberly Anderson,Corporate,United States,Atlanta,Georgia,42061,South,OFF-BIND-5608,Office Supplies,Binders,"Cardinal Binder Eco, Black",57.6,3,0,21.89
1812,US-2017-000864,2017-09-01,2017-09-03,First Class,kimberly-1424,Kimberly Anderson,Corporate,United States,Atlanta,Georgia,21637,South,OFF-ENVE-3466,Office Supplies,Envelopes,"Ames Envelope 100 Series, Black",15.36,1,0.1,5.81
1813,US-2017-000864,2017-09-01,2017-09-03,First Class,kimberly-1424,Kimberly Anderson,Corporate,United States,Atlanta,Georgia,32684,South,TEC-MACH-4601,Technology,Machines,"Cubify Printer Classic, Gray",432.76,1,0.4,-212.05
1814,US-2016-000865,2016-03-05,2016-03-07,First Class,john-1042,John Martin,Consumer,United States,Indianapolis,Indiana,28133,Central,TEC-MACH-5699,Technology,Machines,"Canon Printer Eco, Gray",2434.22,6,0.2,-535.53
1815,US-2015-000866,2015-03-13,2015-03-16,Second Class,linda-1324,Linda Hall,Corporate,United States,Wichita,Kansas,48078,Central,FUR-CHAI-5550,Furniture,Chairs,"HON Chair, Gray",267.88,1,0,53.58
1816,US-2015-000867,2015-11-18,2015-11-20,First Class,sandra-1184,Sandra Scott,Consumer,United States,Boston,Massachusetts,20313,East,FUR-CHAI-5263,Furniture,Chairs,"HON Chair, Black",2081.21,6,0.1,172.74
1817,US-2015-000867,2015-11-18,2015-11-20,First Class,sandra-1184,Sandra Scott,Consumer,United States,Boston,Massachusetts,20311,East,FUR-FURN-6040,Furniture,Furnishings,"Eldon Furnishing Deluxe, Multicolor",210.96,3,0,80.16
1818,US-2017-000868,2017-05-05,2017-05-08,Second Class,daniel-1436,Daniel Martinez,Home Office,United States,Pittsburgh,Pennsylvania,86488,East,TEC-ACCE-9374,Technology,Accessories,"Logitech Headset Steel, Black",66.5,1,0.2,14.5
1819,US-2017-000868,2017-05-05,2017-05-08,Second Class,daniel-1436,Daniel Martinez,Home Office,United States,Pittsburgh,Pennsylvania,88696,East,TEC-ACCE-9971,Technology,Accessories,"Kensington Headset Steel, Gray",96.39,1,0,36.63
1820,US-2016-000869,2016-09-05,2016-09-10,Standard Class,matthew-1657,Matthew Jackson,Home Office,United States,Wilmington,Delaware,12274,East,OFF-ENVE-3956,Office Supplies,Envelopes,"Columbian Envelope, White",30.36,2,0,13.66
1821,US-2014-000870,2014-07-12,2014-07-17,Standard Class,nancy-1068,Nancy Garcia,Consumer,United States,Newark,New Jersey,54510,East,OFF-LABE-8390,Office Supplies,Labels,"Harbour Creations Label Eco, White",34.68,3,0.2,10.61
1822,US-2014-000870,2014-07-12,2014-07-17,Standard Class,nancy-1068,Nancy Garcia,Consumer,United States,Newark,New Jersey,10350,East,OFF-ART-5902,Office Supplies,Art,"Sanford Sketch Book Classic, Multicolor",104.41,6,0.3,27.25
1823,US-2015-000871,2015-07-20,2015-07-23,Second Class,nancy-1688,Nancy Martin,Corporate,United States,Charlotte,North Carolina,75130,South,OFF-ENVE-9802,Office Supplies,Envelopes,"Jiffy Envelope 100 Series, Gray",33.01,4,0.3,7.72
1824,US-2015-000871,2015-07-20,2015-07-23,Second Class,nancy-1688,Nancy Martin,Corporate,United States,Charlotte,North Carolina,76255,South,TEC-MACH-4338,Technology,Machines,"Canon Printer 100 Series, Black",685.27,1,0,34.26
1825,US-2016-000872,2016-12-22,2016-12-27,Standard Class,mary-1363,Mary Moore,Consumer,United States,Indianapolis,Indiana,25589,Central,TEC-ACCE-6722,Technology,Accessories,"SanDisk Headset 100 Series, Black",207.12,3,0.1,61.93
1826,US-2016-000872,2016-12-22,2016-12-27,Standard Class,mary-1363,Mary Moore,Consumer,United States,Indianapolis,Indiana,49792,Central,TEC-MACH-6631,Technology,Machines,"Zebra Printer Pro, Gray",532.03,1,0.1,-45.22
1827,US-2016-000872,2016-12-22,2016-12-27,Standard Class,mary-1363,Mary Moore,Consumer,United States,Indianapolis,Indiana,59387,Central,FUR-FURN-6411,Furniture,Furnishings,"Howard Miller Furnishing Steel, Multicolor",26.64,1,0.3,3.65
1828,US-2016-000872,2016-12-22,2016-12-27,Standard Class,mary-1363,Mary Moore,Consumer,United States,Indianapolis,Indiana,79795,Central,TEC-COPI-4524,Technology,Copiers,"Brother Copier 200 Series, Gray",851.19,1,0,348.99
1829,US-2014-000873,2014-05-14,2014-05-16,First Class,linda-1200,Linda Young,Consumer,United States,Sioux Falls,South Dakota,41741,Central,OFF-BIND-3835,Office Supplies,Binders,"Cardinal Binder 200 Series, Black",20.97,1,0.1,4.57
1830,US-2014-000873,2014-05-14,2014-05-16,First Class,linda-1200,Linda Young,Consumer,United States,Sioux Falls,South Dakota,35323,Central,FUR-CHAI-3840,Furniture,Chairs,"Harbour Creations Chair 100 Series, Black",186.47,1,0,37.29
1831,US-2014-000873,2014-05-14,2014-05-16,First Class,linda-1200,Linda Young,Consumer,United States,Sioux Falls,South Dakota,17075,Central,OFF-LABE-5845,Office Supplies,Labels,"Avery Label 100 Series, White",10.13,1,0,4.56
1832,US-2017-000874,2017-11-08,2017-11-10,First Class,nancy-1039,Nancy Lee,Consumer,United States,Boston,Massachusetts,90467,East,TEC-COPI-2635,Technology,Copiers,"Sharp Copier 100 Series, Gray",8024.52,7,0,3290.05
1833,US-2015-000875,2015-09-03,2015-09-08,Standard Class,william-1759,William Harris,Consumer,United States,Albuquerque,New Mexico,30015,West,OFF-PAPE-4010,Office Supplies,Paper,"Wausau Copy Paper 100 Series, White",23.04,2,0,9.68
1834,US-2015-000875,2015-09-03,2015-09-08,Standard Class,william-1759,William Harris,Consumer,United States,Albuquerque,New Mexico,23716,West,FUR-CHAI-2344,Furniture,Chairs,"Office Star Chair Eco, Gray",1099.15,5,0,219.83
1835,US-2015-000875,2015-09-03,2015-09-08,Standard Class,william-1759,William Harris,Consumer,United States,Albuquerque,New Mexico,27356,West,OFF-SUPP-1282,Office Supplies,Supplies,"Harbour Creations Supply Kit 100 Series, Black",191.77,4,0.1,11.51
1836,US-2015-000876,2015-01-05,2015-01-10,Standard Class,christopher-1757,Christopher Taylor,Corporate,United States,Cleveland,Ohio,95248,Central,TEC-PHON-2371,Technology,Phones,"Samsung Phone 200 Series, White",1365.28,8,0,464.2
1837,US-2015-000876,2015-01-05,2015-01-10,Standard Class,christopher-1757,Christopher Taylor,Corporate,United States,Cleveland,Ohio,21319,Central,OFF-SUPP-3392,Office Supplies,Supplies,"Novimex Supply Kit Steel, Black",21.65,1,0.5,-6.5
1838,US-2017-000877,2017-03-17,2017-03-20,Second Class,daniel-1582,Daniel Anderson,Corporate,United States,Phoenix,Arizona,13999,West,OFF-STOR-3173,Office Supplies,Storage,"Deflect-O Storage Bin 200 Series, White",488.12,4,0,97.62
1839,US-2017-000877,2017-03-17,2017-03-20,Second Class,daniel-1582,Daniel Anderson,Corporate,United States,Phoenix,Arizona,89962,West,FUR-CHAI-6564,Furniture,Chairs,"Office Star Chair Eco, Gray",348.27,1,0,69.65
1840,US-2015-000878,2015-10-26,2015-10-31,Standard Class,richard-1190,Richard Lee,Home Office,United States,Albuquerque,New Mexico,33846,West,FUR-BOOK-1261,Furniture,Bookcases,"Sauder Bookcase Steel, White",516.14,2,0,72.26
1841,US-2015-000878,2015-10-26,2015-10-31,Standard Class,richard-1190,Richard Lee,Home Office,United States,Albuquerque,New Mexico,54705,West,OFF-FAST-6875,Office Supplies,Fasteners,"OIC Fastener Steel, Gray",3.28,1,0.7,-0.18
1842,US-2015-000878,2015-10-26,2015-10-31,Standard Class,richard-1190,Richard Lee,Home Office,United States,Albuquerque,New Mexico,53317,West,FUR-CHAI-5213,Furniture,Chairs,"Harbour Creations Chair, Gray",2970.1,11,0.1,246.52
1843,US-2015-000878,2015-10-26,2015-10-31,Standard Class,richard-1190,Richard Lee,Home Office,United States,Albuquerque,New Mexico,27635,West,TEC-ACCE-4346,Technology,Accessories,"Kensington Headset Eco, Black",586.95,7,0,223.04
1844,US-2017-000879,2017-06-23,2017-06-28,Standard Class,emily-1398,Emily Young,Consumer,United States,Boise,Idaho,11196,West,OFF-APPL-2444,Office Supplies,Appliances,"Kitchex Appliance, Gray",1295.3,6,0.1,246.11
1845,US-2015-000880,2015-04-05,2015-04-08,Second Class,david-1337,David Young,Corporate,United States,Cincinnati,Ohio,44029,Central,TEC-PHON-5028,Technology,Phones,"Plantronics Phone Pro, Gray",343.81,2,0.2,55.01
1846,US-2015-000880,2015-04-05,2015-04-08,Second Class,david-1337,David Young,Corporate,United States,Cincinnati,Ohio,87140,Central,TEC-COPI-6925,Technology,Copiers,"Ricoh Copier, Black",2064.1,2,0.1,697.67
1847,US-2015-000880,2015-04-05,2015-04-08,Second Class,david-1337,David Young,Corporate,United States,Cincinnati,Ohio,61622,Central,OFF-STOR-8769,Office Supplies,Storage,"Fellowes Storage Bin Steel, Black",63.97,1,0,12.79
1848,US-2017-000881,2017-06-28,2017-07-03,Standard Class,steven-1705,Steven Lee,Consumer,United States,Boise,Idaho,24521,West,OFF-ART-9790,Office Supplies,Art,"Newell Sketch Book 200 Series, Multicolor",121.09,8,0.2,39.23
1849,US-2016-000882,2016-06-21,2016-06-26,Standard Class,linda-1382,Linda Moore,Corporate,United States,Newark,New Jersey,46510,East,OFF-PAPE-7920,Office Supplies,Paper,"Georgia Pacific Copy Paper Eco, Black",17.24,2,0.5,0.26
1850,US-2016-000882,2016-06-21,2016-06-26,Standard Class,linda-1382,Linda Moore,Corporate,United States,Newark,New Jersey,72252,East,OFF-PAPE-8858,Office Supplies,Paper,"Mead Copy Paper Deluxe, Gray",37.84,3,0.3,6.7
1851,US-2015-000883,2015-10-05,2015-10-10,Standard Class,mark-1365,Mark Anderson,Home Office,United States,Las Vegas,Nevada,18438,West,OFF-STOR-9240,Office Supplies,Storage,"Tennsco Storage Bin 200 Series, White",78.79,2,0.5,-23.24
1852,US-2015-000883,2015-10-05,2015-10-10,Standard Class,mark-1365,Mark Anderson,Home Office,United States,Las Vegas,Nevada,95448,West,OFF-LABE-3563,Office Supplies,Labels,"Novimex Label Steel, Black",12.56,1,0,5.65
1853,US-2016-000884,2016-05-09,2016-05-14,Standard Class,thomas-1229,Thomas Taylor,Consumer,United States,Lexington,Kentucky,16531,South,OFF-STOR-2828,Office Supplies,Storage,"Deflect-O Storage Bin Eco, White",175.7,3,0.4,-34.44
1854,US-2016-000885,2016-08-10,2016-08-15,Standard Class,ashley-1754,Ashley Lee,Consumer,United States,Indianapolis,Indiana,28951,Central,OFF-BIND-6362,Office Supplies,Binders,"Avery Binder 100 Series, Gray",22.7,1,0.4,-6.08
1855,US-2014-000886,2014-11-06,2014-11-11,Standard Class,elizabeth-1554,Elizabeth Walker,Consumer,United States,Washington,District of Columbia,95840,East,OFF-ART-7720,Office Supplies,Art,"BIC Sketch Book Steel, Multicolor",33.32,2,0,14.99
1856,US-2014-000886,2014-11-06,2014-11-11,Standard Class,elizabeth-1554,Elizabeth Walker,Consumer,United States,Washington,District of Columbia,82555,East,FUR-CHAI-5498,Furniture,Chairs,"HON Chair, Black",170.87,1,0.4,-45.79
1857,US-2015-000887,2015-10-03,2015-10-08,Standard Class,mary-1247,Mary Rodriguez,Consumer,United States,Baton Rouge,Louisiana,15362,South,FUR-TABL-5279,Furniture,Tables,"Bretford Table Pro, Black",1684.87,7,0.4,-1128.86
1858,US-2015-000887,2015-10-03,2015-10-08,Standard Class,mary-1247,Mary Rodriguez,Consumer,United States,Baton Rouge,Louisiana,37029,South,TEC-ACCE-7601,Technology,Accessories,"Kensington Headset Eco, White",117.32,1,0.1,35.08
1859,US-2015-000887,2015-10-03,2015-10-08,Standard Class,mary-1247,Mary Rodriguez,Consumer,United States,Baton Rouge,Louisiana,99497,South,OFF-SUPP-2754,Office Supplies,Supplies,"Elite Supply Kit 100 Series, White",88.13,2,0.2,-2.64
1860,US-2014-000888,2014-12-25,2014-12-25,Same Day,andrew-1755,Andrew Williams,Consumer,United States,Dallas,Texas,81962,Central,OFF-STOR-5028,Office Supplies,Storage,"Tennsco Storage Bin Deluxe, Gray",129.51,2,0.3,-12.56
1861,US-2014-000888,2014-12-25,2014-12-25,Same Day,andrew-1755,Andrew Williams,Consumer,United States,Dallas,Texas,77109,Central,OFF-APPL-7328,Office Supplies,Appliances,"Eldon Appliance 200 Series, Black",209.66,1,0,58.7
1862,US-2014-000888,2014-12-25,2014-12-25,Same Day,andrew-1755,Andrew Williams,Consumer,United States,Dallas,Texas,72980,Central,OFF-FAST-1041,Office Supplies,Fasteners,"Staples Fastener Steel, Black",17.49,3,0.3,4.09
1863,US-2017-000889,2017-06-23,2017-06-26,Second Class,richard-1576,Richard Lewis,Corporate,United States,Cheyenne,Wyoming,31655,West,TEC-MACH-2122,Technology,Machines,"Canon Printer Pro, Black",1828.59,3,0,91.43
1864,US-2016-000890,2016-12-20,2016-12-25,Standard Class,kimberly-1659,Kimberly Martin,Home Office,United States,Baltimore,Maryland,90316,East,OFF-STOR-1601,Office Supplies,Storage,"Deflect-O Storage Bin Pro, Black",104.25,1,0,20.85
1865,US-2016-000890,2016-12-20,2016-12-25,Standard Class,kimberly-1659,Kimberly Martin,Home Office,United States,Baltimore,Maryland,83883,East,OFF-FAST-4647,Office Supplies,Fasteners,"Advantus Fastener Eco, White",14.42,2,0,6.49
1866,US-2015-000891,2015-01-30,2015-02-02,Second Class,sandra-1002,Sandra Brown,Corporate,United States,Providence,Rhode Island,87823,East,FUR-CHAI-4948,Furniture,Chairs,"Office Star Chair Steel, Black",322.95,1,0,64.59
1867,US-2015-000891,2015-01-30,2015-02-02,Second Class,sandra-1002,Sandra Brown,Corporate,United States,Providence,Rhode Island,47715,East,TEC-COPI-1834,Technology,Copiers,"Sharp Copier 100 Series, White",4807.59,9,0.3,932.67
1868,US-2015-000891,2015-01-30,2015-02-02,Second Class,sandra-1002,Sandra Brown,Corporate,United States,Providence,Rhode Island,71381,East,OFF-FAST-5299,Office Supplies,Fasteners,"Advantus Fastener 100 Series, White",3.63,1,0.5,0.33
1869,US-2017-000892,2017-11-19,2017-11-24,Standard Class,lisa-1260,Lisa White,Home Office,United States,Chicago,Illinois,28949,Central,TEC-MACH-7447,Technology,Machines,"Canon Printer 100 Series, Gray",665.26,1,0,33.26
1870,US-2017-000892,2017-11-19,2017-11-24,Standard Class,lisa-1260,Lisa White,Home Office,United States,Chicago,Illinois,55091,Central,OFF-STOR-1289,Office Supplies,Storage,"Tennsco Storage Bin Pro, Gray",187.69,3,0.5,-55.37
1871,US-2017-000893,2017-06-26,2017-07-01,Standard Class,andrew-1513,Andrew Williams,Consumer,United States,Springfield,Illinois,49578,Central,TEC-PHON-4168,Technology,Phones,"Panasonic Phone 100 Series, Black",117.98,1,0.5,-12.98
1872,US-2016-000894,2016-03-05,2016-03-10,Standard Class,richard-1476,Richard Moore,Consumer,United States,Aurora,Illinois,42186,Central,TEC-COPI-9072,Technology,Copiers,"Canon Copier Eco, White",2140.07,5,0.3,415.17
1873,US-2016-000894,2016-03-05,2016-03-10,Standard Class,richard-1476,Richard Moore,Consumer,United States,Aurora,Illinois,62747,Central,OFF-LABE-6232,Office Supplies,Labels,"Avery Label Pro, Gray",26.58,2,0,11.96
1874,US-2014-000895,2014-09-19,2014-09-22,Second Class,jennifer-1356,Jennifer Thompson,Consumer,United States,Wilmington,Delaware,14384,East,FUR-TABL-7278,Furniture,Tables,"Lesro Table, Black",3621.0,5,0,-470.73
1875,US-2017-000896,2017-10-07,2017-10-12,Standard Class,matthew-1411,Matthew Lewis,Home Office,United States,Billings,Montana,26789,West,TEC-ACCE-7029,Technology,Accessories,"Kensington Headset Deluxe, Gray",396.6,4,0,150.71
1876,US-2014-000897,2014-11-18,2014-11-23,Standard Class,thomas-1276,Thomas Lewis,Consumer,United States,Orlando,Florida,50618,South,FUR-TABL-2219,Furniture,Tables,"BPI Table, Black",462.0,1,0,-60.06
1877,US-2017-000898,2017-12-04,2017-12-09,Standard Class,betty-1414,Betty Green,Consumer,United States,Billings,Montana,16757,West,TEC-ACCE-5391,Technology,Accessories,"Kensington Headset 100 Series, White",538.48,4,0,204.62
1878,US-2017-000898,2017-12-04,2017-12-09,Standard Class,betty-1414,Betty Green,Consumer,United States,Billings,Montana,77328,West,TEC-COPI-8159,Technology,Copiers,"Hewlett-Packard Copier Pro, Gray",398.33,1,0.3,77.28
1879,US-2017-000898,2017-12-04,2017-12-09,Standard Class,betty-1414,Betty Green,Consumer,United States,Billings,Montana,18954,West,OFF-ART-7800,Office Supplies,Art,"Sanford Sketch Book 200 Series, Multicolor",10.44,1,0.5,1.41
1880,US-2014-000899,2014-12-03,2014-12-05,First Class,sandra-1535,Sandra Johnson,Home Office,United States,Montgomery,Alabama,30850,South,OFF-APPL-3723,Office Supplies,Appliances,"Holmes Appliance Deluxe, Black",316.32,3,0,88.57
1881,US-2017-000900,2017-05-25,2017-05-28,Second Class,emily-1110,Emily Wright,Corporate,United States,Providence,Rhode Island,58799,East,OFF-APPL-7460,Office Supplies,Appliances,"Honeywell Appliance Eco, Gray",340.4,2,0,95.31
1882,US-2017-000900,2017-05-25,2017-05-28,Second Class,emily-1110,Emily Wright,Corporate,United States,Providence,Rhode Island,22787,East,OFF-BIND-6194,Office Supplies,Binders,"Wilson Jones Binder Pro, Black",293.12,8,0,111.39
1883,US-2017-000901,2017-01-17,2017-01-22,Standard Class,thomas-1391,Thomas Lee,Consumer,United States,Oklahoma City,Oklahoma,66209,Central,OFF-PAPE-4376,Office Supplies,Paper,"Southworth Copy Paper, Gray",23.77,2,0.3,4.21
1884,US-2015-000902,2015-03-10,2015-03-15,Standard Class,james-1061,James Brown,Home Office,United States,Chicago,Illinois,48153,Central,OFF-BIND-4204,Office Supplies,Binders,"GBC Binder, Black",38.4,2,0.2,2.15
1885,US-2017-000903,2017-03-01,2017-03-06,Standard Class,susan-1431,Susan Thompson,Consumer,United States,Boise,Idaho,64531,West,OFF-ENVE-3365,Office Supplies,Envelopes,"Quality Park Envelope Steel, White",22.66,2,0,10.2
1886,US-2017-000903,2017-03-01,2017-03-06,Standard Class,susan-1431,Susan Thompson,Consumer,United States,Boise,Idaho,77653,West,OFF-ART-3413,Office Supplies,Art,"Binney & Smith Sketch Book Classic, Multicolor",14.31,1,0.1,5.54
1887,US-2017-000903,2017-03-01,2017-03-06,Standard Class,susan-1431,Susan Thompson,Consumer,United States,Boise,Idaho,97987,West,OFF-SUPP-5911,Office Supplies,Supplies,"Novimex Supply Kit, Black",50.8,2,0.4,-10.67
1888,US-2017-000903,2017-03-01,2017-03-06,Standard Class,susan-1431,Susan Thompson,Consumer,United States,Boise,Idaho,66283,West,OFF-ART-6382,Office Supplies,Art,"BIC Sketch Book Eco, Multicolor",106.7,5,0,48.02
1889,US-2016-000904,2016-04-05,2016-04-10,Standard Class,john-1627,John White,Corporate,United States,Jacksonville,Florida,73773,South,OFF-ENVE-7339,Office Supplies,Envelopes,"Southworth Envelope, White",71.56,5,0.2,21.9
1890,US-2016-000904,2016-04-05,2016-04-10,Standard Class,john-1627,John White,Corporate,United States,Jacksonville,Florida,88143,South,FUR-BOOK-3141,Furniture,Bookcases,"Sauder Bookcase Eco, Black",666.99,3,0,93.38
1891,US-2016-000904,2016-04-05,2016-04-10,Standard Class,john-1627,John White,Corporate,United States,Jacksonville,Florida,61284,South,TEC-COPI-2132,Technology,Copiers,"Canon Copier 100 Series, White",2278.32,2,0,934.11
1892,US-2016-000905,2016-04-01,2016-04-01,Same Day,david-1283,David Scott,Consumer,United States,Richmond,Virginia,54687,South,FUR-FURN-7520,Furniture,Furnishings,"Sauder Furnishing Deluxe, Multicolor",368.54,4,0.2,80.34
1893,US-2016-000905,2016-04-01,2016-04-01,Same Day,david-1283,David Scott,Consumer,United States,Richmond,Virginia,82143,South,OFF-ART-3303,Office Supplies,Art,"BIC Sketch Book, Multicolor",12.01,1,0.2,3.89
1894,US-2016-000905,2016-04-01,2016-04-01,Same Day,david-1283,David Scott,Consumer,United States,Richmond,Virginia,36082,South,TEC-PHON-5527,Technology,Phones,"Cisco Phone Pro, White",1510.97,6,0.1,377.74
1895,US-2016-000905,2016-04-01,2016-04-01,Same Day,david-1283,David Scott,Consumer,United States,Richmond,Virginia,41368,South,OFF-STOR-9249,Office Supplies,Storage,"Carina Storage Bin Deluxe, White",562.56,6,0,112.51
1896,US-2017-000906,2017-08-25,2017-08-30,Standard Class,sarah-1086,Sarah Wilson,Consumer,United States,Wichita,Kansas,21591,Central,OFF-BIND-1425,Office Supplies,Binders,"Cardinal Binder 100 Series, Gray",16.54,1,0.4,-4.43
1897,US-2014-000907,2014-12-19,2014-12-24,Standard Class,william-1193,William Moore,Consumer,United States,Tampa,Florida,20676,South,TEC-MACH-4613,Technology,Machines,"Zebra Printer, Black",1368.07,4,0.4,-670.35
1898,US-2014-000907,2014-12-19,2014-12-24,Standard Class,william-1193,William Moore,Consumer,United States,Tampa,Florida,85122,South,TEC-MACH-1535,Technology,Machines,"Cubify Printer Deluxe, Black",698.75,2,0.4,-342.39
1899,US-2014-000907,2014-12-19,2014-12-24,Standard Class,william-1193,William Moore,Consumer,United States,Tampa,Florida,40391,South,OFF-LABE-5155,Office Supplies,Labels,"Avery Label 200 Series, Gray",12.78,1,0.1,4.83
1900,US-2014-000907,2014-12-19,2014-12-24,Standard Class,william-1193,William Moore,Consumer,United States,Tampa,Florida,69448,South,OFF-PAPE-8343,Office Supplies,Paper,"Southworth Copy Paper Deluxe, Black",16.14,1,0.2,4.16
1901,US-2017-000908,2017-07-25,2017-07-30,Standard Class,karen-1286,Karen Wright,Consumer,United States,Tucson,Arizona,69139,West,TEC-COPI-8740,Technology,Copiers,"Hewlett-Packard Copier 100 Series, White",695.02,1,0.2,184.88
1902,US-2017-000908,2017-07-25,2017-07-30,Standard Class,karen-1286,Karen Wright,Consumer,United States,Tucson,Arizona,79905,West,OFF-PAPE-6575,Office Supplies,Paper,"Georgia Pacific Copy Paper Eco, Black",22.48,1,0.1,7.62
1903,US-2017-000908,2017-07-25,2017-07-30,Standard Class,karen-1286,Karen Wright,Consumer,United States,Tucson,Arizona,54684,West,FUR-CHAI-8189,Furniture,Chairs,"Harbour Creations Chair Eco, White",374.02,1,0,74.8
1904,US-2017-000908,2017-07-25,2017-07-30,Standard Class,karen-1286,Karen Wright,Consumer,United States,Tucson,Arizona,57171,West,OFF-LABE-1843,Office Supplies,Labels,"Dax Label Classic, Black",59.99,5,0.1,22.68
1905,US-2017-000909,2017-06-25,2017-06-30,Standard Class,elizabeth-1052,Elizabeth Taylor,Consumer,United States,Wichita,Kansas,99539,Central,OFF-STOR-7853,Office Supplies,Storage,"Tennsco Storage Bin Pro, Black",73.85,1,0,14.77
1906,US-2017-000909,2017-06-25,2017-06-30,Standard Class,elizabeth-1052,Elizabeth Taylor,Consumer,United States,Wichita,Kansas,89804,Central,OFF-BIND-5396,Office Supplies,Binders,"Cardinal Binder Pro, Gray",91.04,4,0.1,19.85
1907,US-2017-000909,2017-06-25,2017-06-30,Standard Class,elizabeth-1052,Elizabeth Taylor,Consumer,United States,Wichita,Kansas,33855,Central,TEC-PHON-9657,Technology,Phones,"Panasonic Phone Steel, Gray",130.02,1,0.2,20.8
1908,US-2015-000910,2015-04-12,2015-04-17,Standard Class,mary-1419,Mary Lopez,Corporate,United States,Manchester,New Hampshire,84056,East,TEC-COPI-8193,Technology,Copiers,"Sharp Copier Classic, White",4112.64,4,0,1686.18
1909,US-2015-000910,2015-04-12,2015-04-17,Standard Class,mary-1419,Mary Lopez,Corporate,United States,Manchester,New Hampshire,19144,East,TEC-ACCE-4650,Technology,Accessories,"Belkin Headset Steel, Black",243.85,3,0.4,13.66
1910,US-2015-000910,2015-04-12,2015-04-17,Standard Class,mary-1419,Mary Lopez,Corporate,United States,Manchester,New Hampshire,82601,East,FUR-FURN-4905,Furniture,Furnishings,"Eldon Furnishing Classic, Multicolor",609.24,12,0,231.51
1911,US-2016-000911,2016-09-18,2016-09-23,Standard Class,sandra-1676,Sandra White,Corporate,United States,San Antonio,Texas,28757,Central,OFF-ART-3686,Office Supplies,Art,"Sanford Sketch Book Deluxe, Multicolor",18.64,1,0,8.39
1912,US-2016-000911,2016-09-18,2016-09-23,Standard Class,sandra-1676,Sandra White,Corporate,United States,San Antonio,Texas,13609,Central,OFF-BIND-5132,Office Supplies,Binders,"Samsung Binder Deluxe, Black",18.23,1,0,6.93
1913,US-2016-000911,2016-09-18,2016-09-23,Standard Class,sandra-1676,Sandra White,Corporate,United States,San Antonio,Texas,61353,Central,OFF-SUPP-4712,Office Supplies,Supplies,"Novimex Supply Kit Eco, White",124.08,3,0,18.61
1914,US-2016-000911,2016-09-18,2016-09-23,Standard Class,sandra-1676,Sandra White,Corporate,United States,San Antonio,Texas,16365,Central,OFF-PAPE-2480,Office Supplies,Paper,"Southworth Copy Paper Eco, Black",15.88,1,0,6.67
1915,US-2017-000912,2017-10-26,2017-10-31,Standard Class,sarah-1569,Sarah Garcia,Consumer,United States,Baltimore,Maryland,55884,East,OFF-PAPE-2907,Office Supplies,Paper,"Southworth Copy Paper 100 Series, Gray",69.8,4,0,29.32
1916,US-2017-000912,2017-10-26,2017-10-31,Standard Class,sarah-1569,Sarah Garcia,Consumer,United States,Baltimore,Maryland,49674,East,OFF-LABE-6308,Office Supplies,Labels,"Dax Label, Black",19.12,2,0.2,5.85
1917,US-2017-000912,2017-10-26,2017-10-31,Standard Class,sarah-1569,Sarah Garcia,Consumer,United States,Baltimore,Maryland,68541,East,OFF-APPL-1489,Office Supplies,Appliances,"Honeywell Appliance Pro, Black",1195.72,6,0.1,227.19
1918,US-2016-000913,2016-07-14,2016-07-17,Second Class,sandra-1184,Sandra Scott,Consumer,United States,Dallas,Texas,22194,Central,OFF-ART-2231,Office Supplies,Art,"Binney & Smith Sketch Book Deluxe, Multicolor",161.2,8,0,72.54
1919,US-2016-000913,2016-07-14,2016-07-17,Second Class,sandra-1184,Sandra Scott,Consumer,United States,Dallas,Texas,78746,Central,OFF-PAPE-7794,Office Supplies,Paper,"Mead Copy Paper Steel, Gray",77.0,5,0,32.34
1920,US-2016-000913,2016-07-14,2016-07-17,Second Class,sandra-1184,Sandra Scott,Consumer,United States,Dallas,Texas,50595,Central,TEC-MACH-4325,Technology,Machines,"Epson Printer Classic, Gray",475.45,1,0,23.77
1921,US-2016-000913,2016-07-14,2016-07-17,Second Class,sandra-1184,Sandra Scott,Consumer,United States,Dallas,Texas,40731,Central,OFF-STOR-2853,Office Supplies,Storage,"Deflect-O Storage Bin 200 Series, Black",243.69,3,0,48.74
1922,US-2015-000914,2015-03-04,2015-03-09,Standard Class,nancy-1570,Nancy Lewis,Consumer,United States,Indianapolis,Indiana,20393,Central,FUR-FURN-9635,Furniture,Furnishings,"Eldon Furnishing 200 Series, Multicolor",156.3,2,0,59.39
1923,US-2014-000915,2014-12-19,2014-12-24,Standard Class,steven-1697,Steven Harris,Consumer,United States,Charlotte,North Carolina,18933,South,OFF-STOR-5449,Office Supplies,Storage,"Tennsco Storage Bin Pro, Black",58.54,1,0.3,-5.68
1924,US-2014-000915,2014-12-19,2014-12-24,Standard Class,steven-1697,Steven Harris,Consumer,United States,Charlotte,North Carolina,12348,South,FUR-CHAI-7800,Furniture,Chairs,"SAFCO Chair Steel, Black",576.74,2,0.1,47.87
1925,US-2014-000915,2014-12-19,2014-12-24,Standard Class,steven-1697,Steven Harris,Consumer,United States,Charlotte,North Carolina,62199,South,FUR-TABL-7647,Furniture,Tables,"Bretford Table 200 Series, Gray",347.4,1,0.3,-185.86
1926,US-2017-000916,2017-04-11,2017-04-16,Standard Class,daniel-1555,Daniel White,Consumer,United States,Boston,Massachusetts,65869,East,TEC-PHON-4897,Technology,Phones,"Cisco Phone 200 Series, White",458.96,2,0.1,114.74
1927,US-2017-000916,2017-04-11,2017-04-16,Standard Class,daniel-1555,Daniel White,Consumer,United States,Boston,Massachusetts,96988,East,FUR-CHAI-6498,Furniture,Chairs,"HON Chair Eco, Black",987.99,3,0,197.6
1928,US-2017-000916,2017-04-11,2017-04-16,Standard Class,daniel-1555,Daniel White,Consumer,United States,Boston,Massachusetts,84121,East,OFF-PAPE-8541,Office Supplies,Paper,"Mead Copy Paper 100 Series, Black",17.58,1,0.2,4.54
1929,US-2017-000916,2017-04-11,2017-04-16,Standard Class,daniel-1555,Daniel White,Consumer,United States,Boston,Massachusetts,83709,East,TEC-ACCE-3166,Technology,Accessories,"Kensington Headset Classic, Black",115.94,1,0,44.06
1930,US-2015-000917,2015-10-31,2015-11-02,First Class,thomas-1721,Thomas Johnson,Corporate,United States,Savannah,Georgia,92790,South,OFF-BIND-9282,Office Supplies,Binders,"GBC Binder Pro, Black",235.6,8,0,89.53
1931,US-2015-000917,2015-10-31,2015-11-02,First Class,thomas-1721,Thomas Johnson,Corporate,United States,Savannah,Georgia,31611,South,OFF-STOR-2266,Office Supplies,Storage,"Tennsco Storage Bin 100 Series, Black",77.06,1,0,15.41
1932,US-2015-000917,2015-10-31,2015-11-02,First Class,thomas-1721,Thomas Johnson,Corporate,United States,Savannah,Georgia,50603,South,FUR-BOOK-8528,Furniture,Bookcases,"Lesro Bookcase Pro, Black",215.4,6,0.8,-186.97
1933,US-2017-000918,2017-09-27,2017-10-02,Standard Class,sarah-1478,Sarah Thompson,Corporate,United States,Boulder,Colorado,71582,West,FUR-FURN-2148,Furniture,Furnishings,"Sauder Furnishing Deluxe, Multicolor",24.14,1,0.5,-0.6
1934,US-2017-000919,2017-10-07,2017-10-09,First Class,elizabeth-1472,Elizabeth Harris,Consumer,United States,Wichita,Kansas,89116,Central,OFF-BIND-6613,Office Supplies,Binders,"Cardinal Binder Deluxe, Gray",31.06,2,0,11.8
1935,US-2017-000920,2017-12-02,2017-12-04,First Class,kimberly-1487,Kimberly King,Consumer,United States,Cleveland,Ohio,93979,Central,OFF-LABE-3567,Office Supplies,Labels,"Dax Label, Gray",46.44,4,0.1,17.55
1936,US-2017-000920,2017-12-02,2017-12-04,First Class,kimberly-1487,Kimberly King,Consumer,United States,Cleveland,Ohio,16533,Central,OFF-LABE-8715,Office Supplies,Labels,"Dax Label Eco, White",17.99,1,0,8.1
1937,US-2017-000920,2017-12-02,2017-12-04,First Class,kimberly-1487,Kimberly King,Consumer,United States,Cleveland,Ohio,28144,Central,OFF-LABE-7864,Office Supplies,Labels,"Avery Label 100 Series, White",31.56,2,0,14.2
1938,US-2014-000921,2014-11-05,2014-11-10,Standard Class,sarah-1157,Sarah Smith,Consumer,United States,Dallas,Texas,53528,Central,FUR-CHAI-5397,Furniture,Chairs,"Harbour Creations Chair 100 Series, Gray",423.87,1,0,84.77
1939,US-2014-000921,2014-11-05,2014-11-10,Standard Class,sarah-1157,Sarah Smith,Consumer,United States,Dallas,Texas,43899,Central,OFF-APPL-2781,Office Supplies,Appliances,"GE Appliance Deluxe, White",229.64,2,0.4,-18.37
1940,US-2014-000922,2014-02-25,2014-03-02,Standard Class,john-1067,John Clark,Consumer,United States,Fargo,North Dakota,85394,Central,OFF-ENVE-9642,Office Supplies,Envelopes,"Columbian Envelope Pro, White",56.0,5,0,25.2
1941,US-2014-000922,2014-02-25,2014-03-02,Standard Class,john-1067,John Clark,Consumer,United States,Fargo,North Dakota,88005,Central,OFF-ENVE-7806,Office Supplies,Envelopes,"Jiffy Envelope Steel, White",44.1,2,0,19.84
1942,US-2014-000923,2014-03-19,2014-03-24,Standard Class,sandra-1441,Sandra Jackson,Home Office,United States,Raleigh,North Carolina,93383,South,OFF-SUPP-1699,Office Supplies,Supplies,"Elite Supply Kit, White",60.59,2,0.1,3.64
1943,US-2014-000923,2014-03-19,2014-03-24,Standard Class,sandra-1441,Sandra Jackson,Home Office,United States,Raleigh,North Carolina,74080,South,FUR-CHAI-8426,Furniture,Chairs,"Office Star Chair Eco, Black",1700.7,6,0,340.14
1944,US-2014-000923,2014-03-19,2014-03-24,Standard Class,sandra-1441,Sandra Jackson,Home Office,United States,Raleigh,North Carolina,42583,South,OFF-ENVE-5256,Office Supplies,Envelopes,"Jiffy Envelope Pro, White",95.52,8,0,42.98
1945,US-2016-000924,2016-03-03,2016-03-06,Second Class,karen-1274,Karen Brown,Consumer,United States,Portland,Maine,55451,East,OFF-ENVE-1314,Office Supplies,Envelopes,"Southworth Envelope Steel, Black",57.5,6,0.3,13.45
1946,US-2017-000925,2017-06-18,2017-06-20,First Class,john-1226,John Davis,Consumer,United States,Denver,Colorado,33425,West,OFF-PAPE-1826,Office Supplies,Paper,"Southworth Copy Paper Deluxe, Black",12.1,1,0,5.08
1947,US-2017-000926,2017-10-18,2017-10-23,Standard Class,richard-1583,Richard Wright,Consumer,United States,Sioux Falls,South Dakota,42577,Central,OFF-ART-4770,Office Supplies,Art,"Binney & Smith Sketch Book Deluxe, Multicolor",21.16,1,0,9.52
1948,US-2017-000926,2017-10-18,2017-10-23,Standard Class,richard-1583,Richard Wright,Consumer,United States,Sioux Falls,South Dakota,52503,Central,OFF-APPL-1464,Office Supplies,Appliances,"Honeywell Appliance 100 Series, Black",94.17,1,0.5,-16.01
1949,US-2017-000926,2017-10-18,2017-10-23,Standard Class,richard-1583,Richard Wright,Consumer,United States,Sioux Falls,South Dakota,54681,Central,TEC-MACH-1857,Technology,Machines,"Cubify Printer Eco, Black",495.3,1,0,24.77
1950,US-2015-000927,2015-12-27,2016-01-01,Standard Class,ashley-1607,Ashley Walker,Home Office,United States,Wilmington,Delaware,73743,East,FUR-FURN-4810,Furniture,Furnishings,"Howard Miller Furnishing Pro, Multicolor",71.71,2,0.3,9.82
1951,US-2015-000927,2015-12-27,2016-01-01,Standard Class,ashley-1607,Ashley Walker,Home Office,United States,Wilmington,Delaware,50641,East,TEC-PHON-5087,Technology,Phones,"Apple Phone 100 Series, Gray",1569.18,7,0.2,251.07
1952,US-2016-000928,2016-10-06,2016-10-11,Standard Class,michael-1070,Michael Green,Corporate,United States,Wilmington,Delaware,77494,East,OFF-PAPE-2986,Office Supplies,Paper,"Wausau Copy Paper Classic, White",79.55,5,0,33.41
1953,US-2016-000928,2016-10-06,2016-10-11,Standard Class,michael-1070,Michael Green,Corporate,United States,Wilmington,Delaware,19757,East,OFF-APPL-5030,Office Supplies,Appliances,"Honeywell Appliance Steel, Black",713.3,5,0.3,7.13
1954,US-2016-000928,2016-10-06,2016-10-11,Standard Class,michael-1070,Michael Green,Corporate,United States,Wilmington,Delaware,67124,East,OFF-STOR-6176,Office Supplies,Storage,"Deflect-O Storage Bin Deluxe, Black",768.18,7,0,153.64
1955,US-2017-000929,2017-10-25,2017-10-30,Standard Class,richard-1296,Richard Lewis,Consumer,United States,Atlanta,Georgia,13143,South,OFF-SUPP-7881,Office Supplies,Supplies,"Novimex Supply Kit Pro, White",23.77,1,0.5,-7.13
1956,US-2017-000929,2017-10-25,2017-10-30,Standard Class,richard-1296,Richard Lewis,Consumer,United States,Atlanta,Georgia,64736,South,TEC-PHON-2790,Technology,Phones,"Apple Phone, Black",1754.94,8,0.2,280.79
1957,US-2016-000930,2016-05-19,2016-05-24,Standard Class,thomas-1608,Thomas Green,Corporate,United States,Newark,New Jersey,79133,East,OFF-SUPP-4982,Office Supplies,Supplies,"Acme Supply Kit Steel, White",329.1,10,0,49.36
1958,US-2016-000930,2016-05-19,2016-05-24,Standard Class,thomas-1608,Thomas Green,Corporate,United States,Newark,New Jersey,82982,East,OFF-STOR-6742,Office Supplies,Storage,"Deflect-O Storage Bin, Gray",39.74,2,0.8,-23.53
1959,US-2016-000930,2016-05-19,2016-05-24,Standard Class,thomas-1608,Thomas Green,Corporate,United States,Newark,New Jersey,30525,East,OFF-ART-3885,Office Supplies,Art,"BIC Sketch Book Classic, Multicolor",54.05,2,0.2,17.51
1960,US-2016-000930,2016-05-19,2016-05-24,Standard Class,thomas-1608,Thomas Green,Corporate,United States,Newark,New Jersey,56099,East,FUR-BOOK-5757,Furniture,Bookcases,"Harbour Creations Bookcase 100 Series, Black",655.56,3,0,91.78
1961,US-2016-000931,2016-02-01,2016-02-01,Same Day,robert-1528,Robert King,Consumer,United States,Phoenix,Arizona,47232,West,OFF-SUPP-9526,Office Supplies,Supplies,"Novimex Supply Kit Classic, Gray",422.52,12,0,63.38
1962,US-2016-000932,2016-10-01,2016-10-06,Standard Class,elizabeth-1472,Elizabeth Harris,Consumer,United States,Tampa,Florida,54254,South,FUR-CHAI-9631,Furniture,Chairs,"Office Star Chair Steel, White",275.09,1,0.3,-41.54
1963,US-2014-000933,2014-08-16,2014-08-19,Second Class,sandra-1441,Sandra Jackson,Home Office,United States,Austin,Texas,29209,Central,OFF-SUPP-5078,Office Supplies,Supplies,"Fiskars Supply Kit Eco, White",33.76,1,0.1,2.03
1964,US-2014-000933,2014-08-16,2014-08-19,Second Class,sandra-1441,Sandra Jackson,Home Office,United States,Austin,Texas,38040,Central,FUR-BOOK-6726,Furniture,Bookcases,"O'Donnell Bookcase 200 Series, Gray",279.52,2,0.2,-31.31
1965,US-2014-000933,2014-08-16,2014-08-19,Second Class,sandra-1441,Sandra Jackson,Home Office,United States,Austin,Texas,87582,Central,OFF-ENVE-8898,Office Supplies,Envelopes,"Quality Park Envelope Classic, White",10.61,1,0,4.77
1966,US-2014-000934,2014-10-02,2014-10-07,Standard Class,steven-1492,Steven Hall,Corporate,United States,Billings,Montana,54840,West,OFF-FAST-7143,Office Supplies,Fasteners,"OIC Fastener 200 Series, White",9.98,1,0.1,3.77
1967,US-2016-000935,2016-10-30,2016-11-04,Standard Class,sarah-1522,Sarah Moore,Home Office,United States,Wichita,Kansas,48149,Central,OFF-BIND-5621,Office Supplies,Binders,"Avery Binder Deluxe, Black",24.58,1,0.1,5.36
1968,US-2015-000936,2015-04-20,2015-04-20,Same Day,daniel-1314,Daniel Martinez,Consumer,United States,Wilmington,Delaware,30003,East,OFF-FAST-7762,Office Supplies,Fasteners,"OIC Fastener Classic, Black",6.87,1,0.2,2.1
1969,US-2015-000936,2015-04-20,2015-04-20,Same Day,daniel-1314,Daniel Martinez,Consumer,United States,Wilmington,Delaware,69290,East,TEC-PHON-4189,Technology,Phones,"Plantronics Phone Classic, Black",498.48,2,0,169.48
1970,US-2014-000937,2014-06-17,2014-06-22,Standard Class,james-1255,James Davis,Consumer,United States,Dallas,Texas,34177,Central,FUR-CHAI-8669,Furniture,Chairs,"SAFCO Chair Steel, Black",842.34,6,0.5,-324.3
1971,US-2014-000937,2014-06-17,2014-06-22,Standard Class,james-1255,James Davis,Consumer,United States,Dallas,Texas,76433,Central,OFF-STOR-9497,Office Supplies,Storage,"Fellowes Storage Bin Pro, White",131.1,1,0,26.22
1972,US-2014-000937,2014-06-17,2014-06-22,Standard Class,james-1255,James Davis,Consumer,United States,Dallas,Texas,25042,Central,FUR-BOOK-7763,Furniture,Bookcases,"Tennsco Bookcase 100 Series, Black",151.28,1,0.1,2.12
1973,US-2014-000937,2014-06-17,2014-06-22,Standard Class,james-1255,James Davis,Consumer,United States,Dallas,Texas,14410,Central,OFF-ART-8992,Office Supplies,Art,"Newell Sketch Book 200 Series, Multicolor",37.69,2,0.1,14.59
1974,US-2016-000938,2016-09-01,2016-09-06,Standard Class,lisa-1198,Lisa Lopez,Consumer,United States,Jackson,Mississippi,44017,South,OFF-PAPE-5960,Office Supplies,Paper,"Mead Copy Paper Eco, Black",21.06,1,0,8.85
1975,US-2016-000938,2016-09-01,2016-09-06,Standard Class,lisa-1198,Lisa Lopez,Consumer,United States,Jackson,Mississippi,19657,South,OFF-APPL-4135,Office Supplies,Appliances,"Honeywell Appliance Steel, White",286.78,2,0,80.3
1976,US-2017-000939,2017-09-26,2017-09-29,Second Class,ashley-1156,Ashley Young,Consumer,United States,Montgomery,Alabama,22127,South,OFF-FAST-7697,Office Supplies,Fasteners,"OIC Fastener Deluxe, Black",9.4,1,0,4.23
1977,US-2017-000939,2017-09-26,2017-09-29,Second Class,ashley-1156,Ashley Young,Consumer,United States,Montgomery,Alabama,96217,South,TEC-PHON-2670,Technology,Phones,"Plantronics Phone 100 Series, Gray",688.5,3,0,234.09
1978,US-2017-000939,2017-09-26,2017-09-29,Second Class,ashley-1156,Ashley Young,Consumer,United States,Montgomery,Alabama,15934,South,OFF-APPL-7704,Office Supplies,Appliances,"Honeywell Appliance Classic, Gray",100.79,1,0,28.22
1979,US-2015-000940,2015-04-15,2015-04-20,Standard Class,kimberly-1095,Kimberly Wright,Corporate,United States,Boston,Massachusetts,97624,East,FUR-TABL-6600,Furniture,Tables,"Bretford Table, Gray",321.46,1,0.3,-171.98
1980,US-2014-000941,2014-05-08,2014-05-11,Second Class,david-1001,David Davis,Consumer,United States,Portland,Maine,35944,East,OFF-SUPP-5848,Office Supplies,Supplies,"Harbour Creations Supply Kit 100 Series, Gray",99.02,2,0,14.85
1981,US-2014-000941,2014-05-08,2014-05-11,Second Class,david-1001,David Davis,Consumer,United States,Portland,Maine,71918,East,FUR-TABL-7385,Furniture,Tables,"Bretford Table Pro, Black",1074.64,2,0,-139.7
1982,US-2014-000941,2014-05-08,2014-05-11,Second Class,david-1001,David Davis,Consumer,United States,Portland,Maine,68948,East,OFF-FAST-5386,Office Supplies,Fasteners,"OIC Fastener Classic, Black",1.72,1,0.8,-0.22
1983,US-2016-000942,2016-06-19,2016-06-22,Second Class,kimberly-1235,Kimberly Scott,Home Office,United States,Denver,Colorado,69104,West,OFF-LABE-7627,Office Supplies,Labels,"Avery Label 200 Series, White",65.23,6,0.2,19.96
1984,US-2016-000942,2016-06-19,2016-06-22,Second Class,kimberly-1235,Kimberly Scott,Home Office,United States,Denver,Colorado,21481,West,OFF-STOR-1745,Office Supplies,Storage,"Iceberg Storage Bin 100 Series, Black",770.72,8,0,154.14
1985,US-2017-000943,2017-01-04,2017-01-07,Second Class,matthew-1027,Matthew Garcia,Corporate,United States,Sioux Falls,South Dakota,78296,Central,FUR-TABL-4700,Furniture,Tables,"BPI Table Pro, Black",941.92,2,0,-122.45
1986,US-2017-000944,2017-08-15,2017-08-20,Standard Class,ashley-1650,Ashley Jackson,Home Office,United States,Reno,Nevada,71412,West,TEC-COPI-7640,Technology,Copiers,"Canon Copier Deluxe, White",581.06,1,0.4,70.89
1987,US-2017-000944,2017-08-15,2017-08-20,Standard Class,ashley-1650,Ashley Jackson,Home Office,United States,Reno,Nevada,35857,West,FUR-BOOK-8967,Furniture,Bookcases,"O'Donnell Bookcase Classic, Gray",150.09,1,0,21.01
1988,US-2014-000945,2014-07-26,2014-07-26,Same Day,jennifer-1720,Jennifer Lewis,Consumer,United States,Little Rock,Arkansas,56750,South,FUR-BOOK-5391,Furniture,Bookcases,"Sauder Bookcase 100 Series, Black",65.22,1,0.7,-48.39
1989,US-2016-000946,2016-03-10,2016-03-13,Second Class,linda-1238,Linda Jackson,Consumer,United States,Boise,Idaho,41956,West,OFF-PAPE-4748,Office Supplies,Paper,"Wausau Copy Paper 200 Series, White",103.45,5,0,43.45
1990,US-2016-000946,2016-03-10,2016-03-13,Second Class,linda-1238,Linda Jackson,Consumer,United States,Boise,Idaho,60583,West,FUR-BOOK-3950,Furniture,Bookcases,"O'Donnell Bookcase Eco, Black",430.56,2,0,60.28
1991,US-2016-000946,2016-03-10,2016-03-13,Second Class,linda-1238,Linda Jackson,Consumer,United States,Boise,Idaho,66043,West,FUR-TABL-8477,Furniture,Tables,"Chromcraft Table Classic, Black",6612.06,13,0,-859.57
1992,US-2017-000947,2017-01-15,2017-01-17,First Class,christopher-1518,Christopher White,Consumer,United States,Omaha,Nebraska,96358,Central,OFF-STOR-6399,Office Supplies,Storage,"Carina Storage Bin Steel, White",255.11,3,0.3,-24.75
1993,US-2016-000948,2016-12-09,2016-12-14,Standard Class,robert-1080,Robert Martin,Consumer,United States,Boulder,Colorado,51869,West,TEC-MACH-8214,Technology,Machines,"Zebra Printer Steel, White",392.9,1,0.3,-139.48
1994,US-2016-000948,2016-12-09,2016-12-14,Standard Class,robert-1080,Robert Martin,Consumer,United States,Boulder,Colorado,86998,West,TEC-COPI-2940,Technology,Copiers,"Ricoh Copier 200 Series, White",866.74,1,0,355.36
1995,US-2016-000948,2016-12-09,2016-12-14,Standard Class,robert-1080,Robert Martin,Consumer,United States,Boulder,Colorado,23321,West,OFF-BIND-7441,Office Supplies,Binders,"Cardinal Binder Eco, Black",20.08,1,0,7.63
1996,US-2016-000949,2016-10-27,2016-11-01,Standard Class,john-1497,John Lee,Consumer,United States,San Francisco,California,57464,West,OFF-APPL-9863,Office Supplies,Appliances,"GE Appliance 100 Series, White",284.92,4,0.5,-48.44
1997,US-2017-000950,2017-07-19,2017-07-24,Standard Class,jennifer-1024,Jennifer Wilson,Consumer,United States,Wilmington,Delaware,35235,East,FUR-CHAI-1907,Furniture,Chairs,"HON Chair 100 Series, Black",309.65,1,0.1,25.7
1998,US-2016-000951,2016-10-25,2016-10-30,Standard Class,patricia-1089,Patricia Johnson,Consumer,United States,Phoenix,Arizona,16716,West,TEC-PHON-9697,Technology,Phones,"Samsung Phone Deluxe, Gray",224.12,1,0.1,56.03
1999,US-2016-000951,2016-10-25,2016-10-30,Standard Class,patricia-1089,Patricia Johnson,Consumer,United States,Phoenix,Arizona,71107,West,OFF-SUPP-4221,Office Supplies,Supplies,"Harbour Creations Supply Kit 200 Series, White",38.83,1,0,5.82
2000,US-2016-000951,2016-10-25,2016-10-30,Standard Class,patricia-1089,Patricia Johnson,Consumer,United States,Phoenix,Arizona,79509,West,OFF-ENVE-6193,Office Supplies,Envelopes,"Quality Park Envelope Pro, White",3.22,1,0.7,-0.17
2001,US-2014-000952,2014-03-22,2014-03-24,First Class,daniel-1083,Daniel Thompson,Consumer,United States,Fargo,North Dakota,41292,Central,OFF-SUPP-1476,Office Supplies,Supplies,"Acme Supply Kit Deluxe, Black",92.78,2,0,13.92
2002,US-2016-000953,2016-02-06,2016-02-11,Standard Class,betty-1640,Betty Lopez,Home Office,United States,Wilmington,Delaware,84917,East,OFF-FAST-3414,Office Supplies,Fasteners,"OIC Fastener Deluxe, Black",17.94,3,0,8.07
2003,US-2016-000953,2016-02-06,2016-02-11,Standard Class,betty-1640,Betty Lopez,Home Office,United States,Wilmington,Delaware,23330,East,OFF-ENVE-3292,Office Supplies,Envelopes,"Columbian Envelope Pro, Gray",83.51,7,0,37.58
2004,US-2017-000954,2017-10-21,2017-10-26,Standard Class,matthew-1629,Matthew Young,Consumer,United States,Jackson,Mississippi,25224,South,OFF-FAST-9882,Office Supplies,Fasteners,"Advantus Fastener Steel, Black",2.25,1,0.7,-0.12
2005,US-2017-000954,2017-10-21,2017-10-26,Standard Class,matthew-1629,Matthew Young,Consumer,United States,Jackson,Mississippi,52006,South,FUR-FURN-4617,Furniture,Furnishings,"Newell Furnishing Deluxe, Multicolor",69.01,1,0,26.22
2006,US-2017-000954,2017-10-21,2017-10-26,Standard Class,matthew-1629,Matthew Young,Consumer,United States,Jackson,Mississippi,17313,South,TEC-MACH-6471,Technology,Machines,"Panasonic Printer 100 Series, Black",725.14,1,0.1,-61.64
2007,US-2017-000955,2017-01-20,2017-01-22,First Class,daniel-1493,Daniel Miller,Corporate,United States,Fargo,North Dakota,25235,Central,OFF-STOR-3489,Office Supplies,Storage,"Carina Storage Bin 100 Series, Black",578.84,4,0,115.77
2008,US-2017-000956,2017-11-24,2017-11-29,Standard Class,thomas-1023,Thomas Harris,Home Office,United States,Newark,New Jersey,91164,East,FUR-FURN-3870,Furniture,Furnishings,"Sauder Furnishing, Multicolor",177.72,3,0,67.53
2009,US-2017-000956,2017-11-24,2017-11-29,Standard Class,thomas-1023,Thomas Harris,Home Office,United States,Newark,New Jersey,51399,East,TEC-MACH-8460,Technology,Machines,"Panasonic Printer Deluxe, Gray",560.99,1,0.3,-199.15
2010,US-2017-000957,2017-04-07,2017-04-10,Second Class,nancy-1658,Nancy Green,Consumer,United States,Savannah,Georgia,69776,South,FUR-FURN-8855,Furniture,Furnishings,"Eldon Furnishing 100 Series, Multicolor",29.75,3,0.7,-5.56
2011,US-2017-000958,2017-07-31,2017-08-03,Second Class,emily-1164,Emily Moore,Consumer,United States,Baton Rouge,Louisiana,29157,South,OFF-BIND-9897,Office Supplies,Binders,"Avery Binder, Black",56.1,2,0,21.32
2012,US-2016-000959,2016-08-25,2016-08-30,Standard Class,daniel-1258,Daniel Miller,Consumer,United States,Las Vegas,Nevada,36572,West,OFF-ART-8728,Office Supplies,Art,"Binney & Smith Sketch Book, Multicolor",80.95,3,0.1,31.33
2013,US-2016-000960,2016-07-14,2016-07-19,Standard Class,sandra-1002,Sandra Brown,Corporate,United States,Wichita,Kansas,66346,Central,FUR-BOOK-3256,Furniture,Bookcases,"Harbour Creations Bookcase Eco, White",427.05,3,0,59.79
2014,US-2016-000960,2016-07-14,2016-07-19,Standard Class,sandra-1002,Sandra Brown,Corporate,United States,Wichita,Kansas,53519,Central,OFF-BIND-2084,Office Supplies,Binders,"GBC Binder Pro, Black",127.12,4,0,48.31
2015,US-2014-000961,2014-03-14,2014-03-17,Second Class,john-1082,John Walker,Home Office,United States,Houston,Texas,26909,Central,OFF-FAST-8033,Office Supplies,Fasteners,"Advantus Fastener 200 Series, White",9.07,1,0,4.08
2016,US-2014-000961,2014-03-14,2014-03-17,Second Class,john-1082,John Walker,Home Office,United States,Houston,Texas,97775,Central,OFF-ENVE-3515,Office Supplies,Envelopes,"Jiffy Envelope, Gray",8.66,1,0.4,1.4
2017,US-2014-000961,2014-03-14,2014-03-17,Second Class,john-1082,John Walker,Home Office,United States,Houston,Texas,83434,Central,OFF-FAST-4235,Office Supplies,Fasteners,"Advantus Fastener Eco, White",9.53,1,0.1,3.6
2018,US-2017-000962,2017-09-10,2017-09-13,Second Class,kimberly-1394,Kimberly Miller,Home Office,United States,Manchester,New Hampshire,12473,East,OFF-ENVE-5165,Office Supplies,Envelopes,"Columbian Envelope, Black",129.36,8,0,58.21
2019,US-2015-000963,2015-12-21,2015-12-26,Standard Class,daniel-1270,Daniel Young,Consumer,United States,Providence,Rhode Island,64117,East,OFF-LABE-1450,Office Supplies,Labels,"Smead Label Pro, Black",56.92,4,0,25.61
2020,US-2015-000963,2015-12-21,2015-12-26,Standard Class,daniel-1270,Daniel Young,Consumer,United States,Providence,Rhode Island,10796,East,OFF-ART-3123,Office Supplies,Art,"Prang Sketch Book, Multicolor",24.78,1,0,11.15
2021,US-2015-000963,2015-12-21,2015-12-26,Standard Class,daniel-1270,Daniel Young,Consumer,United States,Providence,Rhode Island,53440,East,OFF-PAPE-7810,Office Supplies,Paper,"Xerox Copy Paper Steel, Black",76.8,4,0,32.26
2022,US-2017-000964,2017-01-17,2017-01-22,Standard Class,lisa-1565,Lisa Johnson,Consumer,United States,Spokane,Washington,50117,West,TEC-COPI-4850,Technology,Copiers,"Sharp Copier Eco, Black",1066.75,1,0,437.37
2023,US-2017-000964,2017-01-17,2017-01-22,Standard Class,lisa-1565,Lisa Johnson,Consumer,United States,Spokane,Washington,53203,West,TEC-MACH-6568,Technology,Machines,"Panasonic Printer 200 Series, Gray",2045.88,3,0,102.29
2024,US-2015-000965,2015-02-03,2015-02-08,Standard Class,ashley-1084,Ashley Jackson,Corporate,United States,Tulsa,Oklahoma,87727,Central,OFF-ENVE-6877,Office Supplies,Envelopes,"Ames Envelope Eco, Gray",72.1,5,0,32.44
2025,US-2017-000966,2017-07-15,2017-07-20,Standard Class,john-1134,John Rodriguez,Consumer,United States,Richmond,Virginia,88589,South,OFF-LABE-1740,Office Supplies,Labels,"Smead Label 200 Series, Black",46.85,5,0,21.08
2026,US-2017-000966,2017-07-15,2017-07-20,Standard Class,john-1134,John Rodriguez,Consumer,United States,Richmond,Virginia,39295,South,FUR-FURN-8359,Furniture,Furnishings,"Eldon Furnishing Deluxe, Multicolor",609.89,12,0.2,132.96
2027,US-2017-000966,2017-07-15,2017-07-20,Standard Class,john-1134,John Rodriguez,Consumer,United States,Richmond,Virginia,23642,South,FUR-BOOK-8663,Furniture,Bookcases,"Tennsco Bookcase Pro, Black",167.16,1,0.3,-39.78
2028,US-2014-000967,2014-08-24,2014-08-24,Same Day,elizabeth-1562,Elizabeth Clark,Corporate,United States,Portland,Maine,78379,East,FUR-CHAI-3750,Furniture,Chairs,"HON Chair Pro, Black",1377.95,5,0,275.59
2029,US-2014-000967,2014-08-24,2014-08-24,Same Day,elizabeth-1562,Elizabeth Clark,Corporate,United States,Portland,Maine,93312,East,OFF-SUPP-9421,Office Supplies,Supplies,"Acme Supply Kit, Black",78.14,2,0.1,4.69
2030,US-2016-000968,2016-10-13,2016-10-18,Standard Class,andrew-1703,Andrew Johnson,Consumer,United States,Omaha,Nebraska,61636,Central,FUR-TABL-3074,Furniture,Tables,"BPI Table Classic, Black",798.16,3,0.4,-534.77
2031,US-2017-000969,2017-07-23,2017-07-26,Second Class,sarah-1533,Sarah Wilson,Home Office,United States,Billings,Montana,85417,West,OFF-STOR-9390,Office Supplies,Storage,"Iceberg Storage Bin Pro, Black",145.94,3,0.2,0.29
2032,US-2017-000969,2017-07-23,2017-07-26,Second Class,sarah-1533,Sarah Wilson,Home Office,United States,Billings,Montana,41092,West,TEC-COPI-1838,Technology,Copiers,"Sharp Copier Deluxe, Gray",803.48,1,0,329.43
2033,US-2017-000969,2017-07-23,2017-07-26,Second Class,sarah-1533,Sarah Wilson,Home Office,United States,Billings,Montana,46321,West,TEC-MACH-5869,Technology,Machines,"Zebra Printer Eco, White",1331.88,3,0.2,-293.01
2034,US-2017-000970,2017-10-10,2017-10-12,First Class,nancy-1237,Nancy Young,Corporate,United States,St. Paul,Minnesota,37434,Central,FUR-TABL-5245,Furniture,Tables,"Lesro Table, Black",750.74,3,0.4,-503.0
2035,US-2017-000970,2017-10-10,2017-10-12,First Class,nancy-1237,Nancy Young,Corporate,United States,St. Paul,Minnesota,76504,Central,TEC-PHON-8570,Technology,Phones,"Panasonic Phone, Gray",366.74,2,0,124.69
2036,US-2017-000970,2017-10-10,2017-10-12,First Class,nancy-1237,Nancy Young,Corporate,United States,St. Paul,Minnesota,50558,Central,OFF-ENVE-7826,Office Supplies,Envelopes,"Quality Park Envelope Pro, Gray",15.57,1,0,7.01
2037,US-2017-000970,2017-10-10,2017-10-12,First Class,nancy-1237,Nancy Young,Corporate,United States,St. Paul,Minnesota,71076,Central,OFF-BIND-9008,Office Supplies,Binders,"Cardinal Binder, Gray",13.59,1,0.3,-1.44
2038,US-2017-000971,2017-07-27,2017-08-01,Standard Class,betty-1026,Betty Harris,Consumer,United States,Salt Lake City,Utah,47031,West,OFF-SUPP-3434,Office Supplies,Supplies,"Novimex Supply Kit 200 Series, Black",200.72,4,0,30.11
2039,US-2017-000971,2017-07-27,2017-08-01,Standard Class,betty-1026,Betty Harris,Consumer,United States,Salt Lake City,Utah,34549,West,FUR-BOOK-7697,Furniture,Bookcases,"Sauder Bookcase Deluxe, Gray",144.09,1,0,20.17
2040,US-2015-000972,2015-09-30,2015-10-05,Standard Class,christopher-1638,Christopher Hall,Corporate,United States,Oklahoma City,Oklahoma,90266,Central,OFF-BIND-5025,Office Supplies,Binders,"Wilson Jones Binder 200 Series, Black",49.76,2,0,18.91
2041,US-2015-000972,2015-09-30,2015-10-05,Standard Class,christopher-1638,Christopher Hall,Corporate,United States,Oklahoma City,Oklahoma,29504,Central,OFF-PAPE-6848,Office Supplies,Paper,"Xerox Copy Paper Deluxe, Black",4.02,1,0.4,0.39
2042,US-2015-000972,2015-09-30,2015-10-05,Standard Class,christopher-1638,Christopher Hall,Corporate,United States,Oklahoma City,Oklahoma,50524,Central,FUR-CHAI-2860,Furniture,Chairs,"HON Chair Steel, Black",383.22,1,0,76.64
2043,US-2015-000973,2015-11-11,2015-11-14,Second Class,sarah-1481,Sarah Rodriguez,Consumer,United States,Charleston,South Carolina,67358,South,OFF-ENVE-3416,Office Supplies,Envelopes,"Southworth Envelope 100 Series, Black",61.28,4,0,27.58
2044,US-2017-000974,2017-03-04,2017-03-06,First Class,sarah-1157,Sarah Smith,Consumer,United States,Charlotte,North Carolina,42550,South,OFF-ENVE-7327,Office Supplies,Envelopes,"Ames Envelope Pro, Black",14.8,2,0.1,5.59
2045,US-2017-000974,2017-03-04,2017-03-06,First Class,sarah-1157,Sarah Smith,Consumer,United States,Charlotte,North Carolina,37820,South,FUR-BOOK-7057,Furniture,Bookcases,"Tennsco Bookcase Pro, Black",886.14,9,0.5,-434.21
2046,US-2015-000975,2015-05-04,2015-05-09,Standard Class,mary-1419,Mary Lopez,Corporate,United States,Boston,Massachusetts,28628,East,FUR-CHAI-5000,Furniture,Chairs,"HON Chair 200 Series, Black",556.09,2,0.1,46.16
2047,US-2015-000975,2015-05-04,2015-05-09,Standard Class,mary-1419,Mary Lopez,Corporate,United States,Boston,Massachusetts,62483,East,TEC-ACCE-4010,Technology,Accessories,"Verbatim Headset, White",46.89,1,0.1,14.02
2048,US-2015-000975,2015-05-04,2015-05-09,Standard Class,mary-1419,Mary Lopez,Corporate,United States,Boston,Massachusetts,54665,East,FUR-TABL-8072,Furniture,Tables,"Lesro Table, Gray",454.86,1,0.2,-181.94
2049,US-2016-000976,2016-12-27,2017-01-01,Standard Class,christopher-1057,Christopher White,Consumer,United States,Newark,New Jersey,40306,East,TEC-COPI-3680,Technology,Copiers,"Sharp Copier Classic, White",3107.08,4,0,1273.9
2050,US-2016-000976,2016-12-27,2017-01-01,Standard Class,christopher-1057,Christopher White,Consumer,United States,Newark,New Jersey,24743,East,FUR-FURN-7191,Furniture,Furnishings,"Sauder Furnishing 200 Series, Multicolor",300.6,5,0.1,89.88
2051,US-2014-000977,2014-04-02,2014-04-04,First Class,daniel-1177,Daniel Miller,Consumer,United States,Jackson,Mississippi,83356,South,OFF-APPL-8590,Office Supplies,Appliances,"Holmes Appliance Deluxe, Black",162.69,1,0,45.55
2052,US-2014-000977,2014-04-02,2014-04-04,First Class,daniel-1177,Daniel Miller,Consumer,United States,Jackson,Mississippi,30812,South,OFF-PAPE-3728,Office Supplies,Paper,"Georgia Pacific Copy Paper Classic, Gray",18.38,1,0,7.72
2053,US-2014-000977,2014-04-02,2014-04-04,First Class,daniel-1177,Daniel Miller,Consumer,United States,Jackson,Mississippi,64931,South,TEC-PHON-3742,Technology,Phones,"Apple Phone 100 Series, Black",844.17,3,0,287.02
2054,US-2014-000977,2014-04-02,2014-04-04,First Class,daniel-1177,Daniel Miller,Consumer,United States,Jackson,Mississippi,64652,South,OFF-STOR-3250,Office Supplies,Storage,"Carina Storage Bin Pro, White",140.94,2,0.3,-13.67
2055,US-2017-000978,2017-11-06,2017-11-08,First Class,thomas-1711,Thomas Scott,Home Office,United States,Reno,Nevada,80300,West,OFF-ART-4563,Office Supplies,Art,"Sanford Sketch Book Classic, Multicolor",36.82,2,0,16.57
2056,US-2017-000978,2017-11-06,2017-11-08,First Class,thomas-1711,Thomas Scott,Home Office,United States,Reno,Nevada,71356,West,OFF-FAST-1059,Office Supplies,Fasteners,"OIC Fastener Classic, Gray",9.32,1,0,4.19
2057,US-2017-000978,2017-11-06,2017-11-08,First Class,thomas-1711,Thomas Scott,Home Office,United States,Reno,Nevada,81534,West,TEC-COPI-2415,Technology,Copiers,"Canon Copier Steel, Black",1228.05,3,0.4,149.82
2058,US-2017-000978,2017-11-06,2017-11-08,First Class,thomas-1711,Thomas Scott,Home Office,United States,Reno,Nevada,29219,West,OFF-LABE-9559,Office Supplies,Labels,"Dax Label Steel, Black",36.0,3,0,16.2
2059,US-2015-000979,2015-12-05,2015-12-10,Standard Class,matthew-1027,Matthew Garcia,Corporate,United States,San Diego,California,94052,West,TEC-PHON-6483,Technology,Phones,"Cisco Phone, Black",930.32,4,0,316.31
2060,US-2015-000979,2015-12-05,2015-12-10,Standard Class,matthew-1027,Matthew Garcia,Corporate,United States,San Diego,California,71108,West,OFF-SUPP-8732,Office Supplies,Supplies,"Harbour Creations Supply Kit Eco, Gray",44.62,1,0,6.69
2061,US-2016-000980,2016-08-31,2016-09-05,Standard Class,andrew-1126,Andrew Williams,Home Office,United States,Virginia Beach,Virginia,44301,South,OFF-ENVE-2363,Office Supplies,Envelopes,"Jiffy Envelope Eco, Gray",6.55,1,0.1,2.48
2062,US-2016-000980,2016-08-31,2016-09-05,Standard Class,andrew-1126,Andrew Williams,Home Office,United States,Virginia Beach,Virginia,99805,South,FUR-BOOK-1045,Furniture,Bookcases,"Harbour Creations Bookcase Classic, White",132.85,1,0,18.6
2063,US-2016-000980,2016-08-31,2016-09-05,Standard Class,andrew-1126,Andrew Williams,Home Office,United States,Virginia Beach,Virginia,47386,South,OFF-SUPP-7013,Office Supplies,Supplies,"Harbour Creations Supply Kit 100 Series, Black",71.12,2,0,10.67
2064,US-2014-000981,2014-06-23,2014-06-26,Second Class,richard-1434,Richard Wright,Consumer,United States,Manchester,New Hampshire,22005,East,TEC-COPI-7754,Technology,Copiers,"Hewlett-Packard Copier Eco, Black",193.24,1,0.7,-18.16
2065,US-2014-000981,2014-06-23,2014-06-26,Second Class,richard-1434,Richard Wright,Consumer,United States,Manchester,New Hampshire,11550,East,FUR-CHAI-1839,Furniture,Chairs,"Harbour Creations Chair, White",205.78,1,0.2,-7.0
2066,US-2015-000982,2015-11-27,2015-12-02,Standard Class,andrew-1681,Andrew Jackson,Corporate,United States,Madison,Wisconsin,71692,Central,OFF-ENVE-1536,Office Supplies,Envelopes,"Southworth Envelope 200 Series, Black",156.12,12,0,70.25
2067,US-2015-000982,2015-11-27,2015-12-02,Standard Class,andrew-1681,Andrew Jackson,Corporate,United States,Madison,Wisconsin,88532,Central,OFF-STOR-5407,Office Supplies,Storage,"Carina Storage Bin Classic, Gray",321.06,3,0,64.21
2068,US-2015-000982,2015-11-27,2015-12-02,Standard Class,andrew-1681,Andrew Jackson,Corporate,United States,Madison,Wisconsin,60277,Central,TEC-ACCE-6066,Technology,Accessories,"SanDisk Headset Classic, Black",355.88,4,0,135.23
2069,US-2017-000983,2017-04-07,2017-04-12,Standard Class,andrew-1664,Andrew Wilson,Home Office,United States,Charlotte,North Carolina,34597,South,FUR-TABL-8222,Furniture,Tables,"Bretford Table Deluxe, Black",4746.06,9,0,-616.99
2070,US-2017-000983,2017-04-07,2017-04-12,Standard Class,andrew-1664,Andrew Wilson,Home Office,United States,Charlotte,North Carolina,89682,South,OFF-ENVE-8276,Office Supplies,Envelopes,"Quality Park Envelope Deluxe, Gray",14.67,2,0.1,5.55
2071,US-2017-000984,2017-04-11,2017-04-16,Standard Class,kimberly-1542,Kimberly Lee,Home Office,United States,Kansas City,Missouri,14570,Central,TEC-COPI-6950,Technology,Copiers,"Brother Copier, Gray",1334.63,2,0.1,451.1
2072,US-2016-000985,2016-06-07,2016-06-12,Standard Class,thomas-1345,Thomas Lewis,Consumer,United States,Indianapolis,Indiana,67244,Central,OFF-STOR-5350,Office Supplies,Storage,"Deflect-O Storage Bin Eco, Black",169.27,2,0.1,17.1
2073,US-2016-000985,2016-06-07,2016-06-12,Standard Class,thomas-1345,Thomas Lewis,Consumer,United States,Indianapolis,Indiana,21866,Central,OFF-BIND-7125,Office Supplies,Binders,"Wilson Jones Binder Eco, White",183.15,11,0.4,-49.08
2074,US-2016-000985,2016-06-07,2016-06-12,Standard Class,thomas-1345,Thomas Lewis,Consumer,United States,Indianapolis,Indiana,89914,Central,FUR-CHAI-2160,Furniture,Chairs,"Harbour Creations Chair Pro, White",515.25,3,0.4,-138.09
2075,US-2015-000986,2015-09-16,2015-09-21,Standard Class,matthew-1169,Matthew Martin,Consumer,United States,Philadelphia,Pennsylvania,11090,East,FUR-TABL-1857,Furniture,Tables,"Chromcraft Table Deluxe, White",1078.78,4,0.3,-577.15
2076,US-2015-000986,2015-09-16,2015-09-21,Standard Class,matthew-1169,Matthew Martin,Consumer,United States,Philadelphia,Pennsylvania,74926,East,FUR-CHAI-7858,Furniture,Chairs,"Global Value Chair 200 Series, Black",116.06,1,0.5,-44.68
2077,US-2016-000987,2016-12-08,2016-12-13,Standard Class,mary-1342,Mary Garcia,Corporate,United States,Baltimore,Maryland,80757,East,TEC-PHON-3308,Technology,Phones,"Cisco Phone 100 Series, Gray",725.99,5,0.1,181.5
2078,US-2015-000988,2015-07-17,2015-07-22,Standard Class,michael-1005,Michael Davis,Consumer,United States,Milwaukee,Wisconsin,70033,Central,FUR-TABL-8773,Furniture,Tables,"Lesro Table Eco, Gray",509.52,1,0,-66.24
2079,US-2015-000988,2015-07-17,2015-07-22,Standard Class,michael-1005,Michael Davis,Consumer,United States,Milwaukee,Wisconsin,33715,Central,OFF-ART-9770,Office Supplies,Art,"BIC Sketch Book Pro, Multicolor",18.75,1,0.1,7.26
2080,US-2015-000988,2015-07-17,2015-07-22,Standard Class,michael-1005,Michael Davis,Consumer,United States,Milwaukee,Wisconsin,70428,Central,TEC-ACCE-9248,Technology,Accessories,"Kensington Headset Steel, Gray",394.5,3,0.1,117.96
2081,US-2015-000988,2015-07-17,2015-07-22,Standard Class,michael-1005,Michael Davis,Consumer,United States,Milwaukee,Wisconsin,46391,Central,TEC-MACH-5567,Technology,Machines,"Canon Printer Eco, Black",511.14,1,0,25.56
2082,US-2017-000989,2017-10-10,2017-10-15,Standard Class,betty-1595,Betty Green,Home Office,United States,Cheyenne,Wyoming,86209,West,FUR-BOOK-3981,Furniture,Bookcases,"Tennsco Bookcase Steel, White",863.81,13,0.7,-640.95
2083,US-2017-000989,2017-10-10,2017-10-15,Standard Class,betty-1595,Betty Green,Home Office,United States,Cheyenne,Wyoming,48615,West,OFF-BIND-5082,Office Supplies,Binders,"Cardinal Binder Steel, White",24.95,1,0,9.48
2084,US-2017-000989,2017-10-10,2017-10-15,Standard Class,betty-1595,Betty Green,Home Office,United States,Cheyenne,Wyoming,19163,West,TEC-MACH-7912,Technology,Machines,"Zebra Printer Deluxe, Gray",1187.41,2,0.4,-581.83
2085,US-2017-000989,2017-10-10,2017-10-15,Standard Class,betty-1595,Betty Green,Home Office,United States,Cheyenne,Wyoming,13700,West,OFF-STOR-3229,Office Supplies,Storage,"Deflect-O Storage Bin Steel, Gray",96.75,1,0.3,-9.38
2086,US-2016-000990,2016-12-01,2016-12-03,First Class,daniel-1258,Daniel Miller,Consumer,United States,Fargo,North Dakota,16929,Central,FUR-TABL-3151,Furniture,Tables,"Lesro Table, White",2506.72,8,0,-325.87
2087,US-2016-000990,2016-12-01,2016-12-03,First Class,daniel-1258,Daniel Miller,Consumer,United States,Fargo,North Dakota,56157,Central,OFF-BIND-9061,Office Supplies,Binders,"GBC Binder 200 Series, Black",50.02,2,0,19.01
2088,US-2016-000990,2016-12-01,2016-12-03,First Class,daniel-1258,Daniel Miller,Consumer,United States,Fargo,North Dakota,11880,Central,TEC-ACCE-2722,Technology,Accessories,"Belkin Headset 100 Series, Black",80.83,1,0.1,24.17
2089,US-2016-000990,2016-12-01,2016-12-03,First Class,daniel-1258,Daniel Miller,Consumer,United States,Fargo,North Dakota,55445,Central,TEC-MACH-8999,Technology,Machines,"Zebra Printer 200 Series, Gray",2479.87,8,0.4,-1215.14
2090,US-2016-000991,2016-06-04,2016-06-07,Second Class,richard-1362,Richard King,Corporate,United States,Little Rock,Arkansas,96871,South,TEC-PHON-9556,Technology,Phones,"Apple Phone 200 Series, Black",131.63,1,0.5,-14.48
2091,US-2016-000992,2016-02-19,2016-02-24,Standard Class,lisa-1323,Lisa White,Corporate,United States,Wilmington,Delaware,53036,East,TEC-PHON-9795,Technology,Phones,"Panasonic Phone 200 Series, White",355.54,3,0.4,-7.11
2092,US-2016-000992,2016-02-19,2016-02-24,Standard Class,lisa-1323,Lisa White,Corporate,United States,Wilmington,Delaware,82809,East,OFF-APPL-2298,Office Supplies,Appliances,"Eldon Appliance Deluxe, Gray",151.7,1,0.1,28.82
2093,US-2016-000992,2016-02-19,2016-02-24,Standard Class,lisa-1323,Lisa White,Corporate,United States,Wilmington,Delaware,48402,East,TEC-COPI-4434,Technology,Copiers,"Canon Copier 200 Series, Gray",723.02,1,0,296.44
2094,US-2016-000992,2016-02-19,2016-02-24,Standard Class,lisa-1323,Lisa White,Corporate,United States,Wilmington,Delaware,96954,East,OFF-APPL-9931,Office Supplies,Appliances,"GE Appliance Classic, Black",342.92,2,0.1,65.15
2095,US-2017-000993,2017-04-24,2017-04-27,Second Class,nancy-1147,Nancy Jones,Consumer,United States,Fargo,North Dakota,10951,Central,OFF-ENVE-9287,Office Supplies,Envelopes,"Columbian Envelope, White",31.22,2,0,14.05
2096,US-2017-000993,2017-04-24,2017-04-27,Second Class,nancy-1147,Nancy Jones,Consumer,United States,Fargo,North Dakota,93442,Central,TEC-ACCE-4635,Technology,Accessories,"Belkin Headset Deluxe, Black",175.08,3,0.3,23.99
2097,US-2017-000993,2017-04-24,2017-04-27,Second Class,nancy-1147,Nancy Jones,Consumer,United States,Fargo,North Dakota,75498,Central,OFF-STOR-6605,Office Supplies,Storage,"Deflect-O Storage Bin Deluxe, White",847.0,10,0.3,-82.16
2098,US-2017-000993,2017-04-24,2017-04-27,Second Class,nancy-1147,Nancy Jones,Consumer,United States,Fargo,North Dakota,71580,Central,FUR-CHAI-6416,Furniture,Chairs,"HON Chair Eco, Black",659.47,2,0.2,-22.42
2099,US-2017-000994,2017-04-22,2017-04-27,Standard Class,michael-1651,Michael Wilson,Corporate,United States,Boise,Idaho,63811,West,TEC-COPI-3674,Technology,Copiers,"Canon Copier Eco, White",4017.2,4,0,1647.05
2100,US-2017-000995,2017-01-22,2017-01-25,Second Class,robert-1592,Robert Garcia,Home Office,United States,Tulsa,Oklahoma,47420,Central,FUR-TABL-9805,Furniture,Tables,"Lesro Table Classic, White",2795.2,5,0,-363.38
2101,US-2015-000996,2015-12-08,2015-12-11,Second Class,betty-1285,Betty Anderson,Consumer,United States,Indianapolis,Indiana,70981,Central,OFF-ENVE-3921,Office Supplies,Envelopes,"Columbian Envelope 200 Series, White",39.39,3,0,17.73
2102,US-2015-000996,2015-12-08,2015-12-11,Second Class,betty-1285,Betty Anderson,Consumer,United States,Indianapolis,Indiana,86374,Central,TEC-COPI-7934,Technology,Copiers,"Canon Copier, White",1744.45,3,0.5,87.22
2103,US-2015-000997,2015-07-15,2015-07-20,Standard Class,daniel-1281,Daniel Rodriguez,Consumer,United States,San Antonio,Texas,13793,Central,OFF-PAPE-2394,Office Supplies,Paper,"Southworth Copy Paper, Black",70.27,4,0.1,23.82
2104,US-2015-000997,2015-07-15,2015-07-20,Standard Class,daniel-1281,Daniel Rodriguez,Consumer,United States,San Antonio,Texas,65614,Central,FUR-TABL-2492,Furniture,Tables,"BPI Table Classic, White",1480.1,2,0,-192.41
2105,US-2016-000998,2016-07-21,2016-07-26,Standard Class,patricia-1561,Patricia Wilson,Consumer,United States,Philadelphia,Pennsylvania,93348,East,FUR-TABL-4386,Furniture,Tables,"Bretford Table Deluxe, Black",3087.84,6,0,-401.42
2106,US-2016-000999,2016-11-30,2016-11-30,Same Day,sarah-1523,Sarah Lopez,Home Office,United States,Des Moines,Iowa,48774,Central,OFF-STOR-7030,Office Supplies,Storage,"Carina Storage Bin Steel, Black",828.86,8,0.1,83.71
2107,US-2016-000999,2016-11-30,2016-11-30,Same Day,sarah-1523,Sarah Lopez,Home Office,United States,Des Moines,Iowa,92470,Central,OFF-STOR-6623,Office Supplies,Storage,"Deflect-O Storage Bin Pro, White",98.4,1,0.1,9.94
2108,US-2016-000999,2016-11-30,2016-11-30,Same Day,sarah-1523,Sarah Lopez,Home Office,United States,Des Moines,Iowa,47517,Central,OFF-SUPP-8259,Office Supplies,Supplies,"Fiskars Supply Kit 100 Series, Black",55.24,2,0.3,-6.63
2109,US-2016-000999,2016-11-30,2016-11-30,Same Day,sarah-1523,Sarah Lopez,Home Office,United States,Des Moines,Iowa,58100,Central,FUR-FURN-6652,Furniture,Furnishings,"Sauder Furnishing Deluxe, Multicolor",421.97,9,0.3,57.81
2110,US-2014-001000,2014-09-10,2014-09-15,Standard Class,andrew-1644,Andrew Garcia,Corporate,United States,Albuquerque,New Mexico,97139,West,OFF-STOR-5847,Office Supplies,Storage,"Deflect-O Storage Bin Eco, Black",84.71,1,0,16.94
2111,US-2014-001000,2014-09-10,2014-09-15,Standard Class,andrew-1644,Andrew Garcia,Corporate,United States,Albuquerque,New Mexico,17430,West,OFF-APPL-5293,Office Supplies,Appliances,"GE Appliance Steel, Black",169.12,1,0,47.35
2112,US-2014-001000,2014-09-10,2014-09-15,Standard Class,andrew-1644,Andrew Garcia,Corporate,United States,Albuquerque,New Mexico,47452,West,OFF-BIND-3823,Office Supplies,Binders,"Cardinal Binder Deluxe, White",4.06,1,0.8,-3.72
2113,US-2016-001001,2016-08-23,2016-08-28,Standard Class,susan-1733,Susan Moore,Corporate,United States,Miami,Florida,72712,South,OFF-ART-6193,Office Supplies,Art,"Sanford Sketch Book Classic, Multicolor",41.49,3,0.4,8.22
2114,US-2016-001001,2016-08-23,2016-08-28,Standard Class,susan-1733,Susan Moore,Corporate,United States,Miami,Florida,87902,South,OFF-FAST-4877,Office Supplies,Fasteners,"OIC Fastener 200 Series, White",18.34,2,0,8.25
2115,US-2016-001001,2016-08-23,2016-08-28,Standard Class,susan-1733,Susan Moore,Corporate,United States,Miami,Florida,58089,South,FUR-FURN-5957,Furniture,Furnishings,"Eldon Furnishing Deluxe, Multicolor",192.02,4,0.3,26.31
2116,US-2016-001002,2016-04-12,2016-04-15,Second Class,thomas-1615,Thomas Moore,Corporate,United States,Billings,Montana,25202,West,TEC-ACCE-2428,Technology,Accessories,"Verbatim Headset Steel, Black",61.81,1,0.3,8.47
2117,US-2016-001002,2016-04-12,2016-04-15,Second Class,thomas-1615,Thomas Moore,Corporate,United States,Billings,Montana,48011,West,FUR-TABL-3710,Furniture,Tables,"BPI Table, Gray",570.52,4,0,-74.17
2118,US-2016-001002,2016-04-12,2016-04-15,Second Class,thomas-1615,Thomas Moore,Corporate,United States,Billings,Montana,79245,West,OFF-LABE-3666,Office Supplies,Labels,"Novimex Label, Gray",10.68,1,0.1,4.04
2119,US-2016-001002,2016-04-12,2016-04-15,Second Class,thomas-1615,Thomas Moore,Corporate,United States,Billings,Montana,24116,West,FUR-FURN-7752,Furniture,Furnishings,"Sauder Furnishing Steel, Multicolor",44.55,1,0.3,6.1
2120,US-2014-001003,2014-05-01,2014-05-06,Standard Class,betty-1686,Betty Clark,Consumer,United States,Newark,New Jersey,62258,East,OFF-BIND-3483,Office Supplies,Binders,"Avery Binder Classic, Black",43.48,2,0.3,-4.61
2121,US-2014-001003,2014-05-01,2014-05-06,Standard Class,betty-1686,Betty Clark,Consumer,United States,Newark,New Jersey,91053,East,TEC-MACH-2133,Technology,Machines,"Cubify Printer Eco, White",3535.33,6,0.1,-300.5
2122,US-2014-001003,2014-05-01,2014-05-06,Standard Class,betty-1686,Betty Clark,Consumer,United States,Newark,New Jersey,41350,East,FUR-TABL-5760,Furniture,Tables,"Chromcraft Table Classic, Black",3051.55,5,0,-396.7
2123,US-2014-001003,2014-05-01,2014-05-06,Standard Class,betty-1686,Betty Clark,Consumer,United States,Newark,New Jersey,20042,East,OFF-BIND-5079,Office Supplies,Binders,"Wilson Jones Binder, Black",56.35,5,0.5,-24.23
2124,US-2017-001004,2017-04-15,2017-04-20,Standard Class,betty-1732,Betty Moore,Home Office,United States,Omaha,Nebraska,25424,Central,OFF-STOR-4704,Office Supplies,Storage,"Deflect-O Storage Bin 200 Series, Black",132.54,2,0.2,0.27
2125,US-2017-001004,2017-04-15,2017-04-20,Standard Class,betty-1732,Betty Moore,Home Office,United States,Omaha,Nebraska,17192,Central,OFF-SUPP-9150,Office Supplies,Supplies,"Acme Supply Kit Deluxe, Gray",27.07,1,0.2,-0.81
2126,US-2017-001004,2017-04-15,2017-04-20,Standard Class,betty-1732,Betty Moore,Home Office,United States,Omaha,Nebraska,17921,Central,OFF-PAPE-4079,Office Supplies,Paper,"Georgia Pacific Copy Paper, Gray",18.66,2,0.2,4.81
2127,US-2014-001005,2014-03-27,2014-03-29,First Class,david-1622,David Walker,Home Office,United States,Lexington,Kentucky,51718,South,OFF-SUPP-3243,Office Supplies,Supplies,"Harbour Creations Supply Kit Deluxe, White",133.8,3,0.2,-4.01
2128,US-2014-001005,2014-03-27,2014-03-29,First Class,david-1622,David Walker,Home Office,United States,Lexington,Kentucky,35940,South,TEC-PHON-9117,Technology,Phones,"Apple Phone, White",708.48,3,0.1,177.12
2129,US-2014-001005,2014-03-27,2014-03-29,First Class,david-1622,David Walker,Home Office,United States,Lexington,Kentucky,74346,South,OFF-ENVE-5886,Office Supplies,Envelopes,"Columbian Envelope Deluxe, Black",12.65,1,0.1,4.78
2130,US-2016-001006,2016-09-22,2016-09-27,Standard Class,john-1591,John Hall,Corporate,United States,Omaha,Nebraska,24755,Central,OFF-PAPE-7124,Office Supplies,Paper,"Mead Copy Paper 200 Series, White",14.41,1,0,6.05
2131,US-2016-001006,2016-09-22,2016-09-27,Standard Class,john-1591,John Hall,Corporate,United States,Omaha,Nebraska,66147,Central,OFF-BIND-7894,Office Supplies,Binders,"Samsung Binder 100 Series, Gray",155.71,8,0.2,8.72
2132,US-2016-001006,2016-09-22,2016-09-27,Standard Class,john-1591,John Hall,Corporate,United States,Omaha,Nebraska,35233,Central,TEC-MACH-9975,Technology,Machines,"Zebra Printer Deluxe, White",2989.24,7,0.3,-1061.18
2133,US-2014-001007,2014-12-10,2014-12-13,Second Class,nancy-1017,Nancy Martinez,Home Office,United States,Austin,Texas,44833,Central,TEC-COPI-7771,Technology,Copiers,"Brother Copier Eco, Black",1444.52,5,0.5,72.23
2134,US-2014-001007,2014-12-10,2014-12-13,Second Class,nancy-1017,Nancy Martinez,Home Office,United States,Austin,Texas,53637,Central,FUR-TABL-9046,Furniture,Tables,"Lesro Table Deluxe, White",922.58,2,0,-119.94
2135,US-2015-001008,2015-10-20,2015-10-25,Standard Class,sarah-1452,Sarah Garcia,Consumer,United States,Wichita,Kansas,33366,Central,TEC-PHON-9402,Technology,Phones,"Panasonic Phone, Black",914.08,4,0,310.79
2136,US-2017-001009,2017-09-01,2017-09-06,Standard Class,matthew-1551,Matthew Smith,Consumer,United States,Birmingham,Alabama,12902,South,FUR-BOOK-2247,Furniture,Bookcases,"Sauder Bookcase Steel, Black",876.54,3,0,122.72
2137,US-2017-001009,2017-09-01,2017-09-06,Standard Class,matthew-1551,Matthew Smith,Consumer,United States,Birmingham,Alabama,42349,South,OFF-PAPE-5417,Office Supplies,Paper,"Wausau Copy Paper Pro, Black",17.66,1,0,7.42
2138,US-2016-001010,2016-05-17,2016-05-22,Standard Class,james-1273,James Wright,Consumer,United States,New York City,New York,11163,East,OFF-FAST-6537,Office Supplies,Fasteners,"Staples Fastener Eco, White",24.5,2,0,11.02
2139,US-2016-001010,2016-05-17,2016-05-22,Standard Class,james-1273,James Wright,Consumer,United States,New York City,New York,78507,East,OFF-ENVE-2519,Office Supplies,Envelopes,"Ames Envelope 100 Series, White",93.89,11,0.5,8.45
2140,US-2016-001010,2016-05-17,2016-05-22,Standard Class,james-1273,James Wright,Consumer,United States,New York City,New York,68330,East,OFF-SUPP-5375,Office Supplies,Supplies,"Novimex Supply Kit Classic, Gray",141.55,3,0.2,-4.25
2141,US-2015-001011,2015-12-23,2015-12-25,First Class,anthony-1547,Anthony Hall,Consumer,United States,New Orleans,Louisiana,57280,South,TEC-COPI-5237,Technology,Copiers,"Canon Copier Deluxe, Black",1725.62,4,0.4,210.53
2142,US-2014-001012,2014-04-24,2014-04-26,First Class,william-1193,William Moore,Consumer,United States,Jackson,Mississippi,72110,South,FUR-BOOK-9645,Furniture,Bookcases,"Sauder Bookcase Eco, Gray",151.16,1,0.2,-16.93
2143,US-2014-001012,2014-04-24,2014-04-26,First Class,william-1193,William Moore,Consumer,United States,Jackson,Mississippi,26268,South,TEC-COPI-7880,Technology,Copiers,"Canon Copier, Black",1111.43,2,0.1,375.66
2144,US-2014-001012,2014-04-24,2014-04-26,First Class,william-1193,William Moore,Consumer,United States,Jackson,Mississippi,53163,South,OFF-LABE-5179,Office Supplies,Labels,"Dax Label Pro, Black",40.88,4,0,18.4
2145,US-2014-001013,2014-11-13,2014-11-18,Standard Class,anthony-1512,Anthony Green,Consumer,United States,Los Angeles,California,51803,West,FUR-FURN-5438,Furniture,Furnishings,"Tenex Furnishing Deluxe, Multicolor",41.76,1,0.1,12.49
2146,US-2014-001013,2014-11-13,2014-11-18,Standard Class,anthony-1512,Anthony Green,Consumer,United States,Los Angeles,California,82195,West,OFF-ART-2925,Office Supplies,Art,"Newell Sketch Book Pro, Multicolor",71.72,5,0.2,23.24
2147,US-2014-001013,2014-11-13,2014-11-18,Standard Class,anthony-1512,Anthony Green,Consumer,United States,Los Angeles,California,16950,West,OFF-ENVE-5562,Office Supplies,Envelopes,"Columbian Envelope Steel, Gray",28.64,2,0.3,6.7
2148,US-2014-001013,2014-11-13,2014-11-18,Standard Class,anthony-1512,Anthony Green,Consumer,United States,Los Angeles,California,26443,West,FUR-FURN-8620,Furniture,Furnishings,"Tenex Furnishing, Multicolor",90.81,2,0.5,-2.27
2149,US-2016-001014,2016-11-06,2016-11-11,Standard Class,betty-1414,Betty Green,Consumer,United States,Philadelphia,Pennsylvania,42142,East,OFF-LABE-2472,Office Supplies,Labels,"Novimex Label Eco, Gray",6.58,1,0.4,1.07
2150,US-2015-001015,2015-09-04,2015-09-07,Second Class,kimberly-1153,Kimberly Taylor,Home Office,United States,Sioux Falls,South Dakota,28157,Central,TEC-MACH-9059,Technology,Machines,"Canon Printer Steel, Gray",1299.9,3,0,65.0
2151,US-2015-001015,2015-09-04,2015-09-07,Second Class,kimberly-1153,Kimberly Taylor,Home Office,United States,Sioux Falls,South Dakota,18487,Central,TEC-ACCE-5487,Technology,Accessories,"SanDisk Headset Steel, Gray",206.87,2,0.1,61.85
2152,US-2016-001016,2016-12-23,2016-12-25,First Class,thomas-1608,Thomas Green,Corporate,United States,Louisville,Kentucky,43369,South,TEC-MACH-2900,Technology,Machines,"Zebra Printer 100 Series, White",509.94,1,0,25.5
2153,US-2016-001016,2016-12-23,2016-12-25,First Class,thomas-1608,Thomas Green,Corporate,United States,Louisville,Kentucky,49581,South,OFF-SUPP-9271,Office Supplies,Supplies,"Acme Supply Kit 100 Series, Black",111.44,4,0,16.72
2154,US-2016-001016,2016-12-23,2016-12-25,First Class,thomas-1608,Thomas Green,Corporate,United States,Louisville,Kentucky,48325,South,TEC-MACH-4026,Technology,Machines,"Epson Printer Pro, Black",8626.34,14,0.1,-733.24
2155,US-2016-001016,2016-12-23,2016-12-25,First Class,thomas-1608,Thomas Green,Corporate,United States,Louisville,Kentucky,53822,South,TEC-MACH-1925,Technology,Machines,"Panasonic Printer, Black",1351.48,2,0,67.57
2156,US-2017-001017,2017-10-16,2017-10-21,Standard Class,sarah-1665,Sarah Johnson,Consumer,United States,Hartford,Connecticut,63994,East,OFF-ART-1989,Office Supplies,Art,"BIC Sketch Book Classic, Multicolor",64.48,3,0.1,24.95
2157,US-2017-001018,2017-02-24,2017-03-01,Standard Class,sandra-1440,Sandra Johnson,Home Office,United States,New Orleans,Louisiana,10153,South,OFF-STOR-7715,Office Supplies,Storage,"Deflect-O Storage Bin 100 Series, Black",358.08,4,0,71.62
2158,US-2017-001019,2017-06-22,2017-06-27,Standard Class,linda-1483,Linda Wright,Consumer,United States,Los Angeles,California,66970,West,TEC-MACH-9646,Technology,Machines,"Zebra Printer, Gray",890.06,2,0.2,-195.81
2159,US-2017-001019,2017-06-22,2017-06-27,Standard Class,linda-1483,Linda Wright,Consumer,United States,Los Angeles,California,45778,West,OFF-ENVE-9170,Office Supplies,Envelopes,"Columbian Envelope, Gray",32.64,4,0,14.69
2160,US-2017-001019,2017-06-22,2017-06-27,Standard Class,linda-1483,Linda Wright,Consumer,United States,Los Angeles,California,63657,West,TEC-PHON-8130,Technology,Phones,"Panasonic Phone 200 Series, Black",192.43,1,0,65.43
2161,US-2017-001020,2017-10-18,2017-10-20,First Class,mary-1419,Mary Lopez,Corporate,United States,Portland,Oregon,88392,West,OFF-FAST-6188,Office Supplies,Fasteners,"Staples Fastener Steel, Black",13.3,2,0,5.98
2162,US-2017-001020,2017-10-18,2017-10-20,First Class,mary-1419,Mary Lopez,Corporate,United States,Portland,Oregon,15290,West,TEC-PHON-8319,Technology,Phones,"Samsung Phone 100 Series, White",577.18,2,0,196.24
2163,US-2017-001020,2017-10-18,2017-10-20,First Class,mary-1419,Mary Lopez,Corporate,United States,Portland,Oregon,17648,West,OFF-BIND-3168,Office Supplies,Binders,"Cardinal Binder Pro, White",18.98,2,0.7,-14.31
2164,US-2015-001021,2015-06-09,2015-06-14,Standard Class,christopher-1380,Christopher Lewis,Consumer,United States,Oklahoma City,Oklahoma,29221,Central,FUR-CHAI-1642,Furniture,Chairs,"Office Star Chair Eco, White",407.47,1,0,81.49
2165,US-2015-001021,2015-06-09,2015-06-14,Standard Class,christopher-1380,Christopher Lewis,Consumer,United States,Oklahoma City,Oklahoma,85335,Central,OFF-APPL-7548,Office Supplies,Appliances,"Honeywell Appliance Classic, White",134.64,1,0.2,13.46
2166,US-2016-001022,2016-09-14,2016-09-19,Standard Class,jennifer-1737,Jennifer Jackson,Consumer,United States,Portland,Oregon,43800,West,TEC-ACCE-4180,Technology,Accessories,"Verbatim Headset Deluxe, Black",180.2,2,0,68.48
2167,US-2016-001022,2016-09-14,2016-09-19,Standard Class,jennifer-1737,Jennifer Jackson,Consumer,United States,Portland,Oregon,38720,West,OFF-APPL-7557,Office Supplies,Appliances,"Holmes Appliance Pro, Black",714.1,9,0.4,-57.13
2168,US-2016-001022,2016-09-14,2016-09-19,Standard Class,jennifer-1737,Jennifer Jackson,Consumer,United States,Portland,Oregon,71806,West,TEC-MACH-6521,Technology,Machines,"Epson Printer 200 Series, White",420.85,1,0.3,-149.4
2169,US-2016-001022,2016-09-14,2016-09-19,Standard Class,jennifer-1737,Jennifer Jackson,Consumer,United States,Portland,Oregon,35047,West,FUR-CHAI-3335,Furniture,Chairs,"HON Chair Eco, White",2391.27,7,0,478.25
2170,US-2015-001023,2015-03-30,2015-04-04,Standard Class,richard-1408,Richard Harris,Consumer,United States,Las Vegas,Nevada,94112,West,FUR-BOOK-4590,Furniture,Bookcases,"Tennsco Bookcase Classic, Black",542.11,3,0.3,-129.02
2171,US-2015-001023,2015-03-30,2015-04-04,Standard Class,richard-1408,Richard Harris,Consumer,United States,Las Vegas,Nevada,56733,West,OFF-STOR-7897,Office Supplies,Storage,"Fellowes Storage Bin Classic, White",124.09,1,0,24.82
2172,US-2017-001024,2017-01-11,2017-01-16,Standard Class,william-1501,William Smith,Consumer,United States,Boise,Idaho,35981,West,TEC-ACCE-6295,Technology,Accessories,"SanDisk Headset, Black",70.26,1,0.3,9.63
2173,US-2017-001024,2017-01-11,2017-01-16,Standard Class,william-1501,William Smith,Consumer,United States,Boise,Idaho,84995,West,TEC-ACCE-4345,Technology,Accessories,"Verbatim Headset Pro, Black",683.64,10,0.1,204.41
2174,US-2016-001025,2016-06-10,2016-06-15,Standard Class,steven-1216,Steven Walker,Home Office,United States,Tampa,Florida,26747,South,TEC-PHON-6659,Technology,Phones,"Panasonic Phone Steel, Gray",549.55,3,0.2,87.93
2175,US-2015-001026,2015-10-01,2015-10-04,Second Class,linda-1444,Linda Harris,Consumer,United States,Washington,District of Columbia,79717,East,OFF-SUPP-5876,Office Supplies,Supplies,"Harbour Creations Supply Kit Deluxe, Black",104.04,2,0.1,6.24
2176,US-2015-001026,2015-10-01,2015-10-04,Second Class,linda-1444,Linda Harris,Consumer,United States,Washington,District of Columbia,53903,East,TEC-ACCE-6871,Technology,Accessories,"Belkin Headset 200 Series, White",294.08,4,0,111.75
2177,US-2015-001026,2015-10-01,2015-10-04,Second Class,linda-1444,Linda Harris,Consumer,United States,Washington,District of Columbia,62487,East,OFF-ART-8695,Office Supplies,Art,"Sanford Sketch Book 200 Series, Multicolor",44.03,2,0.1,17.04
2178,US-2017-001027,2017-12-15,2017-12-17,First Class,mark-1618,Mark Lopez,Corporate,United States,Memphis,Tennessee,95580,South,OFF-BIND-6249,Office Supplies,Binders,"Samsung Binder Pro, White",25.98,1,0.2,1.45
2179,US-2015-001028,2015-11-21,2015-11-26,Standard Class,mark-1059,Mark Green,Corporate,United States,Indianapolis,Indiana,31987,Central,FUR-FURN-8663,Furniture,Furnishings,"Eldon Furnishing 200 Series, Multicolor",478.63,9,0.1,143.11
2180,US-2015-001029,2015-10-28,2015-11-02,Standard Class,elizabeth-1472,Elizabeth Harris,Consumer,United States,Newark,New Jersey,10667,East,OFF-LABE-5389,Office Supplies,Labels,"Novimex Label Classic, Gray",12.38,1,0.1,4.68
2181,US-2015-001029,2015-10-28,2015-11-02,Standard Class,elizabeth-1472,Elizabeth Harris,Consumer,United States,Newark,New Jersey,67982,East,FUR-TABL-1546,Furniture,Tables,"Chromcraft Table 100 Series, White",514.82,2,0,-66.93
2182,US-2015-001029,2015-10-28,2015-11-02,Standard Class,elizabeth-1472,Elizabeth Harris,Consumer,United States,Newark,New Jersey,83089,East,OFF-BIND-6071,Office Supplies,Binders,"Wilson Jones Binder Steel, Black",121.28,4,0.2,6.79
2183,US-2015-001030,2015-11-06,2015-11-06,Same Day,karen-1286,Karen Wright,Consumer,United States,Jacksonville,Florida,57940,South,FUR-BOOK-9120,Furniture,Bookcases,"Harbour Creations Bookcase Deluxe, Black",501.07,2,0.1,7.01
2184,US-2015-001030,2015-11-06,2015-11-06,Same Day,karen-1286,Karen Wright,Consumer,United States,Jacksonville,Florida,85321,South,FUR-TABL-6735,Furniture,Tables,"Bevis Table Eco, Gray",1551.88,4,0,-201.74
2185,US-2015-001030,2015-11-06,2015-11-06,Same Day,karen-1286,Karen Wright,Consumer,United States,Jacksonville,Florida,52675,South,OFF-LABE-4496,Office Supplies,Labels,"Smead Label Classic, Gray",20.19,2,0.2,6.18
2186,US-2014-001031,2014-04-16,2014-04-21,Standard Class,john-1447,John Harris,Consumer,United States,Portland,Oregon,68335,West,OFF-LABE-2483,Office Supplies,Labels,"Harbour Creations Label Classic, Gray",13.16,2,0,5.92
2187,US-2014-001031,2014-04-16,2014-04-21,Standard Class,john-1447,John Harris,Consumer,United States,Portland,Oregon,61783,West,OFF-FAST-6812,Office Supplies,Fasteners,"Advantus Fastener Eco, Black",31.25,5,0,14.06
2188,US-2014-001032,2014-12-18,2014-12-23,Standard Class,william-1584,William Davis,Consumer,United States,Salt Lake City,Utah,42917,West,OFF-ART-5885,Office Supplies,Art,"Sanford Sketch Book Deluxe, Multicolor",108.3,5,0,48.73
2189,US-2014-001032,2014-12-18,2014-12-23,Standard Class,william-1584,William Davis,Consumer,United States,Salt Lake City,Utah,69228,West,TEC-PHON-3896,Technology,Phones,"Cisco Phone Pro, White",231.68,1,0,78.77
2190,US-2014-001032,2014-12-18,2014-12-23,Standard Class,william-1584,William Davis,Consumer,United States,Salt Lake City,Utah,91514,West,FUR-FURN-4433,Furniture,Furnishings,"Eldon Furnishing, Multicolor",73.1,1,0,27.78
2191,US-2015-001033,2015-06-15,2015-06-18,Second Class,sandra-1440,Sandra Johnson,Home Office,United States,Washington,District of Columbia,99205,East,TEC-ACCE-3906,Technology,Accessories,"Logitech Headset 200 Series, Black",109.76,1,0.1,32.82
2192,US-2015-001033,2015-06-15,2015-06-18,Second Class,sandra-1440,Sandra Johnson,Home Office,United States,Washington,District of Columbia,93733,East,OFF-SUPP-7697,Office Supplies,Supplies,"Elite Supply Kit Pro, Gray",159.52,4,0.1,9.57
2193,US-2015-001033,2015-06-15,2015-06-18,Second Class,sandra-1440,Sandra Johnson,Home Office,United States,Washington,District of Columbia,64524,East,FUR-CHAI-3009,Furniture,Chairs,"HON Chair Eco, Black",703.27,3,0.3,-106.19
2194,US-2016-001034,2016-06-07,2016-06-12,Standard Class,matthew-1000,Matthew Brown,Consumer,United States,New York City,New York,56376,East,TEC-MACH-2735,Technology,Machines,"Epson Printer, Gray",523.98,1,0.3,-186.01
2195,US-2016-001034,2016-06-07,2016-06-12,Standard Class,matthew-1000,Matthew Brown,Consumer,United States,New York City,New York,85812,East,TEC-COPI-7140,Technology,Copiers,"Canon Copier 100 Series, White",7170.48,8,0.1,2423.62
2196,US-2016-001034,2016-06-07,2016-06-12,Standard Class,matthew-1000,Matthew Brown,Consumer,United States,New York City,New York,22438,East,FUR-TABL-7122,Furniture,Tables,"BPI Table Steel, Black",346.98,1,0,-45.11
2197,US-2016-001035,2016-12-05,2016-12-08,Second Class,matthew-1007,Matthew Lewis,Corporate,United States,Sioux Falls,South Dakota,57926,Central,OFF-APPL-3669,Office Supplies,Appliances,"Kitchex Appliance Deluxe, Gray",1070.2,6,0.3,10.7
2198,US-2016-001035,2016-12-05,2016-12-08,Second Class,matthew-1007,Matthew Lewis,Corporate,United States,Sioux Falls,South Dakota,28416,Central,FUR-BOOK-7923,Furniture,Bookcases,"Lesro Bookcase 100 Series, Black",1468.1,10,0,205.53
2199,US-2014-001036,2014-07-27,2014-07-27,Same Day,david-1590,David Miller,Consumer,United States,Portland,Oregon,82833,West,OFF-FAST-4493,Office Supplies,Fasteners,"OIC Fastener, Black",33.15,3,0,14.92
2200,US-2015-001037,2015-10-25,2015-10-30,Standard Class,robert-1459,Robert Jones,Corporate,United States,Nashville,Tennessee,60900,South,OFF-ART-1537,Office Supplies,Art,"BIC Sketch Book 200 Series, Multicolor",35.73,3,0.4,7.07
2201,US-2017-001038,2017-10-29,2017-11-03,Standard Class,mary-1502,Mary Jones,Corporate,United States,Billings,Montana,40150,West,TEC-ACCE-9880,Technology,Accessories,"Logitech Headset 100 Series, Black",79.34,1,0.2,17.3
2202,US-2016-001039,2016-10-03,2016-10-08,Standard Class,james-1060,James White,Consumer,United States,Virginia Beach,Virginia,47289,South,TEC-PHON-1975,Technology,Phones,"Cisco Phone 200 Series, Black",135.47,1,0,46.06
2203,US-2016-001039,2016-10-03,2016-10-08,Standard Class,james-1060,James White,Consumer,United States,Virginia Beach,Virginia,93004,South,OFF-PAPE-9272,Office Supplies,Paper,"Mead Copy Paper Steel, Gray",90.52,5,0.2,23.35
2204,US-2016-001039,2016-10-03,2016-10-08,Standard Class,james-1060,James White,Consumer,United States,Virginia Beach,Virginia,31402,South,FUR-TABL-9971,Furniture,Tables,"Chromcraft Table Steel, Black",300.25,1,0,-39.03
2205,US-2014-001040,2014-08-27,2014-09-01,Standard Class,andrew-1050,Andrew Lee,Corporate,United States,Jersey City,New Jersey,19880,East,OFF-FAST-5147,Office Supplies,Fasteners,"OIC Fastener, Black",38.3,5,0.1,14.48
2206,US-2014-001041,2014-09-21,2014-09-26,Standard Class,lisa-1565,Lisa Johnson,Consumer,United States,Boulder,Colorado,53571,West,OFF-FAST-1488,Office Supplies,Fasteners,"Harbour Creations Fastener Pro, White",19.57,3,0.3,4.58
2207,US-2015-001042,2015-10-13,2015-10-18,Standard Class,nancy-1570,Nancy Lewis,Consumer,United States,Tucson,Arizona,95268,West,OFF-FAST-2280,Office Supplies,Fasteners,"Advantus Fastener Eco, Black",24.3,3,0,10.93
2208,US-2015-001043,2015-09-08,2015-09-13,Standard Class,john-1642,John Garcia,Consumer,United States,Sioux Falls,South Dakota,47447,Central,FUR-FURN-4198,Furniture,Furnishings,"Sauder Furnishing Pro, Multicolor",59.32,1,0,22.54
2209,US-2015-001043,2015-09-08,2015-09-13,Standard Class,john-1642,John Garcia,Consumer,United States,Sioux Falls,South Dakota,11878,Central,TEC-MACH-3022,Technology,Machines,"Epson Printer Steel, Black",552.55,1,0,27.63
2210,US-2015-001043,2015-09-08,2015-09-13,Standard Class,john-1642,John Garcia,Consumer,United States,Sioux Falls,South Dakota,80798,Central,OFF-APPL-8307,Office Supplies,Appliances,"GE Appliance 200 Series, White",385.44,4,0,107.92
2211,US-2016-001044,2016-01-03,2016-01-08,Standard Class,betty-1194,Betty Miller,Consumer,United States,Minneapolis,Minnesota,48713,Central,TEC-ACCE-3046,Technology,Accessories,"Kensington Headset, Black",175.46,2,0.3,24.04
2212,US-2016-001044,2016-01-03,2016-01-08,Standard Class,betty-1194,Betty Miller,Consumer,United States,Minneapolis,Minnesota,29336,Central,FUR-CHAI-6962,Furniture,Chairs,"Global Value Chair 100 Series, White",221.27,1,0,44.25
2213,US-2016-001044,2016-01-03,2016-01-08,Standard Class,betty-1194,Betty Miller,Consumer,United States,Minneapolis,Minnesota,52078,Central,OFF-PAPE-3937,Office Supplies,Paper,"Southworth Copy Paper Eco, White",17.66,1,0,7.42
2214,US-2016-001044,2016-01-03,2016-01-08,Standard Class,betty-1194,Betty Miller,Consumer,United States,Minneapolis,Minnesota,17415,Central,TEC-PHON-7397,Technology,Phones,"Plantronics Phone Eco, White",70.26,1,0.5,-7.73
2215,US-2015-001045,2015-10-12,2015-10-17,Standard Class,betty-1640,Betty Lopez,Home Office,United States,New Orleans,Louisiana,41746,South,OFF-BIND-7086,Office Supplies,Binders,"Avery Binder Eco, White",81.35,3,0.1,17.73
2216,US-2015-001045,2015-10-12,2015-10-17,Standard Class,betty-1640,Betty Lopez,Home Office,United States,New Orleans,Louisiana,43836,South,OFF-APPL-1108,Office Supplies,Appliances,"Holmes Appliance 100 Series, Gray",1083.96,8,0.1,205.95
2217,US-2015-001045,2015-10-12,2015-10-17,Standard Class,betty-1640,Betty Lopez,Home Office,United States,New Orleans,Louisiana,39157,South,OFF-ENVE-2230,Office Supplies,Envelopes,"Ames Envelope Eco, Black",19.78,1,0,8.9
2218,US-2014-001046,2014-05-23,2014-05-28,Standard Class,daniel-1117,Daniel Martin,Consumer,United States,Little Rock,Arkansas,50729,South,TEC-PHON-1253,Technology,Phones,"Apple Phone 100 Series, Gray",342.4,2,0,116.42
2219,US-2017-001047,2017-12-23,2017-12-26,Second Class,sandra-1631,Sandra Clark,Home Office,United States,Little Rock,Arkansas,35615,South,TEC-MACH-6682,Technology,Machines,"Panasonic Printer Eco, White",2045.63,4,0.1,-173.88
2220,US-2017-001047,2017-12-23,2017-12-26,Second Class,sandra-1631,Sandra Clark,Home Office,United States,Little Rock,Arkansas,36556,South,TEC-MACH-6092,Technology,Machines,"Epson Printer Pro, Black",699.85,1,0.1,-59.49
2221,US-2015-001048,2015-09-24,2015-09-29,Standard Class,sandra-1477,Sandra Lewis,Home Office,United States,Fargo,North Dakota,44341,Central,OFF-ENVE-6988,Office Supplies,Envelopes,"Jiffy Envelope Pro, Black",68.2,4,0,30.69
2222,US-2015-001049,2015-12-08,2015-12-13,Standard Class,betty-1045,Betty Taylor,Corporate,United States,Sioux Falls,South Dakota,19471,Central,OFF-LABE-2294,Office Supplies,Labels,"Smead Label Classic, White",54.69,3,0,24.61
2223,US-2015-001049,2015-12-08,2015-12-13,Standard Class,betty-1045,Betty Taylor,Corporate,United States,Sioux Falls,South Dakota,95832,Central,OFF-BIND-4106,Office Supplies,Binders,"GBC Binder Pro, Black",132.2,5,0,50.24
2224,US-2015-001049,2015-12-08,2015-12-13,Standard Class,betty-1045,Betty Taylor,Corporate,United States,Sioux Falls,South Dakota,93306,Central,FUR-CHAI-2346,Furniture,Chairs,"Office Star Chair Eco, Black",2515.8,10,0,503.16
2225,US-2015-001049,2015-12-08,2015-12-13,Standard Class,betty-1045,Betty Taylor,Corporate,United States,Sioux Falls,South Dakota,50094,Central,FUR-TABL-2337,Furniture,Tables,"Bevis Table Steel, Black",536.87,1,0.1,-142.27
2226,US-2015-001050,2015-07-03,2015-07-08,Standard Class,michael-1070,Michael Green,Corporate,United States,Burlington,Vermont,66641,East,OFF-STOR-4981,Office Supplies,Storage,"Iceberg Storage Bin Deluxe, Gray",1113.57,9,0,222.71
2227,US-2015-001051,2015-08-19,2015-08-24,Standard Class,jennifer-1614,Jennifer Johnson,Consumer,United States,Burlington,Vermont,27149,East,OFF-STOR-2127,Office Supplies,Storage,"Carina Storage Bin Steel, Gray",117.81,1,0,23.56
2228,US-2015-001051,2015-08-19,2015-08-24,Standard Class,jennifer-1614,Jennifer Johnson,Consumer,United States,Burlington,Vermont,77499,East,FUR-TABL-9177,Furniture,Tables,"Bretford Table 200 Series, White",513.64,2,0.4,-344.14
2229,US-2015-001051,2015-08-19,2015-08-24,Standard Class,jennifer-1614,Jennifer Johnson,Consumer,United States,Burlington,Vermont,44609,East,OFF-APPL-1737,Office Supplies,Appliances,"GE Appliance Eco, White",169.9,1,0.1,32.28
2230,US-2015-001052,2015-03-24,2015-03-27,Second Class,matthew-1319,Matthew Clark,Consumer,United States,Hartford,Connecticut,60463,East,OFF-LABE-9132,Office Supplies,Labels,"Harbour Creations Label Classic, Black",27.3,2,0,12.28
2231,US-2015-001052,2015-03-24,2015-03-27,Second Class,matthew-1319,Matthew Clark,Consumer,United States,Hartford,Connecticut,82041,East,TEC-ACCE-1205,Technology,Accessories,"SanDisk Headset Steel, Black",786.2,10,0,298.76
2232,US-2017-001053,2017-07-19,2017-07-24,Standard Class,elizabeth-1185,Elizabeth Clark,Consumer,United States,Billings,Montana,67720,West,OFF-BIND-9801,Office Supplies,Binders,"Samsung Binder Steel, Black",69.62,2,0,26.46
2233,US-2017-001053,2017-07-19,2017-07-24,Standard Class,elizabeth-1185,Elizabeth Clark,Consumer,United States,Billings,Montana,66478,West,OFF-APPL-4530,Office Supplies,Appliances,"GE Appliance Eco, White",139.11,1,0.1,26.43
2234,US-2017-001053,2017-07-19,2017-07-24,Standard Class,elizabeth-1185,Elizabeth Clark,Consumer,United States,Billings,Montana,45805,West,OFF-ART-7568,Office Supplies,Art,"Binney & Smith Sketch Book Steel, Multicolor",90.03,3,0,40.51
2235,US-2014-001054,2014-09-06,2014-09-06,Same Day,anthony-1669,Anthony Harris,Consumer,United States,Nashville,Tennessee,44261,South,OFF-FAST-2842,Office Supplies,Fasteners,"Harbour Creations Fastener 100 Series, Gray",114.6,12,0,51.57
2236,US-2014-001054,2014-09-06,2014-09-06,Same Day,anthony-1669,Anthony Harris,Consumer,United States,Nashville,Tennessee,99419,South,OFF-ART-7370,Office Supplies,Art,"Binney & Smith Sketch Book, Multicolor",70.8,4,0,31.86
2237,US-2017-001055,2017-02-22,2017-02-27,Standard Class,kimberly-1385,Kimberly Williams,Consumer,United States,Nashville,Tennessee,19602,South,OFF-PAPE-6921,Office Supplies,Paper,"Mead Copy Paper Pro, Gray",83.55,5,0,35.09
2238,US-2017-001055,2017-02-22,2017-02-27,Standard Class,kimberly-1385,Kimberly Williams,Consumer,United States,Nashville,Tennessee,61627,South,OFF-ENVE-2710,Office Supplies,Envelopes,"Quality Park Envelope Deluxe, Black",60.66,6,0,27.3
2239,US-2015-001056,2015-11-19,2015-11-24,Standard Class,susan-1572,Susan Williams,Consumer,United States,Little Rock,Arkansas,81792,South,FUR-FURN-2195,Furniture,Furnishings,"Tenex Furnishing Eco, Multicolor",203.26,3,0.1,60.77
2240,US-2015-001056,2015-11-19,2015-11-24,Standard Class,susan-1572,Susan Williams,Consumer,United States,Little Rock,Arkansas,74227,South,OFF-LABE-9050,Office Supplies,Labels,"Dax Label Steel, White",50.28,3,0,22.63
2241,US-2015-001056,2015-11-19,2015-11-24,Standard Class,susan-1572,Susan Williams,Consumer,United States,Little Rock,Arkansas,10030,South,OFF-SUPP-1451,Office Supplies,Supplies,"Acme Supply Kit Pro, Black",45.76,1,0,6.86
2242,US-2015-001057,2015-08-27,2015-09-01,Standard Class,robert-1203,Robert Moore,Consumer,United States,Jackson,Mississippi,61614,South,FUR-FURN-2425,Furniture,Furnishings,"Newell Furnishing, Multicolor",61.76,1,0.2,13.46
2243,US-2016-001058,2016-09-29,2016-10-04,Standard Class,anthony-1643,Anthony Hall,Corporate,United States,Boise,Idaho,33791,West,OFF-ENVE-7249,Office Supplies,Envelopes,"Southworth Envelope, Black",95.94,9,0,43.17
2244,US-2016-001058,2016-09-29,2016-10-04,Standard Class,anthony-1643,Anthony Hall,Corporate,United States,Boise,Idaho,33751,West,FUR-CHAI-2936,Furniture,Chairs,"Harbour Creations Chair Steel, Black",390.97,1,0,78.19
2245,US-2016-001058,2016-09-29,2016-10-04,Standard Class,anthony-1643,Anthony Hall,Corporate,United States,Boise,Idaho,44991,West,TEC-ACCE-3841,Technology,Accessories,"SanDisk Headset Deluxe, Black",49.42,2,0.7,-9.24
2246,US-2016-001058,2016-09-29,2016-10-04,Standard Class,anthony-1643,Anthony Hall,Corporate,United States,Boise,Idaho,68187,West,OFF-STOR-2696,Office Supplies,Storage,"Carina Storage Bin Classic, Gray",67.57,1,0.4,-13.24
2247,US-2016-001059,2016-10-14,2016-10-19,Standard Class,ashley-1500,Ashley Young,Consumer,United States,Des Moines,Iowa,86840,Central,OFF-LABE-8643,Office Supplies,Labels,"Novimex Label 100 Series, White",56.8,5,0,25.56
2248,US-2016-001059,2016-10-14,2016-10-19,Standard Class,ashley-1500,Ashley Young,Consumer,United States,Des Moines,Iowa,65064,Central,TEC-ACCE-7656,Technology,Accessories,"Verbatim Headset Pro, Gray",325.89,6,0.1,97.44
2249,US-2016-001059,2016-10-14,2016-10-19,Standard Class,ashley-1500,Ashley Young,Consumer,United States,Des Moines,Iowa,87485,Central,FUR-FURN-8770,Furniture,Furnishings,"Eldon Furnishing Pro, Multicolor",30.71,1,0.5,-0.77
2250,US-2015-001060,2015-08-05,2015-08-10,Standard Class,karen-1713,Karen Wilson,Home Office,United States,Cambridge,Massachusetts,65614,East,FUR-CHAI-4289,Furniture,Chairs,"Global Value Chair Steel, Black",752.72,2,0,150.54
2251,US-2015-001060,2015-08-05,2015-08-10,Standard Class,karen-1713,Karen Wilson,Home Office,United States,Cambridge,Massachusetts,92971,East,OFF-STOR-5322,Office Supplies,Storage,"Carina Storage Bin Steel, Gray",153.19,3,0.3,-14.86
2252,US-2015-001060,2015-08-05,2015-08-10,Standard Class,karen-1713,Karen Wilson,Home Office,United States,Cambridge,Massachusetts,46055,East,OFF-FAST-6715,Office Supplies,Fasteners,"Elite Fastener 100 Series, Black",25.9,3,0.2,7.93
2253,US-2017-001061,2017-02-11,2017-02-16,Standard Class,jennifer-1024,Jennifer Wilson,Consumer,United States,New Orleans,Louisiana,67794,South,FUR-BOOK-9588,Furniture,Bookcases,"Harbour Creations Bookcase Eco, White",180.38,1,0,25.25
2254,US-2017-001062,2017-05-25,2017-05-30,Standard Class,mark-1567,Mark Rodriguez,Consumer,United States,San Antonio,Texas,88753,Central,OFF-BIND-7601,Office Supplies,Binders,"Wilson Jones Binder Pro, White",72.33,3,0,27.49
2255,US-2017-001062,2017-05-25,2017-05-30,Standard Class,mark-1567,Mark Rodriguez,Consumer,United States,San Antonio,Texas,21451,Central,OFF-SUPP-5533,Office Supplies,Supplies,"Elite Supply Kit, White",36.12,1,0.3,-4.33
2256,US-2015-001063,2015-12-17,2015-12-22,Standard Class,sarah-1723,Sarah Rodriguez,Corporate,United States,Nashville,Tennessee,66608,South,OFF-APPL-9462,Office Supplies,Appliances,"GE Appliance Pro, Black",490.52,2,0.1,93.2
2257,US-2016-001064,2016-11-20,2016-11-25,Standard Class,kimberly-1403,Kimberly Moore,Consumer,United States,Little Rock,Arkansas,85441,South,OFF-APPL-8774,Office Supplies,Appliances,"GE Appliance Deluxe, Black",91.36,1,0.5,-15.53
2258,US-2016-001064,2016-11-20,2016-11-25,Standard Class,kimberly-1403,Kimberly Moore,Consumer,United States,Little Rock,Arkansas,73300,South,OFF-LABE-2454,Office Supplies,Labels,"Avery Label, Black",38.1,3,0,17.14
2259,US-2016-001064,2016-11-20,2016-11-25,Standard Class,kimberly-1403,Kimberly Moore,Consumer,United States,Little Rock,Arkansas,93080,South,FUR-TABL-2883,Furniture,Tables,"Chromcraft Table Pro, Black",5093.88,11,0,-662.2
2260,US-2014-001065,2014-03-24,2014-03-29,Standard Class,john-1257,John Jackson,Corporate,United States,Jersey City,New Jersey,94061,East,OFF-FAST-6593,Office Supplies,Fasteners,"Elite Fastener Deluxe, Black",65.35,5,0,29.41
2261,US-2014-001065,2014-03-24,2014-03-29,Standard Class,john-1257,John Jackson,Corporate,United States,Jersey City,New Jersey,53794,East,OFF-ART-4042,Office Supplies,Art,"BIC Sketch Book, Multicolor",96.62,4,0.1,37.39
2262,US-2016-001066,2016-09-21,2016-09-23,First Class,linda-1736,Linda Brown,Consumer,United States,Charleston,South Carolina,49007,South,OFF-APPL-8564,Office Supplies,Appliances,"Holmes Appliance Classic, Black",491.64,3,0.1,93.41
2263,US-2016-001066,2016-09-21,2016-09-23,First Class,linda-1736,Linda Brown,Consumer,United States,Charleston,South Carolina,11535,South,FUR-TABL-9162,Furniture,Tables,"BPI Table Deluxe, Black",1430.08,2,0,-185.91
2264,US-2016-001067,2016-05-04,2016-05-06,First Class,betty-1045,Betty Taylor,Corporate,United States,Reno,Nevada,80497,West,FUR-BOOK-1668,Furniture,Bookcases,"Lesro Bookcase Eco, Black",1942.29,10,0.1,27.19
2265,US-2016-001067,2016-05-04,2016-05-06,First Class,betty-1045,Betty Taylor,Corporate,United States,Reno,Nevada,66736,West,OFF-LABE-9393,Office Supplies,Labels,"Harbour Creations Label Eco, Gray",7.51,1,0,3.38
2266,US-2017-001068,2017-10-14,2017-10-16,First Class,michael-1291,Michael Williams,Consumer,United States,Cheyenne,Wyoming,69204,West,OFF-APPL-9422,Office Supplies,Appliances,"GE Appliance 200 Series, Black",167.75,1,0,46.97
2267,US-2017-001068,2017-10-14,2017-10-16,First Class,michael-1291,Michael Williams,Consumer,United States,Cheyenne,Wyoming,91812,West,TEC-PHON-5199,Technology,Phones,"Samsung Phone Steel, Black",1454.22,9,0,494.43
2268,US-2017-001068,2017-10-14,2017-10-16,First Class,michael-1291,Michael Williams,Consumer,United States,Cheyenne,Wyoming,87022,West,TEC-PHON-5377,Technology,Phones,"Panasonic Phone Eco, Gray",500.58,3,0.4,-10.01
2269,US-2015-001069,2015-04-07,2015-04-12,Standard Class,richard-1190,Richard Lee,Home Office,United States,Las Vegas,Nevada,95063,West,TEC-ACCE-3531,Technology,Accessories,"Logitech Headset Pro, Black",422.73,3,0,160.64
2270,US-2015-001069,2015-04-07,2015-04-12,Standard Class,richard-1190,Richard Lee,Home Office,United States,Las Vegas,Nevada,31645,West,FUR-CHAI-7243,Furniture,Chairs,"Global Value Chair Steel, Black",322.82,1,0.1,26.79
2271,US-2015-001069,2015-04-07,2015-04-12,Standard Class,richard-1190,Richard Lee,Home Office,United States,Las Vegas,Nevada,25380,West,OFF-ENVE-6777,Office Supplies,Envelopes,"Jiffy Envelope Steel, Black",12.7,1,0.1,4.8
2272,US-2017-001070,2017-05-23,2017-05-28,Standard Class,james-1061,James Brown,Home Office,United States,Virginia Beach,Virginia,12883,South,FUR-TABL-4522,Furniture,Tables,"BPI Table Pro, Black",6530.59,11,0,-848.98
2273,US-2015-001071,2015-08-04,2015-08-07,Second Class,thomas-1680,Thomas Williams,Consumer,United States,Sioux Falls,South Dakota,17329,Central,OFF-SUPP-1908,Office Supplies,Supplies,"Novimex Supply Kit 200 Series, Black",318.5,7,0,47.78
2274,US-2015-001071,2015-08-04,2015-08-07,Second Class,thomas-1680,Thomas Williams,Consumer,United States,Sioux Falls,South Dakota,73625,Central,OFF-STOR-8344,Office Supplies,Storage,"Tennsco Storage Bin Eco, Black",179.46,2,0,35.89
2275,US-2015-001071,2015-08-04,2015-08-07,Second Class,thomas-1680,Thomas Williams,Consumer,United States,Sioux Falls,South Dakota,21095,Central,TEC-COPI-5438,Technology,Copiers,"Hewlett-Packard Copier 200 Series, White",2793.3,3,0,1145.25
2276,US-2017-001072,2017-07-27,2017-07-29,First Class,betty-1527,Betty Green,Consumer,United States,Grand Rapids,Michigan,79189,Central,OFF-STOR-4025,Office Supplies,Storage,"Fellowes Storage Bin Pro, White",268.4,2,0,53.68
2277,US-2017-001072,2017-07-27,2017-07-29,First Class,betty-1527,Betty Green,Consumer,United States,Grand Rapids,Michigan,91341,Central,TEC-PHON-6545,Technology,Phones,"Apple Phone Pro, White",2011.9,9,0.2,321.9
2278,US-2017-001072,2017-07-27,2017-07-29,First Class,betty-1527,Betty Green,Consumer,United States,Grand Rapids,Michigan,11953,Central,OFF-PAPE-9221,Office Supplies,Paper,"Wausau Copy Paper Eco, Black",16.74,1,0.2,4.32
2279,US-2016-001073,2016-06-03,2016-06-05,First Class,christopher-1757,Christopher Taylor,Corporate,United States,Cincinnati,Ohio,64130,Central,TEC-PHON-5182,Technology,Phones,"Plantronics Phone 200 Series, Black",1416.12,4,0,481.48
2280,US-2016-001073,2016-06-03,2016-06-05,First Class,christopher-1757,Christopher Taylor,Corporate,United States,Cincinnati,Ohio,18127,Central,OFF-STOR-4446,Office Supplies,Storage,"Tennsco Storage Bin Pro, Black",106.91,1,0,21.38
2281,US-2016-001073,2016-06-03,2016-06-05,First Class,christopher-1757,Christopher Taylor,Corporate,United States,Cincinnati,Ohio,74640,Central,TEC-PHON-8317,Technology,Phones,"Samsung Phone 200 Series, Black",130.55,1,0.1,32.64
2282,US-2017-001074,2017-01-31,2017-02-02,First Class,david-1526,David Wilson,Home Office,United States,Oklahoma City,Oklahoma,53377,Central,OFF-ENVE-1631,Office Supplies,Envelopes,"Quality Park Envelope Classic, Black",15.91,1,0,7.16
2283,US-2017-001074,2017-01-31,2017-02-02,First Class,david-1526,David Wilson,Home Office,United States,Oklahoma City,Oklahoma,23832,Central,OFF-STOR-9968,Office Supplies,Storage,"Carina Storage Bin Eco, Gray",252.99,4,0.2,0.51
2284,US-2017-001074,2017-01-31,2017-02-02,First Class,david-1526,David Wilson,Home Office,United States,Oklahoma City,Oklahoma,25390,Central,TEC-ACCE-4235,Technology,Accessories,"Kensington Headset 200 Series, White",153.03,2,0.3,20.97
2285,US-2014-001075,2014-12-25,2014-12-27,First Class,john-1226,John Davis,Consumer,United States,Baltimore,Maryland,29337,East,TEC-ACCE-1341,Technology,Accessories,"Kensington Headset Eco, Black",127.48,1,0,48.44
2286,US-2014-001075,2014-12-25,2014-12-27,First Class,john-1226,John Davis,Consumer,United States,Baltimore,Maryland,92263,East,TEC-MACH-4233,Technology,Machines,"Panasonic Printer Pro, Gray",2037.45,5,0.5,-1273.41
2287,US-2014-001075,2014-12-25,2014-12-27,First Class,john-1226,John Davis,Consumer,United States,Baltimore,Maryland,41544,East,OFF-BIND-9133,Office Supplies,Binders,"Cardinal Binder 100 Series, Gray",19.7,1,0,7.49
2288,US-2017-001076,2017-05-08,2017-05-10,First Class,elizabeth-1637,Elizabeth Wright,Corporate,United States,Baltimore,Maryland,64345,East,FUR-TABL-4334,Furniture,Tables,"Lesro Table Deluxe, Black",6367.32,10,0.1,-1687.34
2289,US-2017-001076,2017-05-08,2017-05-10,First Class,elizabeth-1637,Elizabeth Wright,Corporate,United States,Baltimore,Maryland,16661,East,TEC-ACCE-6834,Technology,Accessories,"Verbatim Headset, White",500.1,5,0,190.04
2290,US-2017-001076,2017-05-08,2017-05-10,First Class,elizabeth-1637,Elizabeth Wright,Corporate,United States,Baltimore,Maryland,83290,East,OFF-LABE-8760,Office Supplies,Labels,"Dax Label 100 Series, Black",84.1,8,0.1,31.79
2291,US-2015-001077,2015-09-15,2015-09-20,Standard Class,betty-1640,Betty Lopez,Home Office,United States,Albuquerque,New Mexico,81608,West,OFF-SUPP-2123,Office Supplies,Supplies,"Acme Supply Kit Deluxe, White",38.84,2,0.7,-18.64
2292,US-2017-001078,2017-12-08,2017-12-13,Standard Class,christopher-1380,Christopher Lewis,Consumer,United States,Manchester,New Hampshire,34886,East,OFF-STOR-1716,Office Supplies,Storage,"Iceberg Storage Bin 200 Series, Black",83.09,1,0,16.62
2293,US-2017-001079,2017-12-24,2017-12-29,Standard Class,emily-1545,Emily Clark,Home Office,United States,Wilmington,Delaware,11036,East,TEC-COPI-7753,Technology,Copiers,"Ricoh Copier 100 Series, White",840.74,1,0.3,163.1
2294,US-2016-001080,2016-07-13,2016-07-18,Standard Class,lisa-1716,Lisa King,Consumer,United States,Orlando,Florida,46021,South,OFF-SUPP-8876,Office Supplies,Supplies,"Harbour Creations Supply Kit Eco, Black",124.84,4,0,18.73
2295,US-2016-001080,2016-07-13,2016-07-18,Standard Class,lisa-1716,Lisa King,Consumer,United States,Orlando,Florida,87842,South,FUR-BOOK-4180,Furniture,Bookcases,"Tennsco Bookcase Classic, Gray",679.92,4,0,95.19
2296,US-2016-001080,2016-07-13,2016-07-18,Standard Class,lisa-1716,Lisa King,Consumer,United States,Orlando,Florida,84250,South,OFF-PAPE-8772,Office Supplies,Paper,"Mead Copy Paper 100 Series, Black",93.18,6,0,39.14
2297,US-2016-001081,2016-03-07,2016-03-07,Same Day,james-1263,James Green,Consumer,United States,Birmingham,Alabama,11342,South,OFF-PAPE-6358,Office Supplies,Paper,"Southworth Copy Paper 100 Series, Black",30.91,2,0.1,10.48
2298,US-2016-001081,2016-03-07,2016-03-07,Same Day,james-1263,James Green,Consumer,United States,Birmingham,Alabama,64828,South,OFF-APPL-7144,Office Supplies,Appliances,"GE Appliance, Black",1949.3,10,0,545.8
2299,US-2016-001082,2016-12-06,2016-12-11,Standard Class,jennifer-1142,Jennifer Walker,Consumer,United States,Portland,Maine,83138,East,OFF-APPL-9038,Office Supplies,Appliances,"Honeywell Appliance Steel, Black",1430.88,8,0,400.65
2300,US-2016-001082,2016-12-06,2016-12-11,Standard Class,jennifer-1142,Jennifer Walker,Consumer,United States,Portland,Maine,78266,East,OFF-FAST-2053,Office Supplies,Fasteners,"OIC Fastener Steel, Black",12.41,2,0.4,2.01
2301,US-2016-001082,2016-12-06,2016-12-11,Standard Class,jennifer-1142,Jennifer Walker,Consumer,United States,Portland,Maine,98576,East,OFF-PAPE-1843,Office Supplies,Paper,"Georgia Pacific Copy Paper Deluxe, Gray",7.6,1,0.4,0.73
2302,US-2017-001083,2017-05-09,2017-05-14,Standard Class,steven-1471,Steven Moore,Home Office,United States,Indianapolis,Indiana,93775,Central,OFF-STOR-3158,Office Supplies,Storage,"Tennsco Storage Bin 100 Series, Gray",239.58,2,0,47.92
2303,US-2015-001084,2015-11-21,2015-11-23,First Class,linda-1444,Linda Harris,Consumer,United States,Portland,Oregon,69758,West,OFF-ART-5781,Office Supplies,Art,"Binney & Smith Sketch Book, Multicolor",27.74,1,0,12.48
2304,US-2015-001084,2015-11-21,2015-11-23,First Class,linda-1444,Linda Harris,Consumer,United States,Portland,Oregon,84928,West,FUR-TABL-1830,Furniture,Tables,"Bretford Table 200 Series, Black",418.26,1,0.1,-110.84
2305,US-2015-001084,2015-11-21,2015-11-23,First Class,linda-1444,Linda Harris,Consumer,United States,Portland,Oregon,51879,West,TEC-PHON-6575,Technology,Phones,"Panasonic Phone, Black",512.84,3,0.3,35.9
2306,US-2014-001085,2014-06-03,2014-06-05,First Class,ashley-1269,Ashley Brown,Corporate,United States,Boston,Massachusetts,16242,East,TEC-PHON-7729,Technology,Phones,"Cisco Phone Steel, White",1543.75,6,0.1,385.94
2307,US-2014-001085,2014-06-03,2014-06-05,First Class,ashley-1269,Ashley Brown,Corporate,United States,Boston,Massachusetts,20148,East,OFF-FAST-4349,Office Supplies,Fasteners,"Advantus Fastener Deluxe, White",11.28,1,0.1,4.26
2308,US-2014-001085,2014-06-03,2014-06-05,First Class,ashley-1269,Ashley Brown,Corporate,United States,Boston,Massachusetts,55820,East,TEC-MACH-6957,Technology,Machines,"Cubify Printer, Black",1598.16,3,0.1,-135.84
2309,US-2015-001086,2015-10-04,2015-10-09,Standard Class,daniel-1019,Daniel Miller,Corporate,United States,Albuquerque,New Mexico,10818,West,FUR-TABL-4531,Furniture,Tables,"Bevis Table Eco, Black",2716.45,11,0.5,-2186.74
2310,US-2015-001086,2015-10-04,2015-10-09,Standard Class,daniel-1019,Daniel Miller,Corporate,United States,Albuquerque,New Mexico,30073,West,TEC-MACH-3023,Technology,Machines,"Panasonic Printer Pro, Black",1165.68,2,0,58.28
2311,US-2016-001087,2016-03-20,2016-03-25,Standard Class,anthony-1205,Anthony Anderson,Consumer,United States,Des Moines,Iowa,65704,Central,OFF-APPL-5027,Office Supplies,Appliances,"Eldon Appliance Eco, Black",161.21,1,0,45.14
2312,US-2016-001087,2016-03-20,2016-03-25,Standard Class,anthony-1205,Anthony Anderson,Consumer,United States,Des Moines,Iowa,64241,Central,TEC-ACCE-1708,Technology,Accessories,"SanDisk Headset Steel, Black",145.6,1,0,55.33
2313,US-2017-001088,2017-11-25,2017-11-30,Standard Class,kimberly-1022,Kimberly Brown,Consumer,United States,Jackson,Mississippi,28871,South,OFF-PAPE-8485,Office Supplies,Paper,"Southworth Copy Paper Steel, Gray",26.62,3,0.2,6.87
2314,US-2016-001089,2016-03-19,2016-03-21,First Class,matthew-1007,Matthew Lewis,Corporate,United States,San Diego,California,19964,West,TEC-ACCE-1682,Technology,Accessories,"Verbatim Headset Classic, Black",132.33,1,0,50.29
2315,US-2016-001089,2016-03-19,2016-03-21,First Class,matthew-1007,Matthew Lewis,Corporate,United States,San Diego,California,33623,West,FUR-FURN-9561,Furniture,Furnishings,"Howard Miller Furnishing 100 Series, Multicolor",42.25,1,0.1,12.63
2316,US-2016-001089,2016-03-19,2016-03-21,First Class,matthew-1007,Matthew Lewis,Corporate,United States,San Diego,California,45736,West,OFF-ENVE-4762,Office Supplies,Envelopes,"Jiffy Envelope Deluxe, Gray",12.72,1,0.3,2.98
